chrom,Bin_Center,mean_density,sd_density,n_datasets,se_density
ChrXVI,-558000.0,0.0,0.0,31,0.0
ChrXVI,-557000.0,0.0,0.0,35,0.0
ChrXVI,-556000.0,0.13874285714285714,0.04641522497245593,35,0.007845604973930484
ChrXVI,-555000.0,0.17525714285714286,0.05727094677528751,35,0.009680556867892931
ChrXVI,-554000.0,0.18037142857142857,0.06158642216396389,35,0.010410005345076141
ChrXVI,-553000.0,0.2949428571428572,0.08940027071190189,35,0.015111403833209013
ChrXVI,-552000.0,0.16031428571428571,0.057357378841462275,35,0.009695166553587447
ChrXVI,-551000.0,0.18402857142857143,0.06527835679263241,35,0.011034056196995887
ChrXVI,-550000.0,0.2730571428571429,0.09008197014129862,35,0.015226632067849145
ChrXVI,-549000.0,0.16854285714285713,0.05885592721270499,35,0.0099484674599619
ChrXVI,-548000.0,0.08345714285714285,0.0342682693714504,35,0.005792394732292843
ChrXVI,-547000.0,0.10254285714285714,0.041353101354029524,35,0.0069899499111155255
ChrXVI,-546000.0,0.08288571428571428,0.030489893627977428,35,0.005153732665181003
ChrXVI,-545000.0,0.14828571428571427,0.05967291800186365,35,0.01008656410826819
ChrXVI,-544000.0,0.11048571428571428,0.04419101015083566,35,0.007469644049945964
ChrXVI,-543000.0,0.07054285714285714,0.030093328220078028,35,0.0050867008768281366
ChrXVI,-542000.0,0.09545714285714287,0.035534029139555175,35,0.006006347182988429
ChrXVI,-541000.0,0.07728571428571429,0.03266728119241332,35,0.005521778338036193
ChrXVI,-540000.0,0.06288571428571428,0.023721139031985576,35,0.004009604315977859
ChrXVI,-539000.0,0.09782857142857143,0.04504996292633176,35,0.007614833568510244
ChrXVI,-538000.0,0.06894285714285714,0.029019205463180514,35,0.0049051409932096045
ChrXVI,-537000.0,0.06162857142857143,0.02688328336289576,35,0.004544104263044739
ChrXVI,-536000.0,0.07948571428571428,0.03772841917501153,35,0.00637726679798839
ChrXVI,-535000.0,0.037514285714285715,0.014711682889641763,35,0.0024867282776794906
ChrXVI,-534000.0,0.119,0.050210146619278175,35,0.008487063809165118
ChrXVI,-533000.0,0.11439999999999999,0.04506935831386475,35,0.007618111987369367
ChrXVI,-532000.0,0.04888571428571429,0.02515571672669283,35,0.0042520922044619516
ChrXVI,-531000.0,0.06131428571428571,0.028216360949103344,35,0.004769435501818051
ChrXVI,-530000.0,0.06837142857142857,0.026655852148853028,35,0.004505661371403482
ChrXVI,-529000.0,0.014685714285714286,0.008854282541670503,35,0.0014966469125322498
ChrXVI,-528000.0,0.04768571428571429,0.01968841317743454,35,0.0033279492331523587
ChrXVI,-527000.0,0.06342857142857143,0.02772054421234495,35,0.004685627176890658
ChrXVI,-526000.0,0.10928571428571429,0.044735544118329716,35,0.0075616870898403245
ChrXVI,-525000.0,0.047971428571428575,0.019527485477542423,35,0.0033007474870988597
ChrXVI,-524000.0,0.03648571428571428,0.015137354319639853,35,0.002558679881715342
ChrXVI,-523000.0,0.07605714285714285,0.02892174315097131,35,0.004888666855641747
ChrXVI,-522000.0,0.032542857142857144,0.015658755974069658,35,0.0026468128470481093
ChrXVI,-521000.0,0.08937142857142857,0.03593792500662097,35,0.006074618045092014
ChrXVI,-520000.0,0.008857142857142857,0.003590369939507768,35,0.0006068832860848713
ChrXVI,-519000.0,0.008914285714285715,0.0039880072317728145,35,0.0006740962559641776
ChrXVI,-518000.0,0.05720000000000001,0.021815806466062758,35,0.0036875443310253647
ChrXVI,-517000.0,0.04288571428571429,0.015738247582713583,35,0.0026602493813002353
ChrXVI,-516000.0,0.06391428571428572,0.026404513237848773,35,0.004463177341400666
ChrXVI,-515000.0,0.08351428571428572,0.03372760383579305,35,0.0057010055767236665
ChrXVI,-514000.0,0.05637142857142857,0.01948013424625459,35,0.00329274366818095
ChrXVI,-513000.0,0.06611428571428572,0.028719507029780537,35,0.004854482711984912
ChrXVI,-512000.0,0.06731428571428572,0.030594858688205454,35,0.005171474998630912
ChrXVI,-511000.0,0.06485714285714286,0.03256409323268847,35,0.00550433638939655
ChrXVI,-510000.0,0.07442857142857143,0.02393531198175335,35,0.004045806151926657
ChrXVI,-509000.0,0.11797142857142856,0.05130673944624664,35,0.008672421827848553
ChrXVI,-508000.0,0.04008571428571429,0.011356188850582049,35,0.0019195462649139923
ChrXVI,-507000.0,0.07454285714285715,0.02717735092611759,35,0.004593810753491654
ChrXVI,-506000.0,0.024028571428571427,0.009880121796956203,35,0.0016700453947866983
ChrXVI,-505000.0,0.036828571428571426,0.017018131704822626,35,0.0028765892835722214
ChrXVI,-504000.0,0.05537142857142857,0.02284356739715957,35,0.003861267635777407
ChrXVI,-503000.0,0.07477142857142857,0.03260014950731299,35,0.005510431012178266
ChrXVI,-502000.0,0.07394285714285714,0.031217399802356504,35,0.0052767036529045505
ChrXVI,-501000.0,0.08071428571428572,0.03409982872871551,35,0.005763923067117523
ChrXVI,-500000.0,0.0962,0.04569064777520282,35,0.007723129073702938
ChrXVI,-499000.0,0.41794285714285717,0.12274769504416555,35,0.020748147344938992
ChrXVI,-498000.0,0.2572857142857143,0.07814036067479181,35,0.013208131658064231
ChrXVI,-497000.0,0.2016,0.06246608491578357,35,0.010558695488561459
ChrXVI,-496000.0,0.2026857142857143,0.06302369835721995,35,0.010652949363066213
ChrXVI,-495000.0,0.1748857142857143,0.05515687330033227,35,0.009323213229459507
ChrXVI,-494000.0,0.19799999999999998,0.06878440315687169,35,0.011626686197398343
ChrXVI,-493000.0,0.08254285714285714,0.032057249209667946,35,0.005418664112888647
ChrXVI,-492000.0,0.04988571428571428,0.0227334573708799,35,0.0038426556443377003
ChrXVI,-491000.0,0.04074285714285714,0.015787826392029837,35,0.0026686297296278365
ChrXVI,-490000.0,0.012028571428571428,0.007097993561918891,35,0.0011997798917782738
ChrXVI,-489000.0,0.0834,0.04131172743337432,35,0.006982956442100218
ChrXVI,-488000.0,0.03545714285714286,0.0128940087709321,35,0.0021794852746520148
ChrXVI,-487000.0,0.06291428571428571,0.02196571048190315,35,0.003712882734383044
ChrXVI,-486000.0,0.026285714285714287,0.012839670667783612,35,0.002170300458838051
ChrXVI,-485000.0,0.05885714285714286,0.03184072757920443,35,0.005382065277443248
ChrXVI,-484000.0,0.062028571428571426,0.02449067735508604,35,0.00413968003356686
ChrXVI,-483000.0,0.08042857142857143,0.031726112565005425,35,0.005362691804062038
ChrXVI,-482000.0,0.05285714285714286,0.021691883623282934,35,0.0036665975474586806
ChrXVI,-481000.0,0.17351428571428573,0.06277146758565663,35,0.010610314581114175
ChrXVI,-480000.0,0.06811428571428571,0.0352685257356049,35,0.005961468916689733
ChrXVI,-479000.0,0.07128571428571429,0.02806040902449301,35,0.004743074815294546
ChrXVI,-478000.0,0.042057142857142855,0.016846963170471612,35,0.00284765652055574
ChrXVI,-477000.0,0.05877142857142857,0.025319239039635812,35,0.004279732520167313
ChrXVI,-476000.0,0.045714285714285714,0.020570640741216634,35,0.003477072908986201
ChrXVI,-475000.0,0.031171428571428572,0.014898649197130577,35,0.002518331351732501
ChrXVI,-474000.0,0.0825142857142857,0.028515600919467216,35,0.004820016288645624
ChrXVI,-473000.0,0.06674285714285715,0.02810939015926974,35,0.004751354138186143
ChrXVI,-472000.0,0.07585714285714285,0.03321334145219611,35,0.005614079368414909
ChrXVI,-471000.0,0.06257142857142857,0.02487650168601795,35,0.004204896248539838
ChrXVI,-470000.0,0.07291428571428571,0.026540060096314145,35,0.004486088942230085
ChrXVI,-469000.0,0.06245714285714286,0.024131189065487137,35,0.004078915422070942
ChrXVI,-468000.0,0.093,0.03444774388582697,35,0.005822731462180981
ChrXVI,-467000.0,0.006257142857142857,0.0033811141319259313,35,0.0005715125988639832
ChrXVI,-466000.0,0.018742857142857144,0.010193258605980887,35,0.0017229751760785628
ChrXVI,-465000.0,0.019457142857142857,0.007562845936250597,35,0.0012783542841756927
ChrXVI,-464000.0,0.01502857142857143,0.005181901276591067,35,0.0008759011822988144
ChrXVI,-463000.0,0.0074,0.0024518900272814752,35,0.00041444505773667145
ChrXVI,-462000.0,0.014085714285714285,0.005596067046288369,35,0.0009459079747833314
ChrXVI,-461000.0,0.029485714285714285,0.01320733180643911,35,0.0022324465339646554
ChrXVI,-460000.0,0.07068571428571428,0.03576127664895403,35,0.006044759022877409
ChrXVI,-459000.0,0.1052,0.04553137250679954,35,0.007696206639550127
ChrXVI,-458000.0,0.029257142857142857,0.014192671798259457,35,0.0023989993912528814
ChrXVI,-457000.0,0.11765714285714286,0.053867999262436086,35,0.009105353754072091
ChrXVI,-456000.0,0.062085714285714286,0.031123446267452858,35,0.00526082260695043
ChrXVI,-455000.0,0.010828571428571429,0.004508069329062083,35,0.0007620027948135897
ChrXVI,-454000.0,0.047971428571428575,0.017351870070916944,35,0.0029330013635863726
ChrXVI,-453000.0,0.06085714285714285,0.02183513474297096,35,0.0036908114061184726
ChrXVI,-452000.0,0.02394285714285714,0.00858159061473988,35,0.0014505535640771431
ChrXVI,-451000.0,0.028514285714285714,0.009258927102663515,35,0.0015650443270074491
ChrXVI,-450000.0,0.09957142857142857,0.03691268370746559,35,0.006239382337762507
ChrXVI,-449000.0,0.11485714285714287,0.04520160255952858,35,0.007640465344746597
ChrXVI,-448000.0,0.09568571428571429,0.037804272578771884,35,0.00639008836337313
ChrXVI,-447000.0,0.011914285714285714,0.005746464020551751,35,0.0009713297033227301
ChrXVI,-446000.0,0.010142857142857143,0.004615465416228721,35,0.0007801560468156055
ChrXVI,-445000.0,0.008142857142857143,0.0032005776789497853,35,0.0005409963685907063
ChrXVI,-444000.0,0.010228571428571429,0.004796357161097025,35,0.000810732332379748
ChrXVI,-443000.0,0.021971428571428572,0.0069894277906232165,35,0.0011814289270725893
ChrXVI,-442000.0,0.04528571428571428,0.016521948732397353,35,0.0027927190535184084
ChrXVI,-441000.0,0.10077142857142858,0.04604479003183346,35,0.007782990040697047
ChrXVI,-440000.0,0.05051428571428571,0.019650432458302777,35,0.0033215293198779867
ChrXVI,-439000.0,0.1016,0.035903629179169255,35,0.006068820992193963
ChrXVI,-438000.0,0.08828571428571429,0.02959090821079164,35,0.0050017763951263105
ChrXVI,-437000.0,0.011142857142857144,0.004525371984338817,35,0.0007649274773586363
ChrXVI,-436000.0,0.01962857142857143,0.0072764152223052095,35,0.0012299386568605185
ChrXVI,-435000.0,0.04182857142857143,0.020874253370636104,35,0.003528392810094836
ChrXVI,-434000.0,0.03548571428571429,0.014435192756453458,35,0.0024399929151885805
ChrXVI,-433000.0,0.02177142857142857,0.009365411062508034,35,0.0015830434013520364
ChrXVI,-432000.0,0.0308,0.013028927092300064,35,0.0022022906333210076
ChrXVI,-431000.0,0.037200000000000004,0.019999705880190278,35,0.003380567303592349
ChrXVI,-430000.0,0.06605714285714286,0.031325560750009265,35,0.00529498618992539
ChrXVI,-429000.0,0.056914285714285716,0.020435510368806878,35,0.0034542317071491703
ChrXVI,-428000.0,0.12022857142857143,0.043373267528910624,35,0.007331420318707405
ChrXVI,-427000.0,0.12437142857142856,0.05001651827986767,35,0.008454334646187356
ChrXVI,-426000.0,0.15914285714285714,0.06489590889722278,35,0.010969410703792407
ChrXVI,-425000.0,0.057999999999999996,0.017720045146669347,35,0.0029952343099377996
ChrXVI,-424000.0,0.08839999999999999,0.03722522863675687,35,0.006292212073119377
ChrXVI,-423000.0,0.1216857142857143,0.04527417873914668,35,0.007652732958145832
ChrXVI,-422000.0,0.05034285714285714,0.018489970026926452,35,0.003125375367611927
ChrXVI,-421000.0,0.050828571428571424,0.020531877244745,35,0.0034705206821919695
ChrXVI,-420000.0,0.09897142857142857,0.03486316589374026,35,0.005892950597680136
ChrXVI,-419000.0,0.08937142857142857,0.0326145814685663,35,0.005512870458869727
ChrXVI,-418000.0,0.05248571428571428,0.015926986769725947,35,0.002692152126687735
ChrXVI,-417000.0,0.04414285714285714,0.01522795968941739,35,0.0025739949844690896
ChrXVI,-416000.0,0.025371428571428573,0.00917504837071947,35,0.001550866233570701
ChrXVI,-415000.0,0.012085714285714285,0.005643170930537236,35,0.0009538699844207655
ChrXVI,-414000.0,0.0162,0.005640191903285061,35,0.0009533664369093397
ChrXVI,-413000.0,0.048799999999999996,0.017200889169903227,35,0.002907480933411475
ChrXVI,-412000.0,0.02951428571428571,0.015125691872501198,35,0.0025567085683513863
ChrXVI,-411000.0,0.021514285714285715,0.00977804090979443,35,0.0016527905755644515
ChrXVI,-410000.0,0.03174285714285714,0.014057325611984112,35,0.002376121710214504
ChrXVI,-409000.0,0.08822857142857143,0.036327016129051065,35,0.006140386448611791
ChrXVI,-408000.0,0.023799999999999998,0.014678515712748743,35,0.002481122001545797
ChrXVI,-407000.0,0.049171428571428574,0.01988124406434915,35,0.00336054360205615
ChrXVI,-406000.0,0.08897142857142856,0.03458789801470494,35,0.005846421833848778
ChrXVI,-405000.0,0.06631428571428571,0.024093898945304705,35,0.004072612241324638
ChrXVI,-404000.0,0.04808571428571429,0.021824664175802446,35,0.003689041557240094
ChrXVI,-403000.0,0.061142857142857145,0.024168699808226512,35,0.004085255894835784
ChrXVI,-402000.0,0.03017142857142857,0.011615116201301987,35,0.0019633129753393
ChrXVI,-401000.0,0.007342857142857143,0.003849697139675652,35,0.0006507175834026155
ChrXVI,-400000.0,0.04137142857142857,0.017076102521094337,35,0.002886388139976646
ChrXVI,-399000.0,0.014114285714285715,0.008780899821810535,35,0.0014842429689496091
ChrXVI,-398000.0,0.07465714285714285,0.030213887396305678,35,0.005107079096975209
ChrXVI,-397000.0,0.03142857142857143,0.012493023263089716,35,0.002111706353044522
ChrXVI,-396000.0,0.08868571428571428,0.03798975978786251,35,0.006421441424165262
ChrXVI,-395000.0,0.03831428571428571,0.012690365564130156,35,0.002145063290116971
ChrXVI,-394000.0,0.03522857142857143,0.014586629079371275,35,0.0024655903257154678
ChrXVI,-393000.0,0.057228571428571434,0.014354924783718595,35,0.00242642515145352
ChrXVI,-392000.0,0.07548571428571428,0.02904901681901231,35,0.004910180032053698
ChrXVI,-391000.0,0.029885714285714286,0.008730512512991196,35,0.0014757259592630123
ChrXVI,-390000.0,0.06668571428571429,0.027617951779670448,35,0.004668285890695097
ChrXVI,-389000.0,0.04491428571428572,0.01874499372941923,35,0.0031684822410556054
ChrXVI,-388000.0,0.0756,0.025722729706028714,35,0.004347934890856354
ChrXVI,-387000.0,0.06448571428571429,0.027717451954628564,35,0.004685104489937514
ChrXVI,-386000.0,0.07165714285714286,0.026158951743189576,35,0.004421669872998923
ChrXVI,-385000.0,0.04834285714285714,0.022607836820763852,35,0.0038214218958553176
ChrXVI,-384000.0,0.03565714285714286,0.015695527383045554,35,0.002653028349597778
ChrXVI,-383000.0,0.09917142857142858,0.036229242100729586,35,0.006123859621404222
ChrXVI,-382000.0,0.03722857142857142,0.01542169158777893,35,0.002606741652104467
ChrXVI,-381000.0,0.059257142857142855,0.028044442520801172,35,0.004740375983588887
ChrXVI,-380000.0,0.05742857142857142,0.02119279249607074,35,0.003582235749526553
ChrXVI,-379000.0,0.011828571428571428,0.003988850005922496,35,0.0006742387107958533
ChrXVI,-378000.0,0.008514285714285714,0.004500793580819149,35,0.0007607729688968198
ChrXVI,-377000.0,0.05091428571428572,0.02358385717663103,35,0.003986399447147875
ChrXVI,-376000.0,0.027085714285714286,0.010342293034433129,35,0.001748166592340052
ChrXVI,-375000.0,0.08168571428571429,0.02871745874855207,35,0.0048541364892658884
ChrXVI,-374000.0,0.01882857142857143,0.00931313340296984,35,0.0015742068640748456
ChrXVI,-373000.0,0.042685714285714285,0.016914615031997395,35,0.0028590917722775043
ChrXVI,-372000.0,0.04417142857142857,0.019231539221818313,35,0.0032507234396596182
ChrXVI,-371000.0,0.034942857142857144,0.016958327569356,35,0.002866480539664225
ChrXVI,-370000.0,0.0138,0.005449230922530154,35,0.0009210881398349118
ChrXVI,-369000.0,0.017971428571428572,0.007302238634530525,35,0.0012343036102032852
ChrXVI,-368000.0,0.06574285714285714,0.026813454543154546,35,0.004532301038223347
ChrXVI,-367000.0,0.09485714285714285,0.037781214486398214,35,0.006386190834398024
ChrXVI,-366000.0,0.04711428571428571,0.016307290734283147,35,0.0027564352294348637
ChrXVI,-365000.0,0.07214285714285713,0.029680794797847528,35,0.005016970001424972
ChrXVI,-364000.0,0.013428571428571429,0.006395245082392507,35,0.00108099371828313
ChrXVI,-363000.0,0.08342857142857142,0.03628424201340569,35,0.006133156303445803
ChrXVI,-362000.0,0.04814285714285715,0.024697157322897158,35,0.004174581518229215
ChrXVI,-361000.0,0.07505714285714285,0.026486337051773844,35,0.004477008090296043
ChrXVI,-360000.0,0.11545714285714287,0.05196228431850006,35,0.00878322913543864
ChrXVI,-359000.0,0.031057142857142856,0.012002310701897112,35,0.0020287607912563904
ChrXVI,-358000.0,0.020457142857142858,0.012020430786894494,35,0.0020318236446427063
ChrXVI,-357000.0,0.08508571428571428,0.03550175756094289,35,0.006000892290594233
ChrXVI,-356000.0,0.06842857142857144,0.025397181078274985,35,0.004292907129282935
ChrXVI,-355000.0,0.020485714285714284,0.01067259114183019,35,0.0018039971624991325
ChrXVI,-354000.0,0.06545714285714285,0.02298636790020767,35,0.0038854053263231015
ChrXVI,-353000.0,0.10517142857142857,0.04517969723246059,35,0.007636762668672051
ChrXVI,-352000.0,0.030199999999999998,0.014690533166154396,35,0.0024831533219211548
ChrXVI,-351000.0,0.06051428571428571,0.029041928542116104,35,0.004908981894578194
ChrXVI,-350000.0,0.025257142857142856,0.011312000023771885,35,0.0019120769899159777
ChrXVI,-349000.0,0.044257142857142856,0.015541865390999013,35,0.002627054732324139
ChrXVI,-348000.0,0.10225714285714287,0.038535196178789796,35,0.006513637001460454
ChrXVI,-347000.0,0.04034285714285714,0.012247311486830986,35,0.0020701734824161286
ChrXVI,-346000.0,0.059457142857142854,0.027213040620848172,35,0.004599843412961957
ChrXVI,-345000.0,0.04285714285714286,0.02235165852135949,35,0.0037781198599131753
ChrXVI,-344000.0,0.08151428571428572,0.03116027960737971,35,0.005267048577741439
ChrXVI,-343000.0,0.04574285714285714,0.019465418593197607,35,0.003290256268822507
ChrXVI,-342000.0,0.11885714285714286,0.050594200351855516,35,0.00855198073839154
ChrXVI,-341000.0,0.1614,0.06931097867369847,35,0.011715693705094747
ChrXVI,-340000.0,0.1359142857142857,0.05846938436107417,35,0.009883129792823764
ChrXVI,-339000.0,0.07371428571428572,0.029540173471723146,35,0.0049932006590090545
ChrXVI,-338000.0,0.07108571428571428,0.029509092744810853,35,0.004987947057291059
ChrXVI,-337000.0,0.037085714285714284,0.010330911435707742,35,0.0017462427510223772
ChrXVI,-336000.0,0.023628571428571426,0.00846128106795445,35,0.00143021753900711
ChrXVI,-335000.0,0.006057142857142857,0.002496383939443058,35,0.00042196590157124724
ChrXVI,-334000.0,0.006514285714285715,0.003542775819072056,35,0.0005988384114076106
ChrXVI,-333000.0,0.06334285714285715,0.023215034247789732,35,0.003924056993637544
ChrXVI,-332000.0,0.02145714285714286,0.00985883556285742,35,0.0016664473645235517
ChrXVI,-331000.0,0.025257142857142856,0.014538676323644374,35,0.002457484830609758
ChrXVI,-330000.0,0.06911428571428571,0.03339757954295088,35,0.005645221289671801
ChrXVI,-329000.0,0.10545714285714285,0.04823919742353956,35,0.00815391258943867
ChrXVI,-328000.0,0.15837142857142858,0.06794335257892317,35,0.01148452270251933
ChrXVI,-327000.0,0.05717142857142857,0.02029269024330989,35,0.003430090699804242
ChrXVI,-326000.0,0.008,0.003605551275463989,35,0.0006094494002200439
ChrXVI,-325000.0,0.06594285714285714,0.025719005169149843,35,0.00434730532921834
ChrXVI,-324000.0,0.036771428571428566,0.016785998567233337,35,0.0028373516217928075
ChrXVI,-323000.0,0.02582857142857143,0.012458131562028343,35,0.002105808579123175
ChrXVI,-322000.0,0.02057142857142857,0.008836041548798922,35,0.001493563621985072
ChrXVI,-321000.0,0.03271428571428572,0.010285830998404119,35,0.0017386227663439414
ChrXVI,-320000.0,0.030628571428571432,0.014794843525971579,35,0.0025007849908035055
ChrXVI,-319000.0,0.07045714285714286,0.027955156166663078,35,0.004725283835171085
ChrXVI,-318000.0,0.01842857142857143,0.008161191213101597,35,0.0013794930954811595
ChrXVI,-317000.0,0.05897142857142857,0.023643785048688193,35,0.0039965291063570624
ChrXVI,-316000.0,0.04285714285714286,0.013709470443162012,35,0.002317323455022643
ChrXVI,-315000.0,0.04702857142857143,0.017097446858394684,35,0.0028899959914733954
ChrXVI,-314000.0,0.054857142857142854,0.023698030269527933,35,0.004005698222195341
ChrXVI,-313000.0,0.054285714285714284,0.023871680771515497,35,0.004035050514313448
ChrXVI,-312000.0,0.06365714285714286,0.029487727115194356,35,0.004984335606735991
ChrXVI,-311000.0,0.027514285714285713,0.01065328292005755,35,0.0018007334773426547
ChrXVI,-310000.0,0.05725714285714286,0.01906851864622275,35,0.0032231679330450417
ChrXVI,-309000.0,0.06905714285714286,0.027727606605461405,35,0.004686820939208846
ChrXVI,-308000.0,0.023428571428571427,0.0077166196282695545,35,0.0013043467821907196
ChrXVI,-307000.0,0.009114285714285714,0.0032968026272473775,35,0.0005572613534836545
ChrXVI,-306000.0,0.016142857142857143,0.007825835257593375,35,0.0013228075929518955
ChrXVI,-305000.0,0.0494,0.019152944789709154,35,0.0032374385559206125
ChrXVI,-304000.0,0.0472,0.022087792742492268,35,0.003733518402775798
ChrXVI,-303000.0,0.03388571428571428,0.014197703684609226,35,0.002399849935284445
ChrXVI,-302000.0,0.044885714285714286,0.02114066534176342,35,0.003573424652276608
ChrXVI,-301000.0,0.09142857142857143,0.035526531688042845,35,0.006005079882379376
ChrXVI,-300000.0,0.0882,0.03675419143764823,35,0.006212592254526963
ChrXVI,-299000.0,0.10285714285714286,0.043792386430105606,35,0.007402264343223821
ChrXVI,-298000.0,0.046028571428571426,0.0182925341798967,35,0.0030920026183813027
ChrXVI,-297000.0,0.054857142857142854,0.01734281145730696,35,0.002931470178419488
ChrXVI,-296000.0,0.05411428571428572,0.02559959952417849,35,0.004327122091441112
ChrXVI,-295000.0,0.05522857142857143,0.026999004027693223,35,0.004563664625487456
ChrXVI,-294000.0,0.043314285714285715,0.01801759177707659,35,0.003045528870071563
ChrXVI,-293000.0,0.021942857142857142,0.006808052572647539,35,0.0011507709196376982
ChrXVI,-292000.0,0.04934285714285715,0.017231883678984445,35,0.0029127199616561174
ChrXVI,-291000.0,0.06988571428571429,0.02892055185033181,35,0.0048884654890809206
ChrXVI,-290000.0,0.027314285714285715,0.011245316485414842,35,0.0019008054146834165
ChrXVI,-289000.0,0.04311428571428571,0.010377496662239402,35,0.0017541170915045218
ChrXVI,-288000.0,0.06468571428571428,0.02710738061918955,35,0.004581983612970676
ChrXVI,-287000.0,0.010914285714285715,0.005787265068647704,35,0.0009782263392018654
ChrXVI,-286000.0,0.0154,0.008994115723463805,35,0.0015202830342412167
ChrXVI,-285000.0,0.07034285714285715,0.029681587535970208,35,0.0050171039986244255
ChrXVI,-284000.0,0.03694285714285714,0.01658656943777964,35,0.002803641946337889
ChrXVI,-283000.0,0.08705714285714286,0.03464521260293436,35,0.005856109767468799
ChrXVI,-282000.0,0.026114285714285715,0.009228381505447423,35,0.0015598811787173685
ChrXVI,-281000.0,0.028085714285714287,0.015137354319639853,35,0.002558679881715342
ChrXVI,-280000.0,0.033342857142857146,0.013468793686197165,35,0.002276641657990023
ChrXVI,-279000.0,0.018571428571428572,0.007163164410353005,35,0.0012107957757459455
ChrXVI,-278000.0,0.06588571428571428,0.025998610176169747,35,0.004394567201483594
ChrXVI,-277000.0,0.012428571428571428,0.008143151992302977,35,0.0013764439106391715
ChrXVI,-276000.0,0.10831428571428571,0.04520396353559864,35,0.007640864422540782
ChrXVI,-275000.0,0.05302857142857143,0.02067605280666176,35,0.0034948908001083343
ChrXVI,-274000.0,0.05994285714285714,0.02820298571714251,35,0.004767174674978115
ChrXVI,-273000.0,0.016457142857142854,0.007819067407693224,35,0.0013216636175242002
ChrXVI,-272000.0,0.04154285714285714,0.013914323676030559,35,0.002351949971293392
ChrXVI,-271000.0,0.051371428571428575,0.01523557314562305,35,0.0025752818934501698
ChrXVI,-270000.0,0.0588,0.02334246319982735,35,0.003945596417835582
ChrXVI,-269000.0,0.07871428571428571,0.035546631699924586,35,0.0060084774044917655
ChrXVI,-268000.0,0.043314285714285715,0.017216222562679975,35,0.0029100727498404134
ChrXVI,-267000.0,0.060714285714285714,0.02286864206541277,35,0.0038655060282894267
ChrXVI,-266000.0,0.01817142857142857,0.011025333699860397,35,0.0018636215372477424
ChrXVI,-265000.0,0.06045714285714286,0.02180035463438322,35,0.0036849324947679026
ChrXVI,-264000.0,0.04385714285714285,0.017390231972783655,35,0.002939485708502798
ChrXVI,-263000.0,0.07148571428571428,0.02889470888728025,35,0.004884097231045357
ChrXVI,-262000.0,0.028142857142857143,0.01198318149138459,35,0.002025527364525539
ChrXVI,-261000.0,0.03988571428571428,0.013706527917858164,35,0.0023168260774666044
ChrXVI,-260000.0,0.04462857142857143,0.020545624572536857,35,0.0034728444047068567
ChrXVI,-259000.0,0.12605714285714287,0.053251867052130815,35,0.009001208402269133
ChrXVI,-258000.0,0.0564,0.020612959943857142,35,0.003484226159819869
ChrXVI,-257000.0,0.09485714285714285,0.03957876945531075,35,0.006690033080414986
ChrXVI,-256000.0,0.10514285714285715,0.04000598694691382,35,0.006762246016559542
ChrXVI,-255000.0,0.07377142857142857,0.029174007079515667,35,0.004931307242146506
ChrXVI,-254000.0,0.03868571428571429,0.01697363254228959,35,0.002869067552262891
ChrXVI,-253000.0,0.03668571428571429,0.015244616076757428,35,0.002576810427794857
ChrXVI,-252000.0,0.04945714285714286,0.018674208160459393,35,0.003156517296099648
ChrXVI,-251000.0,0.04057142857142857,0.01804126921693657,35,0.0030495310878793113
ChrXVI,-250000.0,0.011314285714285714,0.0069017109071141305,35,0.0011666020676107433
ChrXVI,-249000.0,0.009914285714285714,0.003822313963244444,35,0.0006460889817888522
ChrXVI,-248000.0,0.029485714285714285,0.01394816333802417,35,0.0023576699181558874
ChrXVI,-247000.0,0.062371428571428564,0.025587319601117816,35,0.004325046405596618
ChrXVI,-246000.0,0.10474285714285714,0.04392730817340558,35,0.007425070280304894
ChrXVI,-245000.0,0.0118,0.005200678688741443,35,0.0008790751442531505
ChrXVI,-244000.0,0.013771428571428572,0.006292318913637831,35,0.001063596020393946
ChrXVI,-243000.0,0.035114285714285716,0.015451577929266696,35,0.002611793365837798
ChrXVI,-242000.0,0.028285714285714286,0.009112278169885845,35,0.0015402561331097605
ChrXVI,-241000.0,0.02602857142857143,0.008333086831088092,35,0.0014085487580632544
ChrXVI,-240000.0,0.032857142857142856,0.009982758245338506,35,0.0016873941209948038
ChrXVI,-239000.0,0.03711428571428571,0.011799230853724987,35,0.001994434031709932
ChrXVI,-238000.0,0.03162857142857143,0.012213988398759923,35,0.002064540852483338
ChrXVI,-237000.0,0.06722857142857143,0.026345091868244044,35,0.004453133296732019
ChrXVI,-236000.0,0.012114285714285715,0.0053234853055417865,35,0.0008998332511926757
ChrXVI,-235000.0,0.0614,0.023134135715304285,35,0.0039103826458512705
ChrXVI,-234000.0,0.043,0.0160971316407248,35,0.0027209118590167183
ChrXVI,-233000.0,0.010342857142857143,0.007104028919617115,35,0.0012008000534257663
ChrXVI,-232000.0,0.03308571428571428,0.01560612894039395,35,0.002637917254763157
ChrXVI,-231000.0,0.04145714285714286,0.01346748340424808,35,0.0022764201799171904
ChrXVI,-230000.0,0.061514285714285716,0.02460675592138854,35,0.004159300892405528
ChrXVI,-229000.0,0.02582857142857143,0.013294151111730022,35,0.002247121675016493
ChrXVI,-228000.0,0.02951428571428571,0.011850468912468323,35,0.002003094844380124
ChrXVI,-227000.0,0.08977142857142857,0.034057119592795615,35,0.005756703905529828
ChrXVI,-226000.0,0.04037142857142857,0.016599230517753305,35,0.0028057820594597285
ChrXVI,-225000.0,0.043371428571428575,0.015152335704798929,35,0.0025612121979971263
ChrXVI,-224000.0,0.032799999999999996,0.016040023470717753,35,0.002711258816444475
ChrXVI,-223000.0,0.014971428571428571,0.013925190281276156,35,0.0023537867628249465
ChrXVI,-222000.0,0.020457142857142858,0.018011994136494416,35,0.0030445826961206695
ChrXVI,-221000.0,0.023142857142857146,0.018018198083739504,35,0.003045631354602729
ChrXVI,-220000.0,0.09634285714285713,0.03894259943070272,35,0.006582500719809341
ChrXVI,-219000.0,0.062085714285714286,0.026301835575142825,35,0.004445821648700363
ChrXVI,-218000.0,0.024057142857142857,0.014108701647737613,35,0.0023848058452561353
ChrXVI,-217000.0,0.12382857142857141,0.05088827769459966,35,0.008601688881879434
ChrXVI,-216000.0,0.1566,0.06780950826959818,35,0.011461898885019887
ChrXVI,-215000.0,0.14974285714285712,0.05849803559152415,35,0.009887972734687367
ChrXVI,-214000.0,0.041742857142857144,0.015500176198510584,35,0.0026200079726425808
ChrXVI,-213000.0,0.03857142857142857,0.018153407902853805,35,0.0030684859853838337
ChrXVI,-212000.0,0.0152,0.007283341185440196,35,0.0012311093583028438
ChrXVI,-211000.0,0.03371428571428571,0.01642195701702168,35,0.0027758173687809384
ChrXVI,-210000.0,0.051628571428571426,0.01292759409463456,35,0.0021851622304967285
ChrXVI,-209000.0,0.044000000000000004,0.014698939537579296,35,0.0024845742580364713
ChrXVI,-208000.0,0.0714,0.029812354328167964,35,0.005039207620785052
ChrXVI,-207000.0,0.08825714285714285,0.027392939039900362,35,0.0046302517958181355
ChrXVI,-206000.0,0.05634285714285714,0.02024546842126996,35,0.0034221087550416257
ChrXVI,-205000.0,0.03005714285714286,0.013683272005376102,35,0.0023128951107902426
ChrXVI,-204000.0,0.0562,0.026869838765688894,35,0.0045418317113382406
ChrXVI,-203000.0,0.07422857142857142,0.03201294381072399,35,0.005411175133603662
ChrXVI,-202000.0,0.03071428571428571,0.011223849157751827,35,0.0018971767740210066
ChrXVI,-201000.0,0.048,0.017857277310418196,35,0.0030184307793533877
ChrXVI,-200000.0,0.04011428571428571,0.018759736967570655,35,0.0031709743031460356
ChrXVI,-199000.0,0.024714285714285713,0.011562035818527272,35,0.001954340753070366
ChrXVI,-198000.0,0.03842857142857143,0.013068340086064566,35,0.002208952645195339
ChrXVI,-197000.0,0.05822857142857142,0.021141102584477347,35,0.0035734985597846137
ChrXVI,-196000.0,0.055285714285714285,0.022612556933978897,35,0.003822219740608617
ChrXVI,-195000.0,0.03517142857142857,0.01570591067885275,35,0.002654783446923689
ChrXVI,-194000.0,0.06337142857142856,0.024203895790317956,35,0.0040912051016385705
ChrXVI,-193000.0,0.02437142857142857,0.012897983687122468,35,0.002180157158118111
ChrXVI,-192000.0,0.04511428571428571,0.02089859470165881,35,0.0035325072459907554
ChrXVI,-191000.0,0.052657142857142854,0.023942262482336735,35,0.004046981000954766
ChrXVI,-190000.0,0.027714285714285712,0.010628959963983605,35,0.001796622147379961
ChrXVI,-189000.0,0.0712,0.028139150035242404,35,0.004756384475345841
ChrXVI,-188000.0,0.04985714285714286,0.01922795583816142,35,0.0032501177372708293
ChrXVI,-187000.0,0.07297142857142856,0.03014424705067454,35,0.0050953077300930245
ChrXVI,-186000.0,0.08125714285714285,0.028009812206295365,35,0.004734522392059453
ChrXVI,-185000.0,0.07097142857142857,0.021467466101995736,35,0.00362866406286838
ChrXVI,-184000.0,0.025714285714285714,0.009138063344093884,35,0.0015446146230479285
ChrXVI,-183000.0,0.08925714285714285,0.030763177814453722,35,0.005199926123771095
ChrXVI,-182000.0,0.07865714285714286,0.030043050343624894,35,0.00507820236458752
ChrXVI,-181000.0,0.0858,0.03339496263528026,35,0.0056447789515413896
ChrXVI,-180000.0,0.04865714285714286,0.022259093128219675,35,0.0037624734527426287
ChrXVI,-179000.0,0.030085714285714285,0.014874714883221894,35,0.0025142857142857146
ChrXVI,-178000.0,0.025285714285714286,0.013347331587407337,35,0.002256110816073927
ChrXVI,-177000.0,0.08082857142857143,0.039413707464972816,35,0.0066621325117293744
ChrXVI,-176000.0,0.03862857142857143,0.023819277553974578,35,0.0040261927538602135
ChrXVI,-175000.0,0.09762857142857144,0.04159191501912341,35,0.007030316788143808
ChrXVI,-174000.0,0.063,0.023150403375980056,35,0.003913132382378191
ChrXVI,-173000.0,0.15077142857142858,0.05620031699423145,35,0.009499587404953212
ChrXVI,-172000.0,0.0498,0.020229274070311193,35,0.0034193714101185524
ChrXVI,-171000.0,0.04657142857142857,0.0162177929054076,35,0.002741307335262237
ChrXVI,-170000.0,0.012485714285714286,0.007237042898585471,35,0.0012232835194784615
ChrXVI,-169000.0,0.06571428571428571,0.024206916158733778,35,0.004091715637082066
ChrXVI,-168000.0,0.022342857142857143,0.0058256171455091715,35,0.0009847090233892945
ChrXVI,-167000.0,0.005257142857142857,0.003022881923934579,35,0.0005109603039110467
ChrXVI,-166000.0,0.005514285714285715,0.0035675945807276043,35,0.0006030335478096667
ChrXVI,-165000.0,0.006571428571428572,0.002789536270608793,35,0.00047151768956490807
ChrXVI,-164000.0,0.013657142857142857,0.004677498433632945,35,0.000790641540534171
ChrXVI,-163000.0,0.017142857142857144,0.006971128936941433,35,0.0011783358562634265
ChrXVI,-162000.0,0.07337142857142857,0.024993041048266544,35,0.004224594996109387
ChrXVI,-161000.0,0.019171428571428572,0.006683983112792915,35,0.0011297993532620972
ChrXVI,-160000.0,0.009542857142857143,0.004559043095823928,35,0.0007706189339852522
ChrXVI,-159000.0,0.008199999999999999,0.00420643764331041,35,0.0007110177342987973
ChrXVI,-158000.0,0.04771428571428571,0.019312555240463814,35,0.0032644176462315005
ChrXVI,-157000.0,0.03362857142857143,0.010715809415465145,35,0.001811302384068053
ChrXVI,-156000.0,0.015514285714285715,0.005072251087282349,35,0.0008573669174936043
ChrXVI,-155000.0,0.012,0.005087470190691683,35,0.0008599394154935147
ChrXVI,-154000.0,0.0076,0.003790079930865963,35,0.0006406404358665061
ChrXVI,-153000.0,0.010199999999999999,0.005645404169348206,35,0.0009542474706773487
ChrXVI,-152000.0,0.10245714285714286,0.036800210083433954,35,0.0062203708253834936
ChrXVI,-151000.0,0.09242857142857143,0.034356509541848976,35,0.005807310043382908
ChrXVI,-150000.0,0.10834285714285714,0.04607917920604186,35,0.0077888028720768145
ChrXVI,-149000.0,0.051457142857142854,0.023815890465306185,35,0.004025620231380367
ChrXVI,-148000.0,0.034542857142857146,0.014659553915737113,35,0.0024779168728614616
ChrXVI,-147000.0,0.11477142857142858,0.046197202432669476,35,0.0078087524385050365
ChrXVI,-146000.0,0.08305714285714286,0.0315482290517633,35,0.005332624002449509
ChrXVI,-145000.0,0.05177142857142857,0.020432220394565565,35,0.0034536756000035714
ChrXVI,-144000.0,0.14591428571428572,0.058551320590206526,35,0.009896979543357288
ChrXVI,-143000.0,0.02262857142857143,0.014077695571543024,35,0.0023795648618124767
ChrXVI,-142000.0,0.021514285714285715,0.010045108345890168,35,0.0016979332115476013
ChrXVI,-141000.0,0.02417142857142857,0.012973923426459331,35,0.0021929933168788156
ChrXVI,-140000.0,0.0862,0.029018047122842863,35,0.004904945197956647
ChrXVI,-139000.0,0.04171428571428571,0.015894082192422932,35,0.002686590237986198
ChrXVI,-138000.0,0.06802857142857144,0.028375098563483348,35,0.004796267055853794
ChrXVI,-137000.0,0.04171428571428571,0.015991857171645803,35,0.0027031172259254386
ChrXVI,-136000.0,0.0458,0.023443047382715312,35,0.003962598247860812
ChrXVI,-135000.0,0.0574,0.02349618241832691,35,0.003971579708145271
ChrXVI,-134000.0,0.042428571428571434,0.01954224039520202,35,0.0033032415233864945
ChrXVI,-133000.0,0.06305714285714285,0.02656949030610204,35,0.004491063555634043
ChrXVI,-132000.0,0.07197142857142858,0.031030806054141557,35,0.0052451635528626295
ChrXVI,-131000.0,0.09022857142857142,0.03624758467757518,35,0.00612696008277697
ChrXVI,-130000.0,0.16211428571428574,0.06606581897603928,35,0.011167161599944712
ChrXVI,-129000.0,0.03702857142857143,0.01636439052671759,35,0.00276608685593888
ChrXVI,-128000.0,0.058057142857142856,0.022174366304550924,35,0.0037481520056399736
ChrXVI,-127000.0,0.05588571428571428,0.016291050283138007,35,0.002753690092158058
ChrXVI,-126000.0,0.04177142857142857,0.016567306065021582,35,0.0028003858420485093
ChrXVI,-125000.0,0.049,0.014204390373484985,35,0.0024009801919951234
ChrXVI,-124000.0,0.2667142857142857,0.09787313860556533,35,0.016543579903225476
ChrXVI,-123000.0,0.06011428571428572,0.026634532459341782,35,0.004502057686143497
ChrXVI,-122000.0,0.07980000000000001,0.030092797653063687,35,0.005086611194634219
ChrXVI,-121000.0,0.048,0.022116004319470178,35,0.0037382870296388945
ChrXVI,-120000.0,0.06554285714285714,0.028112528981119538,35,0.004751884695914381
ChrXVI,-119000.0,0.10865714285714285,0.039052711630747056,35,0.006601113078682341
ChrXVI,-118000.0,0.0848,0.028493342875754224,35,0.00481625399257643
ChrXVI,-117000.0,0.08208571428571428,0.028291935484257315,35,0.0047822099298049535
ChrXVI,-116000.0,0.05877142857142857,0.024834849463992323,35,0.004197855738007066
ChrXVI,-115000.0,0.06911428571428571,0.028467495838723347,35,0.004811885045912676
ChrXVI,-114000.0,0.08365714285714286,0.027864106003267792,35,0.004709893548573635
ChrXVI,-113000.0,0.13428571428571429,0.04678962393055778,35,0.007908889948411626
ChrXVI,-112000.0,0.12111428571428572,0.04877003143721104,35,0.008243639914480485
ChrXVI,-111000.0,0.06374285714285714,0.028093690789657275,35,0.004748700460381236
ChrXVI,-110000.0,0.06251428571428572,0.021759881363987026,35,0.0036780912634322782
ChrXVI,-109000.0,0.059457142857142854,0.0180657994354996,35,0.0030536774515969034
ChrXVI,-108000.0,0.04562857142857143,0.019354412347341483,35,0.0032714927886251578
ChrXVI,-107000.0,0.019485714285714287,0.010144170822727321,35,0.0017146778263041743
ChrXVI,-106000.0,0.019857142857142854,0.011037750349283556,35,0.0018657203340656334
ChrXVI,-105000.0,0.11777142857142857,0.04908880650789698,35,0.008297522735938806
ChrXVI,-104000.0,0.07234285714285714,0.02636390453223638,35,0.004456313217335199
ChrXVI,-103000.0,0.10288571428571429,0.03781749628426086,35,0.0063923235775645865
ChrXVI,-102000.0,0.13322857142857145,0.053877358397560283,35,0.00910693573664625
ChrXVI,-101000.0,0.12534285714285714,0.04875746872328916,35,0.008241516428256082
ChrXVI,-100000.0,0.06945714285714286,0.02674206078682139,35,0.004520233290838144
ChrXVI,-99000.0,0.09205714285714285,0.03750760147046498,35,0.006339941793485009
ChrXVI,-98000.0,0.05422857142857143,0.02020059072270458,35,0.003414523039464635
ChrXVI,-97000.0,0.07945714285714287,0.029008460081543817,35,0.004903324692207818
ChrXVI,-96000.0,0.06954285714285714,0.02685291402430356,35,0.004538970907899842
ChrXVI,-95000.0,0.011628571428571429,0.0053086262446175305,35,0.0008973216114803945
ChrXVI,-94000.0,0.04528571428571428,0.019782005234364818,35,0.003343769178177042
ChrXVI,-93000.0,0.11977142857142857,0.04744847714303672,35,0.00802025646756525
ChrXVI,-92000.0,0.19417142857142858,0.06787206204855345,35,0.011472472403506564
ChrXVI,-91000.0,0.04965714285714286,0.019399731437108426,35,0.003279153112932549
ChrXVI,-90000.0,0.08331428571428572,0.03310035669664873,35,0.005594981459040843
ChrXVI,-89000.0,0.06794285714285715,0.031352777208015596,35,0.0052995866109819285
ChrXVI,-88000.0,0.01562857142857143,0.005099513900050349,35,0.0008619751739349529
ChrXVI,-87000.0,0.01502857142857143,0.008347192956443551,35,0.0014109331284356344
ChrXVI,-86000.0,0.07565714285714287,0.029610156104583694,35,0.0050050298829928935
ChrXVI,-85000.0,0.01902857142857143,0.008766533000014096,35,0.0014818145328359723
ChrXVI,-84000.0,0.07991428571428572,0.035096816873070535,35,0.005932444821540631
ChrXVI,-83000.0,0.09762857142857143,0.03675121903883374,35,0.006212089827426001
ChrXVI,-82000.0,0.08077142857142856,0.048721951638133004,35,0.008235512945129026
ChrXVI,-81000.0,0.0964,0.03540953676790544,35,0.005985304131472225
ChrXVI,-80000.0,0.0988,0.03916991642754904,35,0.006620924305220697
ChrXVI,-79000.0,0.03414285714285714,0.016449821842666325,35,0.0027805273839711063
ChrXVI,-78000.0,0.038714285714285715,0.016938593990840994,35,0.00286314495609563
ChrXVI,-77000.0,0.09457142857142857,0.03664077262405086,35,0.006193420975951347
ChrXVI,-76000.0,0.08885714285714286,0.035151054588098245,35,0.005941612668665115
ChrXVI,-75000.0,0.07925714285714286,0.031840912321712635,35,0.005382096504626616
ChrXVI,-74000.0,0.1629142857142857,0.061286392035585655,35,0.010359290997167018
ChrXVI,-73000.0,0.09657142857142857,0.04329331269803395,35,0.007317905485607101
ChrXVI,-72000.0,0.05551428571428572,0.020875501302288504,35,0.0035286037490439635
ChrXVI,-71000.0,0.07088571428571429,0.026229497795837588,35,0.0044335943323088765
ChrXVI,-70000.0,0.1084,0.04521790379406604,35,0.007643220756291929
ChrXVI,-69000.0,0.06620000000000001,0.02932054088258023,35,0.004956075975570819
ChrXVI,-68000.0,0.077,0.03150256758910109,35,0.00532490580656029
ChrXVI,-67000.0,0.05437142857142857,0.023476002408323916,35,0.003968168663882372
ChrXVI,-66000.0,0.037142857142857144,0.02056430782454204,35,0.003476002450691726
ChrXVI,-65000.0,0.05454285714285714,0.02361497886704022,35,0.003991659972960609
ChrXVI,-64000.0,0.12405714285714285,0.04557472393975495,35,0.007703534369152296
ChrXVI,-63000.0,0.10194285714285714,0.03706746064482246,35,0.006265544415190709
ChrXVI,-62000.0,0.0598,0.018984203960134855,35,0.003208916149908385
ChrXVI,-61000.0,0.07339999999999999,0.030550055357608456,35,0.0051639018535349
ChrXVI,-60000.0,0.04285714285714286,0.016515844188042507,35,0.002791687197191474
ChrXVI,-59000.0,0.03811428571428572,0.01772796300393555,35,0.0029965726720891724
ChrXVI,-58000.0,0.08734285714285714,0.03376296514120243,35,0.0057069827282675645
ChrXVI,-57000.0,0.0538,0.017156374222736814,35,0.002899956534012133
ChrXVI,-56000.0,0.09291428571428571,0.03910195679515392,35,0.006609437030726993
ChrXVI,-55000.0,0.038714285714285715,0.017470262849585673,35,0.002953013395710574
ChrXVI,-54000.0,0.08405714285714286,0.03103503035673878,35,0.005245877590325291
ChrXVI,-53000.0,0.16008571428571428,0.06320432386017469,35,0.010683480645533146
ChrXVI,-52000.0,0.053,0.026023744813489985,35,0.004398815730618046
ChrXVI,-51000.0,0.03414285714285714,0.01629172084425789,35,0.0027538034376747627
ChrXVI,-50000.0,0.06428571428571428,0.02468575610796333,35,0.004172654361167134
ChrXVI,-49000.0,0.0774,0.033902281720886475,35,0.0057305315282824044
ChrXVI,-48000.0,0.03497142857142857,0.013530979083495145,35,0.002287152908611697
ChrXVI,-47000.0,0.034371428571428574,0.015127080730549813,35,0.0025569433282091863
ChrXVI,-46000.0,0.054714285714285715,0.019544175344996435,35,0.003303568589596782
ChrXVI,-45000.0,0.04888571428571429,0.021182361458883425,35,0.0035804725824345345
ChrXVI,-44000.0,0.04162857142857143,0.018827523210770473,35,0.003182432269516513
ChrXVI,-43000.0,0.010085714285714285,0.004168307800051046,35,0.0007045726144462408
ChrXVI,-42000.0,0.0608,0.023057217831248568,35,0.003897381150456389
ChrXVI,-41000.0,0.0714,0.030283173351471845,35,0.005118790560935532
ChrXVI,-40000.0,0.07122857142857142,0.028234402997142367,35,0.004772485164550891
ChrXVI,-39000.0,0.1278,0.0470655362859317,35,0.007955527648626911
ChrXVI,-38000.0,0.08468571428571428,0.029030178444236297,35,0.004906995765534875
ChrXVI,-37000.0,0.07794285714285715,0.03168126451088093,35,0.005355111099310115
ChrXVI,-36000.0,0.17597142857142856,0.06628391949178382,35,0.01120402731571271
ChrXVI,-35000.0,0.036771428571428566,0.01549968825926682,35,0.0026199254958569978
ChrXVI,-34000.0,0.022085714285714285,0.009469366798420328,35,0.0016006151278539782
ChrXVI,-33000.0,0.017914285714285716,0.005569726091963212,35,0.0009414555408590283
ChrXVI,-32000.0,0.01637142857142857,0.00386603394803964,35,0.0006534790080221173
ChrXVI,-31000.0,0.13894285714285715,0.05701905917536432,35,0.009637980092535242
ChrXVI,-30000.0,0.19834285714285715,0.07464107954941783,35,0.01261664519174403
ChrXVI,-29000.0,0.21265714285714285,0.07759735549509361,35,0.01311634703047192
ChrXVI,-28000.0,0.14222857142857143,0.05668285647783988,35,0.009581151464482447
ChrXVI,-27000.0,0.11197142857142857,0.04334437049700356,35,0.00732653582881435
ChrXVI,-26000.0,0.06471428571428572,0.015376780487191091,35,0.0025991502905551964
ChrXVI,-25000.0,0.006885714285714286,0.0036036862546354863,35,0.0006091341541623707
ChrXVI,-24000.0,0.010142857142857143,0.004518868007280904,35,0.0007638281045820058
ChrXVI,-23000.0,0.010314285714285713,0.004879557770291632,35,0.0008247958021511133
ChrXVI,-22000.0,0.06145714285714285,0.022757471762223567,35,0.0038467148173414643
ChrXVI,-21000.0,0.0988,0.032315357849498995,35,0.0054622924359157285
ChrXVI,-20000.0,0.04771428571428571,0.022581318969151352,35,0.003816939560832005
ChrXVI,-19000.0,0.05462857142857143,0.02231339048549062,35,0.003771651381246239
ChrXVI,-18000.0,0.042828571428571424,0.018882742999714777,35,0.003191766117430811
ChrXVI,-17000.0,0.09925714285714286,0.035754343921315324,35,0.006043587178025264
ChrXVI,-16000.0,0.04154285714285714,0.015600420162409012,35,0.0026369522951625026
ChrXVI,-15000.0,0.047028571428571427,0.017026770814507017,35,0.002878049559633587
ChrXVI,-14000.0,0.06714285714285714,0.02955965340195479,35,0.0049964933681924725
ChrXVI,-13000.0,0.00997142857142857,0.004169114127130848,35,0.0007047089085986804
ChrXVI,-12000.0,0.09017142857142857,0.03430270587362025,35,0.005798215563558206
ChrXVI,-11000.0,0.10505714285714286,0.03599668518819219,35,0.00608455032858472
ChrXVI,-10000.0,0.07451428571428571,0.027200098862894977,35,0.004597655856602395
ChrXVI,-9000.0,0.09505714285714285,0.0340060054014191,35,0.005748064030266053
ChrXVI,-8000.0,0.15482857142857143,0.05719393515476439,35,0.0096675395281432
ChrXVI,-7000.0,0.0386,0.022843714542903203,35,0.0038612925079476662
ChrXVI,-6000.0,0.08434285714285714,0.03724082426043546,35,0.006294848214660797
ChrXVI,-5000.0,0.09334285714285714,0.03931093460898548,35,0.006644760728427714
ChrXVI,-4000.0,0.17211428571428572,0.06542160617580288,35,0.011058269762130639
ChrXVI,-3000.0,0.12125714285714286,0.045743108035780765,35,0.007731996476189261
ChrXVI,-2000.0,0.1038,0.034728188245624465,35,0.005870135210960475
ChrXVI,-1000.0,0.06757142857142857,0.024699709112702143,35,0.004175012849431386
ChrXVI,0.0,0.13065714285714286,0.042560643831612135,35,0.007194061843654398
ChrXVI,1000.0,0.12634285714285715,0.04600507827284676,35,0.0077762775282829745
ChrXVI,2000.0,0.20314285714285715,0.07559261668628088,35,0.012777484323694428
ChrXVI,3000.0,0.1216857142857143,0.041028520516810246,35,0.006935085735999684
ChrXVI,4000.0,0.15785714285714286,0.05327792990653869,35,0.009005613828727771
ChrXVI,5000.0,0.10445714285714286,0.0459816733679222,35,0.007772321377287272
ChrXVI,6000.0,0.11071428571428571,0.046572253433948906,35,0.007872147628399337
ChrXVI,7000.0,0.08074285714285714,0.030586754973876078,35,0.005170105220901997
ChrXVI,8000.0,0.12908571428571428,0.04727539555847295,35,0.007991000340043406
ChrXVI,9000.0,0.13788571428571428,0.05223125694142035,35,0.008828693806771955
ChrXVI,10000.0,0.08522857142857143,0.03537121271706175,35,0.00597882618454643
ChrXVI,11000.0,0.21785714285714286,0.08346050240793469,35,0.01410739974236912
ChrXVI,12000.0,0.1707142857142857,0.061084594875405684,35,0.010325181051463371
ChrXVI,13000.0,0.15377142857142856,0.05351200289450501,35,0.009045179385067121
ChrXVI,14000.0,0.06725714285714286,0.02715678103720176,35,0.004590333807664353
ChrXVI,15000.0,0.10277142857142857,0.0409577154365513,35,0.006923117493032234
ChrXVI,16000.0,0.16954285714285713,0.05675558684971428,35,0.009593445141129975
ChrXVI,17000.0,0.1462,0.05211570836920026,35,0.00880916253328403
ChrXVI,18000.0,0.07765714285714286,0.03183315221324983,35,0.005380784806889718
ChrXVI,19000.0,0.11977142857142857,0.04428854965171133,35,0.007486131234779798
ChrXVI,20000.0,0.12794285714285714,0.050208355794594976,35,0.008486761104545023
ChrXVI,21000.0,0.07202857142857143,0.034649069009040884,35,0.0058567616190745775
ChrXVI,22000.0,0.028342857142857142,0.00896379271469018,35,0.0015151575102649772
ChrXVI,23000.0,0.018142857142857145,0.00661612494166317,35,0.0011183292288524174
ChrXVI,24000.0,0.01631428571428571,0.004788291040907703,35,0.0008093689092203164
ChrXVI,25000.0,0.059057142857142864,0.021139512567621768,35,0.0035732297978824973
ChrXVI,26000.0,0.09714285714285714,0.0357681610449547,35,0.006045922698191649
ChrXVI,27000.0,0.16071428571428573,0.0638101833236539,35,0.010785889586198544
ChrXVI,28000.0,0.15965714285714286,0.060128266259400355,35,0.010163532011716265
ChrXVI,29000.0,0.08722857142857143,0.03146808440522641,35,0.005319077084646636
ChrXVI,30000.0,0.1804,0.06818970079211117,35,0.01152616315062345
ChrXVI,31000.0,0.11865714285714285,0.053348985798366264,35,0.009017624466588091
ChrXVI,32000.0,0.10214285714285715,0.04335906368178798,35,0.007329019430341561
ChrXVI,33000.0,0.10808571428571428,0.05078812472857587,35,0.008584759940807696
ChrXVI,34000.0,0.10128571428571428,0.03947416983336842,35,0.006672352517309476
ChrXVI,35000.0,0.12488571428571427,0.05280083078032425,35,0.008924969357438292
ChrXVI,36000.0,0.06574285714285714,0.02963537518211764,35,0.005009292685128522
ChrXVI,37000.0,0.050428571428571434,0.019821684077390236,35,0.00335047612677817
ChrXVI,38000.0,0.11462857142857141,0.044739826785989416,35,0.007562410992799162
ChrXVI,39000.0,0.04234285714285714,0.017175466184516278,35,0.0029031836645579388
ChrXVI,40000.0,0.0588,0.022616755891569057,35,0.0038229294939831665
ChrXVI,41000.0,0.05877142857142857,0.02053989763747577,35,0.003471876376000171
ChrXVI,42000.0,0.01777142857142857,0.0050298270013853915,35,0.0008501959381538479
ChrXVI,43000.0,0.02482857142857143,0.006951452299745012,35,0.0011750098975343657
ChrXVI,44000.0,0.08405714285714286,0.03446476705372063,35,0.005825608902735839
ChrXVI,45000.0,0.05537142857142857,0.018031158838955143,35,0.0030478221220857278
ChrXVI,46000.0,0.03762857142857143,0.014354924783718599,35,0.002426425151453521
ChrXVI,47000.0,0.023885714285714288,0.010055058512046178,35,0.001699615096600003
ChrXVI,48000.0,0.10517142857142857,0.039727369225084845,35,0.0067151510259502376
ChrXVI,49000.0,0.059457142857142854,0.017669087091739123,35,0.0029866208265504064
ChrXVI,50000.0,0.03817142857142857,0.013714495796710252,35,0.0023181728948092053
ChrXVI,51000.0,0.07337142857142857,0.031350096832842025,35,0.005299133544885486
ChrXVI,52000.0,0.09531428571428571,0.03659939844296016,35,0.006186427462914404
ChrXVI,53000.0,0.06997142857142857,0.02116390616993347,35,0.003577353069238875
ChrXVI,54000.0,0.1352857142857143,0.045936382753806404,35,0.007764665866243427
ChrXVI,55000.0,0.055085714285714286,0.02109135790202377,35,0.0035650901737794617
ChrXVI,56000.0,0.051371428571428575,0.024670875558851495,35,0.004170139089288222
ChrXVI,57000.0,0.05971428571428571,0.020083020965293966,35,0.0033946501233240393
ChrXVI,58000.0,0.009828571428571428,0.004559964617288644,35,0.0007707746995425979
ChrXVI,59000.0,0.15234285714285714,0.062149697295719626,35,0.010505216219913365
ChrXVI,60000.0,0.06302857142857143,0.02398097985817058,35,0.004053525431938344
ChrXVI,61000.0,0.03634285714285714,0.01663437768623772,35,0.0028117230152569814
ChrXVI,62000.0,0.04371428571428571,0.015122191384482198,35,0.002556116877882809
ChrXVI,63000.0,0.057999999999999996,0.02659057772086594,35,0.00449462797929583
ChrXVI,64000.0,0.07554285714285715,0.03509008814058873,35,0.005931307458163445
ChrXVI,65000.0,0.044028571428571424,0.018439863649945227,35,0.0031169058440729844
ChrXVI,66000.0,0.06957142857142858,0.031669511887512214,35,0.005353124543381256
ChrXVI,67000.0,0.1577142857142857,0.06007719124229283,35,0.010154898758112511
ChrXVI,68000.0,0.07160000000000001,0.03179456113310984,35,0.005374261723774741
ChrXVI,69000.0,0.050199999999999995,0.019484231935533076,35,0.003293436304086604
ChrXVI,70000.0,0.02734285714285714,0.011274497137978515,35,0.001905737845217405
ChrXVI,71000.0,0.09608571428571429,0.039745788847278356,35,0.006718264510363706
ChrXVI,72000.0,0.12457142857142858,0.04655122776815547,35,0.007868593642218574
ChrXVI,73000.0,0.03314285714285714,0.014254293176077864,35,0.0024094153051819733
ChrXVI,74000.0,0.035571428571428566,0.016228670552425408,35,0.002743145993193944
ChrXVI,75000.0,0.08520000000000001,0.034380911256444754,35,0.005811434685965566
ChrXVI,76000.0,0.043257142857142855,0.017312598026297733,35,0.0029263631764660097
ChrXVI,77000.0,0.04277142857142857,0.017860712248306522,35,0.0030190113898275975
ChrXVI,78000.0,0.0649142857142857,0.027126470064334954,35,0.004585210318127685
ChrXVI,79000.0,0.0342,0.015184744666547253,35,0.0025666903123797123
ChrXVI,80000.0,0.030914285714285717,0.013765625193749463,35,0.0023268153402990835
ChrXVI,81000.0,0.028742857142857143,0.012645256858142636,35,0.0021374385271588406
ChrXVI,82000.0,0.013285714285714286,0.005544321040336618,35,0.0009371613033642657
ChrXVI,83000.0,0.07774285714285714,0.026304040013055092,35,0.004446194266716531
ChrXVI,84000.0,0.01842857142857143,0.007034727781370306,35,0.0011890860230564025
ChrXVI,85000.0,0.11391428571428572,0.03902591252923493,35,0.006596583203749166
ChrXVI,86000.0,0.09551428571428572,0.036982803180565384,35,0.006251234691968429
ChrXVI,87000.0,0.04031428571428571,0.011562544571796899,35,0.0019544267480684527
ChrXVI,88000.0,0.07865714285714286,0.024883189290034698,35,0.004206026659937576
ChrXVI,89000.0,0.1056,0.03749839212239246,35,0.006338385129543656
ChrXVI,90000.0,0.1305714285714286,0.049923639169226826,35,0.008438635211080656
ChrXVI,91000.0,0.12974285714285716,0.04937571614202487,35,0.008346019315539964
ChrXVI,92000.0,0.06625714285714286,0.023942753855496116,35,0.004047064058178027
ChrXVI,93000.0,0.031171428571428572,0.008968853668917436,35,0.0015160129676646075
ChrXVI,94000.0,0.03465714285714286,0.011411920643481066,35,0.0019289666572924428
ChrXVI,95000.0,0.017628571428571427,0.007616104123290775,35,0.0012873565608509194
ChrXVI,96000.0,0.03157142857142857,0.013381914296994315,35,0.002261956360903422
ChrXVI,97000.0,0.031142857142857146,0.013440813300722318,35,0.0022719121096234206
ChrXVI,98000.0,0.09702857142857142,0.044514033289108565,35,0.007524244925883385
ChrXVI,99000.0,0.029628571428571428,0.01465703146713452,35,0.002477490501227698
ChrXVI,100000.0,0.053828571428571434,0.01770590747925295,35,0.002992844607984019
ChrXVI,101000.0,0.0872,0.03410864992930679,35,0.00576541412215983
ChrXVI,102000.0,0.0256,0.011988229521444089,35,0.002026380637342096
ChrXVI,103000.0,0.06705714285714286,0.020778867739552485,35,0.0035122696957047795
ChrXVI,104000.0,0.015514285714285715,0.0055326380718074665,35,0.0009351865212522113
ChrXVI,105000.0,0.012114285714285715,0.006206123297724162,35,0.0010490263020882695
ChrXVI,106000.0,0.033171428571428574,0.011410742395515146,35,0.0019287674970361382
ChrXVI,107000.0,0.026971428571428573,0.010517452482549617,35,0.0017777739429063616
ChrXVI,108000.0,0.029114285714285718,0.011242700713250843,35,0.0019003632684886558
ChrXVI,109000.0,0.12837142857142858,0.042677370856149,35,0.007213792311940225
ChrXVI,110000.0,0.09514285714285714,0.0413294816132524,35,0.006985957446232852
ChrXVI,111000.0,0.07642857142857143,0.02778413185962947,35,0.004696375451020795
ChrXVI,112000.0,0.03534285714285715,0.015590236117034082,35,0.0026352308773067083
ChrXVI,113000.0,0.015171428571428572,0.00536593675987002,35,0.0009070088566416597
ChrXVI,114000.0,0.03637142857142857,0.011980586537457696,35,0.0020250887372551115
ChrXVI,115000.0,0.06374285714285714,0.021263532517576907,35,0.003594192995557658
ChrXVI,116000.0,0.0718,0.024231481710418643,35,0.00409586797318731
ChrXVI,117000.0,0.07177142857142857,0.02669444281701576,35,0.004512184384881592
ChrXVI,118000.0,0.082,0.02536324343704998,35,0.004287170620907583
ChrXVI,119000.0,0.0304,0.012462178074194783,35,0.00210649256451803
ChrXVI,120000.0,0.061257142857142864,0.023964855219973383,35,0.0040507998706226815
ChrXVI,121000.0,0.0942,0.03546066586415731,35,0.005993946526119764
ChrXVI,122000.0,0.08177142857142858,0.031814800213187604,35,0.005377682752702644
ChrXVI,123000.0,0.17337142857142857,0.07259277460167607,35,0.012270418463430945
ChrXVI,124000.0,0.04334285714285715,0.018558243541923484,35,0.0031369156979489292
ChrXVI,125000.0,0.039914285714285715,0.017974444978048912,35,0.003038235729916331
ChrXVI,126000.0,0.08722857142857143,0.03308552706003542,35,0.005592474792944881
ChrXVI,127000.0,0.06205714285714286,0.023939805465255683,35,0.004046565689266766
ChrXVI,128000.0,0.06648571428571429,0.024793703456572128,35,0.004190900793359813
ChrXVI,129000.0,0.04057142857142857,0.020702778606187307,35,0.003499408284744342
ChrXVI,130000.0,0.08768571428571428,0.03075402549315476,35,0.005198379099113803
ChrXVI,131000.0,0.05237142857142857,0.018200009234460673,35,0.0030763630481205457
ChrXVI,132000.0,0.08542857142857144,0.03906652374234141,35,0.00660344775165849
ChrXVI,133000.0,0.05122857142857143,0.018014839821145025,35,0.0030450637046186856
ChrXVI,134000.0,0.0876,0.028425547746804853,35,0.004804794524240144
ChrXVI,135000.0,0.022742857142857145,0.010603392512451347,35,0.00179230045929095
ChrXVI,136000.0,0.05522857142857143,0.01966047949012212,35,0.0033232275782158894
ChrXVI,137000.0,0.05954285714285715,0.02511308875647829,35,0.0042448867623825
ChrXVI,138000.0,0.03245714285714285,0.01532077186110961,35,0.002589683104828344
ChrXVI,139000.0,0.13742857142857143,0.05192714676764525,35,0.008777289805317504
ChrXVI,140000.0,0.0778,0.032984666669440776,35,0.005575426275295952
ChrXVI,141000.0,0.13005714285714284,0.05375650048633948,35,0.009086507021069078
ChrXVI,142000.0,0.06117142857142857,0.02947130779577447,35,0.004981560235202498
ChrXVI,143000.0,0.08382857142857143,0.034204820535988195,35,0.005781669921643153
ChrXVI,144000.0,0.1200857142857143,0.052362633414976954,35,0.008850900483891474
ChrXVI,145000.0,0.06422857142857144,0.031904347587092007,35,0.005392819021513658
ChrXVI,146000.0,0.08305714285714286,0.03598769631018754,35,0.006083030930886547
ChrXVI,147000.0,0.06554285714285714,0.027459427671880324,35,0.0046414904258599236
ChrXVI,148000.0,0.07002857142857143,0.023891280361481772,35,0.004038363449683634
ChrXVI,149000.0,0.08888571428571428,0.030111334028481533,35,0.005089744413944546
ChrXVI,150000.0,0.04271428571428572,0.013712534902248314,35,0.002317841443149689
ChrXVI,151000.0,0.07619999999999999,0.03220321503861888,35,0.00544333684116522
ChrXVI,152000.0,0.04842857142857143,0.019130028311355875,35,0.0032335649640838795
ChrXVI,153000.0,0.006028571428571428,0.004218207831641819,35,0.0007130072592482466
ChrXVI,154000.0,0.045514285714285715,0.015452719974873312,35,0.002611986406778503
ChrXVI,155000.0,0.0306,0.010108819678583531,35,0.0017087023923276453
ChrXVI,156000.0,0.02142857142857143,0.007670745474492931,35,0.0012965926349414428
ChrXVI,157000.0,0.05314285714285714,0.023842797478413443,35,0.004030168346702293
ChrXVI,158000.0,0.048600000000000004,0.0162502488668726,35,0.0027467933940469266
ChrXVI,159000.0,0.03434285714285714,0.013361364092792625,35,0.0022584827424001024
ChrXVI,160000.0,0.04674285714285715,0.02195495771044041,35,0.0037110651842726726
ChrXVI,161000.0,0.029857142857142856,0.012478553029669975,35,0.0021092604371762
ChrXVI,162000.0,0.04374285714285714,0.01701269916189401,35,0.0028756710162181984
ChrXVI,163000.0,0.07885714285714286,0.031811154959100946,35,0.005377066592302462
ChrXVI,164000.0,0.0838,0.033938352415900847,35,0.005736628588554886
ChrXVI,165000.0,0.055714285714285716,0.020308751270111627,35,0.0034328055088316016
ChrXVI,166000.0,0.021628571428571428,0.010032552060185692,35,0.0016958108118902563
ChrXVI,167000.0,0.030542857142857142,0.010798537093576357,35,0.0018252859138959535
ChrXVI,168000.0,0.030314285714285714,0.010203146655844573,35,0.001724646561561215
ChrXVI,169000.0,0.054914285714285714,0.024581642395436937,35,0.004155055931743683
ChrXVI,170000.0,0.07234285714285714,0.029076919143725604,35,0.00491489638574335
ChrXVI,171000.0,0.029914285714285713,0.012460222424063817,35,0.002106161999312241
ChrXVI,172000.0,0.05862857142857143,0.0163438884319378,35,0.0027626213694120823
ChrXVI,173000.0,0.05897142857142857,0.02643024750533519,35,0.0044675272265323595
ChrXVI,174000.0,0.09508571428571429,0.03353257540728684,35,0.005668039755494658
ChrXVI,175000.0,0.03257142857142857,0.015507656011079922,35,0.0026212722917260903
ChrXVI,176000.0,0.08034285714285713,0.04056725922475418,35,0.0068571183472951325
ChrXVI,177000.0,0.03868571428571429,0.011531979648865532,35,0.0019492603331362737
ChrXVI,178000.0,0.04642857142857143,0.019179164114592008,35,0.0032418704307167834
ChrXVI,179000.0,0.002657142857142857,0.0023632337907155596,35,0.00039945941862829117
ChrXVI,180000.0,0.029942857142857143,0.011424799797815629,35,0.001931143631709075
ChrXVI,181000.0,0.035257142857142855,0.017620747892825687,35,0.0029784500106240347
ChrXVI,182000.0,0.005914285714285715,0.0033813626610256033,35,0.0005715546079491855
ChrXVI,183000.0,0.02054285714285714,0.008045250177599704,35,0.0013598954835907487
ChrXVI,184000.0,0.08857142857142858,0.034132342532013374,35,0.0057694189029564415
ChrXVI,185000.0,0.03085714285714286,0.008681091206629217,35,0.0014673722337937992
ChrXVI,186000.0,0.059571428571428574,0.019261796560100228,35,0.0032558378632967628
ChrXVI,187000.0,0.0078000000000000005,0.004707940726299869,35,0.0007957872271683995
ChrXVI,188000.0,0.08068571428571428,0.027307369645844508,35,0.004615787928325966
ChrXVI,189000.0,0.07865714285714286,0.030061645347658587,35,0.005081345493942674
ChrXVI,190000.0,0.0398,0.011888699528148073,35,0.00200955699788065
ChrXVI,191000.0,0.08334285714285714,0.031079540136978386,35,0.005253401116354597
ChrXVI,192000.0,0.044257142857142856,0.017890751566008587,35,0.0030240889612606057
ChrXVI,193000.0,0.0412,0.019340296244461444,35,0.003269106731743308
ChrXVI,194000.0,0.015714285714285715,0.005696084457876349,35,0.0009628140029734344
ChrXVI,195000.0,0.013742857142857142,0.005403391403133979,35,0.0009133398468644343
ChrXVI,196000.0,0.06605714285714286,0.02042913556252277,35,0.0034531541682183533
ChrXVI,197000.0,0.0646,0.027688604578949297,35,0.004680228393478897
ChrXVI,198000.0,0.06717142857142858,0.02411307396692619,35,0.00407585341154622
ChrXVI,199000.0,0.06951428571428571,0.024889604998368103,35,0.004207111112576592
ChrXVI,200000.0,0.03548571428571429,0.009363167603061755,35,0.00158266418749277
ChrXVI,201000.0,0.0272,0.013319159132617948,35,0.0022513488020676473
ChrXVI,202000.0,0.07291428571428571,0.028210731613186858,35,0.004768483970377828
ChrXVI,203000.0,0.06862857142857143,0.027547910900066152,35,0.004656446821214597
ChrXVI,204000.0,0.07845714285714285,0.033732810748711754,35,0.0057018857056451155
ChrXVI,205000.0,0.028399999999999998,0.010423954313474891,35,0.0017619698678257953
ChrXVI,206000.0,0.028257142857142856,0.01154872760280099,35,0.0019520912540415838
ChrXVI,207000.0,0.03514285714285714,0.012602854151862158,35,0.002130271161633851
ChrXVI,208000.0,0.03897142857142857,0.012144923205350685,35,0.002052866704070645
ChrXVI,209000.0,0.021085714285714284,0.009717695891793391,35,0.0016425904058214023
ChrXVI,210000.0,0.0358,0.015453535670062125,35,0.0026121242844303802
ChrXVI,211000.0,0.03477142857142857,0.0124240888274866,35,0.0021000543067350654
ChrXVI,212000.0,0.07774285714285714,0.03073352534012219,35,0.005194913940802189
ChrXVI,213000.0,0.09757142857142857,0.03808603705411466,35,0.006437715252406589
ChrXVI,214000.0,0.06465714285714286,0.029525604897068833,35,0.00499073812043817
ChrXVI,215000.0,0.0652,0.0284943750899139,35,0.004816428468614199
ChrXVI,216000.0,0.023885714285714284,0.00738747520577676,35,0.0012487112203727305
ChrXVI,217000.0,0.028114285714285713,0.010156920065161685,35,0.0017168328416017678
ChrXVI,218000.0,0.04574285714285714,0.017589005351175985,35,0.002973084541797806
ChrXVI,219000.0,0.07857142857142857,0.033106144546332934,35,0.00559595978419811
ChrXVI,220000.0,0.09714285714285714,0.044224788668495746,35,0.007475353661529733
ChrXVI,221000.0,0.04502857142857143,0.019952127579734028,35,0.0033725251029796785
ChrXVI,222000.0,0.06302857142857143,0.028501275218411372,35,0.00481759480320576
ChrXVI,223000.0,0.04128571428571429,0.01616017513841362,35,0.002731568155077653
ChrXVI,224000.0,0.0428,0.016711742965387435,35,0.0028248001342253094
ChrXVI,225000.0,0.05965714285714286,0.026091403652119115,35,0.004410252161685525
ChrXVI,226000.0,0.08974285714285714,0.03706381052212748,35,0.006264927431845521
ChrXVI,227000.0,0.02917142857142857,0.010845128248328326,35,0.0018331612564302217
ChrXVI,228000.0,0.028742857142857143,0.011139074988374872,35,0.0018828473240330048
ChrXVI,229000.0,0.05848571428571429,0.02002552992406183,35,0.0033849323637028168
ChrXVI,230000.0,0.10657142857142857,0.04364178092169026,35,0.007376807365979265
ChrXVI,231000.0,0.05885714285714286,0.020290743843296773,35,0.003429761698153744
ChrXVI,232000.0,0.07694285714285715,0.0334135784807727,35,0.0056479256037460495
ChrXVI,233000.0,0.06774285714285715,0.02755565796191928,35,0.004657756313671961
ChrXVI,234000.0,0.1368,0.056460188993453356,35,0.009543513790118653
ChrXVI,235000.0,0.053,0.02230404869603934,35,0.003770072330625934
ChrXVI,236000.0,0.07434285714285714,0.028321622229566683,35,0.0047872279056264035
ChrXVI,237000.0,0.04774285714285714,0.023085955569086047,35,0.003902238714737313
ChrXVI,238000.0,0.0386,0.015930363165610358,35,0.002692722841757207
ChrXVI,239000.0,0.07488571428571429,0.03318289019480781,35,0.005608932166466199
ChrXVI,240000.0,0.029028571428571428,0.014569278140876388,35,0.0024626574818169705
ChrXVI,241000.0,0.047599999999999996,0.020140973748292604,35,0.00340444593154897
ChrXVI,242000.0,0.0346,0.01962471431039713,35,0.003317182159452748
ChrXVI,243000.0,0.04685714285714286,0.021816268696363564,35,0.003687622462206443
ChrXVI,244000.0,0.027142857142857142,0.011043078367553714,35,0.0018666209335276925
ChrXVI,245000.0,0.025314285714285716,0.011401164616908604,35,0.001927148556968105
ChrXVI,246000.0,0.06942857142857144,0.028515512511289583,35,0.004820001344936127
ChrXVI,247000.0,0.0042,0.0029882121351580584,35,0.0005051000400120437
ChrXVI,248000.0,0.056485714285714285,0.019234422923760517,35,0.003251210874252783
ChrXVI,249000.0,0.1465142857142857,0.0491877384461349,35,0.008314245285644868
ChrXVI,250000.0,0.149,0.0468432931981416,35,0.007917961710380951
ChrXVI,251000.0,0.21042857142857144,0.06474033460192917,35,0.010943113848273648
ChrXVI,252000.0,0.21645714285714288,0.07087492830461893,35,0.011980049442045452
ChrXVI,253000.0,0.25934285714285715,0.08040337381608062,35,0.01359065069503759
ChrXVI,254000.0,0.3957142857142857,0.11610709342179375,35,0.01962568080191807
ChrXVI,255000.0,0.10834285714285714,0.03877532785703002,35,0.006554226663372419
ChrXVI,256000.0,0.06565714285714286,0.024986988210505337,35,0.004223571879791973
ChrXVI,257000.0,0.06634285714285715,0.029506672084106525,35,0.004987537890952355
ChrXVI,258000.0,0.06485714285714286,0.028297934716931154,35,0.0047832239852088326
ChrXVI,259000.0,0.05174285714285714,0.018466731385581667,35,0.003121447320290596
ChrXVI,260000.0,0.0342,0.0076034048100757055,35,0.00128520998513175
ChrXVI,261000.0,0.014171428571428571,0.006336104362097814,35,0.0010709971120061762
ChrXVI,262000.0,0.05948571428571428,0.023451290480698158,35,0.003963991585727282
ChrXVI,263000.0,0.03894285714285714,0.01665381577392799,35,0.0028150086517600248
ChrXVI,264000.0,0.06174285714285714,0.02015577987042114,35,0.003406948622971563
ChrXVI,265000.0,0.021514285714285715,0.008329153013120026,35,0.0014078838214646467
ChrXVI,266000.0,0.18585714285714286,0.07648573217856226,35,0.012928448395347543
ChrXVI,267000.0,0.0726,0.027677980205125043,35,0.004678432546530618
ChrXVI,268000.0,0.0646,0.024151726281012326,35,0.00408238684508722
ChrXVI,269000.0,0.11965714285714285,0.04421866977083911,35,0.007474319379051983
ChrXVI,270000.0,0.08048571428571429,0.02872728916652497,35,0.004855798133181
ChrXVI,271000.0,0.06602857142857142,0.023947842484530114,35,0.004047924193473791
ChrXVI,272000.0,0.09288571428571428,0.036904305048224895,35,0.006237966085861268
ChrXVI,273000.0,0.1782857142857143,0.07466181456823727,35,0.012620150049619454
ChrXVI,274000.0,0.08817142857142857,0.03429841851463479,35,0.0057974908676205845
ChrXVI,275000.0,0.09588571428571428,0.038480530928044654,35,0.006504396887609842
ChrXVI,276000.0,0.15371428571428572,0.06512457358043593,35,0.011008062089777153
ChrXVI,277000.0,0.08477142857142857,0.03804879662183481,35,0.006431420470448739
ChrXVI,278000.0,0.10845714285714286,0.040302052828421454,35,0.006812290284446768
ChrXVI,279000.0,0.03451428571428571,0.01650021644879675,35,0.002789045627128406
ChrXVI,280000.0,0.05354285714285714,0.024467677186254443,35,0.00413579229545736
ChrXVI,281000.0,0.03357142857142857,0.012661395040426938,35,0.002140166377843073
ChrXVI,282000.0,0.05211428571428571,0.02503617550732566,35,0.004231886050429232
ChrXVI,283000.0,0.052257142857142856,0.019068518646222745,35,0.003223167933045041
ChrXVI,284000.0,0.13065714285714286,0.05352566336492676,35,0.009047488426006826
ChrXVI,285000.0,0.11085714285714285,0.04380648814229856,35,0.007404647967635587
ChrXVI,286000.0,0.06357142857142857,0.027613174300648288,35,0.004667478349350606
ChrXVI,287000.0,0.09888571428571429,0.039603751626040976,35,0.006694255837991987
ChrXVI,288000.0,0.08174285714285714,0.03275070080717884,35,0.005535878826505572
ChrXVI,289000.0,0.3964285714285714,0.11644041286382988,35,0.019682022070842183
ChrXVI,290000.0,0.24925714285714287,0.07773799996562468,35,0.013140120285006593
ChrXVI,291000.0,0.2027142857142857,0.06478088472080389,35,0.010949968069372991
ChrXVI,292000.0,0.2040857142857143,0.06359956133245474,35,0.010750287971798275
ChrXVI,293000.0,0.17980000000000002,0.05685213017893307,35,0.009609763942220958
ChrXVI,294000.0,0.1566857142857143,0.05774934246051507,35,0.009761420497655698
ChrXVI,295000.0,0.15408571428571427,0.0536126474480281,35,0.00906219141959218
ChrXVI,296000.0,0.13785714285714287,0.04186543067632633,35,0.007076549372427791
ChrXVI,297000.0,0.11265714285714286,0.031213630937501027,35,0.005276066598470929
ChrXVI,298000.0,0.17177142857142855,0.05418871475429815,35,0.009159564566573006
ChrXVI,299000.0,0.24860000000000002,0.07534282431970936,35,0.012735261707413103
ChrXVI,300000.0,0.3164571428571429,0.09061273214560281,35,0.015316347221086329
ChrXVI,301000.0,0.13542857142857143,0.048825189806736696,35,0.008252963380618183
ChrXVI,302000.0,0.029685714285714284,0.012065437825291148,35,0.0020394312226414387
ChrXVI,303000.0,0.02545714285714286,0.010173040661597743,35,0.001719557719735107
ChrXVI,304000.0,0.09445714285714286,0.04225297960752929,35,0.007142057098052125
ChrXVI,305000.0,0.12125714285714286,0.053394394317548124,35,0.009025299907225585
ChrXVI,306000.0,0.03842857142857143,0.015600312429536778,35,0.0026369340849834336
ChrXVI,307000.0,0.054142857142857145,0.016645336490763902,35,0.002813575391311389
ChrXVI,308000.0,0.10294285714285716,0.04644727742109254,35,0.007851022826598424
ChrXVI,309000.0,0.05882857142857143,0.02325749179016835,35,0.003931233628154865
ChrXVI,310000.0,0.018371428571428573,0.00836690157805186,35,0.0014142644935170538
ChrXVI,311000.0,0.04968571428571429,0.018825469962997766,35,0.00318208520729829
ChrXVI,312000.0,0.029371428571428573,0.011300925819141897,35,0.0019102051076838242
ChrXVI,313000.0,0.013514285714285713,0.01075221298308462,35,0.0018174557100802322
ChrXVI,314000.0,0.07454285714285715,0.026731060207779496,35,0.004518373853601797
ChrXVI,315000.0,0.03768571428571429,0.01635951140607134,35,0.0027652621340241777
ChrXVI,316000.0,0.012542857142857142,0.005942582411232151,35,0.0010044797617855398
ChrXVI,317000.0,0.018914285714285717,0.007570730901739582,35,0.0012796870866019733
ChrXVI,318000.0,0.01502857142857143,0.008743016420804309,35,0.0014778395054408098
ChrXVI,319000.0,0.08711428571428571,0.033586386798095155,35,0.00567713554067356
ChrXVI,320000.0,0.026371428571428573,0.011104015474767026,35,0.0018769211846141282
ChrXVI,321000.0,0.07865714285714286,0.031659904924556115,35,0.005351500670257784
ChrXVI,322000.0,0.0652,0.020871878068771072,35,0.003527991310799337
ChrXVI,323000.0,0.0376,0.011973500151683006,35,0.002023890919437486
ChrXVI,324000.0,0.08,0.0249446445979422,35,0.004216414502928312
ChrXVI,325000.0,0.07322857142857143,0.03400785870620956,35,0.005748377295951846
ChrXVI,326000.0,0.051514285714285714,0.01711959906857949,35,0.0028937403984112607
ChrXVI,327000.0,0.09974285714285715,0.040393172732051445,35,0.006827692359295436
ChrXVI,328000.0,0.04011428571428571,0.01753948726289848,35,0.0029647144571990553
ChrXVI,329000.0,0.05422857142857143,0.02465060041541253,35,0.004166711964539688
ChrXVI,330000.0,0.07714285714285715,0.03203228413477185,35,0.0054144442450350366
ChrXVI,331000.0,0.020085714285714287,0.010178903871911426,35,0.0017205487831637029
ChrXVI,332000.0,0.055657142857142856,0.01827718419737772,35,0.003089407997774118
ChrXVI,333000.0,0.046028571428571426,0.01573210601489405,35,0.0026592112668655586
ChrXVI,334000.0,0.017685714285714287,0.0056608637283775435,35,0.0009568606130953229
ChrXVI,335000.0,0.006314285714285714,0.003587325962750696,35,0.0006063687601033646
ChrXVI,336000.0,0.059828571428571425,0.018156971946117578,35,0.003069088418649517
ChrXVI,337000.0,0.048857142857142856,0.011631961184959454,35,0.001966160297261088
ChrXVI,338000.0,0.03237142857142857,0.013262254520178055,35,0.002241730167004197
ChrXVI,339000.0,0.044000000000000004,0.011156638751671314,35,0.0018858161418888115
ChrXVI,340000.0,0.051942857142857145,0.02016103238653111,35,0.003407836460239238
ChrXVI,341000.0,0.022971428571428573,0.005898582652716191,35,0.0009970424451621817
ChrXVI,342000.0,0.01842857142857143,0.006035608621222173,35,0.001020204061220407
ChrXVI,343000.0,0.0108,0.004241253976610885,35,0.000716902768743386
ChrXVI,344000.0,0.07214285714285713,0.026918332761437177,35,0.004550028692705329
ChrXVI,345000.0,0.0658,0.02257380053487306,35,0.0038156687134881665
ChrXVI,346000.0,0.09157142857142857,0.04043752313521347,35,0.006835188945681698
ChrXVI,347000.0,0.026857142857142857,0.011827542276505334,35,0.0019992195355939776
ChrXVI,348000.0,0.03962857142857143,0.014399929971818513,35,0.002434032416695021
ChrXVI,349000.0,0.03417142857142857,0.014657834111502833,35,0.002477626172888281
ChrXVI,350000.0,0.057628571428571425,0.02025439053969419,35,0.003423616868311112
ChrXVI,351000.0,0.056485714285714285,0.022369058762405858,35,0.003781061037463903
ChrXVI,352000.0,0.034742857142857145,0.013039178197540933,35,0.002204023386363006
ChrXVI,353000.0,0.033914285714285716,0.012317781094516863,35,0.002082085020169082
ChrXVI,354000.0,0.02277142857142857,0.007448196442904876,35,0.0012589749827549717
ChrXVI,355000.0,0.02982857142857143,0.011515937075318236,35,0.0019465486432782154
ChrXVI,356000.0,0.03331428571428571,0.014742438597407126,35,0.0024919269411345073
ChrXVI,357000.0,0.04171428571428571,0.018688737452354165,35,0.00315897319467226
ChrXVI,358000.0,0.024399999999999998,0.009493651129291927,35,0.0016047199289658516
ChrXVI,359000.0,0.017371428571428572,0.006817303737703113,35,0.001152334651939281
ChrXVI,360000.0,0.00982857142857143,0.005404168947840799,35,0.0009134712759078764
ChrXVI,361000.0,0.017742857142857144,0.0071879918538320774,35,0.0012149923796440196
ChrXVI,362000.0,0.0184,0.005342394263865992,35,0.0009030294485087129
ChrXVI,363000.0,0.042600000000000006,0.01914065583731009,35,0.003235361343839368
ChrXVI,364000.0,0.029257142857142857,0.02066019596903649,35,0.003492210505351227
ChrXVI,365000.0,0.1692857142857143,0.06408017562056947,35,0.01083152661389497
ChrXVI,366000.0,0.11348571428571429,0.04824470189051024,35,0.008154843014174728
ChrXVI,367000.0,0.07374285714285714,0.03334608439588996,35,0.005636517021144519
ChrXVI,368000.0,0.09214285714285715,0.03598704248602206,35,0.006082920414431487
ChrXVI,369000.0,0.035257142857142855,0.01315818434002391,35,0.002224139095894669
ChrXVI,370000.0,0.03362857142857143,0.012918490428760752,35,0.002183623430107354
ChrXVI,371000.0,0.0606,0.02535999628873604,35,0.004286621752664931
ChrXVI,372000.0,0.16711428571428572,0.0699393735058197,35,0.011821911818298083
ChrXVI,373000.0,0.09237142857142858,0.03800084032684301,35,0.006423314377098073
ChrXVI,374000.0,0.06088571428571428,0.022743805140497217,35,0.0038444047366415057
ChrXVI,375000.0,0.13134285714285715,0.0546044292844362,35,0.009229833147352732
ChrXVI,376000.0,0.05337142857142858,0.02300522410528647,35,0.0038885926067131786
ChrXVI,377000.0,0.0526,0.0199914687686876,35,0.0033791749776257173
ChrXVI,378000.0,0.06737142857142857,0.027916983776785007,35,0.004718831523627364
ChrXVI,379000.0,0.041342857142857146,0.01648340137861126,35,0.00278620336150624
ChrXVI,380000.0,0.028542857142857144,0.012735644414612954,35,0.0021527168127439215
ChrXVI,381000.0,0.053771428571428574,0.02066552359719488,35,0.0034931110388723625
ChrXVI,382000.0,0.07654285714285713,0.03282425829737984,35,0.005548312311667677
ChrXVI,383000.0,0.07585714285714285,0.030282146610855452,35,0.0051186170100954425
ChrXVI,384000.0,0.0538,0.01917841924418909,35,0.0032417445246387343
ChrXVI,385000.0,0.07245714285714286,0.02849390322522352,35,0.004816348708924052
ChrXVI,386000.0,0.07231428571428572,0.025890915314030892,35,0.004376363447293783
ChrXVI,387000.0,0.18291428571428572,0.06676621698952577,35,0.011285550472165014
ChrXVI,388000.0,0.29905714285714285,0.1033013703163888,35,0.017461118528436417
ChrXVI,389000.0,0.23794285714285712,0.07476431315145218,35,0.012637475472361
ChrXVI,390000.0,0.16328571428571428,0.059816666686178514,35,0.010110862070700258
ChrXVI,391000.0,0.17585714285714285,0.058127720863397944,35,0.009825378121074467
ChrXVI,392000.0,0.14005714285714285,0.048012830918131744,35,0.008115649666403983
ChrXVI,393000.0,0.0,0.0,35,0.0
ChrXVI,394000.0,0.0,0.0,35,0.0
ChrXVI,395000.0,0.0,0.0,35,0.0
ChrXVI,396000.0,0.0,0.0,35,0.0
ChrXVI,397000.0,0.0,0.0,35,0.0
ChrXVI,398000.0,0.0,0.0,35,0.0
ChrXVI,399000.0,0.0,0.0,35,0.0
ChrXVI,400000.0,0.0,0.0,35,0.0
ChrXVI,401000.0,0.0,0.0,35,0.0
ChrXVI,402000.0,0.0,0.0,35,0.0
ChrXVI,403000.0,0.0,0.0,35,0.0
ChrXVI,404000.0,0.0,0.0,35,0.0
ChrXVI,405000.0,0.0,0.0,35,0.0
ChrXVI,406000.0,0.0,0.0,35,0.0
ChrXVI,407000.0,0.0,0.0,35,0.0
ChrXVI,408000.0,0.0,0.0,35,0.0
ChrXVI,409000.0,0.0,0.0,35,0.0
ChrXVI,410000.0,0.0,0.0,35,0.0
ChrXVI,411000.0,0.0,0.0,35,0.0
ChrXVI,412000.0,0.0,0.0,35,0.0
ChrXVI,413000.0,0.0,0.0,35,0.0
ChrXVI,414000.0,0.0,0.0,35,0.0
ChrXVI,415000.0,0.0,0.0,35,0.0
ChrXVI,416000.0,0.0,0.0,35,0.0
ChrXVI,417000.0,0.0,0.0,35,0.0
ChrXVI,418000.0,0.0,0.0,35,0.0
ChrXVI,419000.0,0.0,0.0,35,0.0
ChrXVI,420000.0,0.0,0.0,35,0.0
ChrXVI,421000.0,0.0,0.0,35,0.0
ChrXVI,422000.0,0.0,0.0,35,0.0
ChrXVI,423000.0,0.0,0.0,35,0.0
ChrXVI,424000.0,0.0,0.0,35,0.0
ChrXVI,425000.0,0.0,0.0,35,0.0
ChrXVI,426000.0,0.0,0.0,35,0.0
ChrXVI,427000.0,0.0,0.0,35,0.0
ChrXVI,428000.0,0.0,0.0,35,0.0
ChrXVI,429000.0,0.0,0.0,35,0.0
ChrXVI,430000.0,0.0,0.0,35,0.0
ChrXVI,431000.0,0.0,0.0,35,0.0
ChrXVI,432000.0,0.0,0.0,35,0.0
ChrXVI,433000.0,0.0,0.0,35,0.0
ChrXVI,434000.0,0.0,0.0,35,0.0
ChrXVI,435000.0,0.0,0.0,35,0.0
ChrXVI,436000.0,0.0,0.0,35,0.0
ChrXVI,437000.0,0.0,0.0,35,0.0
ChrXVI,438000.0,0.0,0.0,35,0.0
ChrXVI,439000.0,0.0,0.0,35,0.0
ChrXVI,440000.0,0.0,0.0,35,0.0
ChrXVI,441000.0,0.0,0.0,35,0.0
ChrXVI,442000.0,0.0,0.0,35,0.0
ChrXVI,443000.0,0.0,0.0,35,0.0
ChrXVI,444000.0,0.0,0.0,35,0.0
ChrXVI,445000.0,0.0,0.0,35,0.0
ChrXVI,446000.0,0.0,0.0,35,0.0
ChrXVI,447000.0,0.0,0.0,35,0.0
ChrXVI,448000.0,0.0,0.0,35,0.0
ChrXVI,449000.0,0.0,0.0,35,0.0
ChrXVI,450000.0,0.0,0.0,35,0.0
ChrXVI,451000.0,0.0,0.0,35,0.0
ChrXVI,452000.0,0.0,0.0,35,0.0
ChrXVI,453000.0,0.0,0.0,35,0.0
ChrXVI,454000.0,0.0,0.0,35,0.0
ChrXVI,455000.0,0.0,0.0,35,0.0
ChrXVI,456000.0,0.0,0.0,35,0.0
ChrXVI,457000.0,0.0,0.0,35,0.0
ChrXVI,458000.0,0.0,0.0,35,0.0
ChrXVI,459000.0,0.0,0.0,35,0.0
ChrXVI,460000.0,0.0,0.0,35,0.0
ChrXVI,461000.0,0.0,0.0,35,0.0
ChrXVI,462000.0,0.0,0.0,35,0.0
ChrXVI,463000.0,0.0,0.0,35,0.0
ChrXVI,464000.0,0.0,0.0,35,0.0
ChrXVI,465000.0,0.0,0.0,35,0.0
ChrXVI,466000.0,0.0,0.0,35,0.0
ChrXVI,467000.0,0.0,0.0,35,0.0
ChrXVI,468000.0,0.0,0.0,35,0.0
ChrXVI,469000.0,0.0,0.0,35,0.0
ChrXVI,470000.0,0.0,0.0,35,0.0
ChrXVI,471000.0,0.0,0.0,35,0.0
ChrXVI,472000.0,0.0,0.0,35,0.0
ChrXVI,473000.0,0.0,0.0,35,0.0
ChrXVI,474000.0,0.0,0.0,35,0.0
ChrXVI,475000.0,0.0,0.0,35,0.0
ChrXVI,476000.0,0.0,0.0,35,0.0
ChrXVI,477000.0,0.0,0.0,35,0.0
ChrXVI,478000.0,0.0,0.0,35,0.0
ChrXVI,479000.0,0.0,0.0,35,0.0
ChrXVI,480000.0,0.0,0.0,35,0.0
ChrXVI,481000.0,0.0,0.0,35,0.0
ChrXVI,482000.0,0.0,0.0,35,0.0
ChrXVI,483000.0,0.0,0.0,35,0.0
ChrXVI,484000.0,0.0,0.0,35,0.0
ChrXVI,485000.0,0.0,0.0,35,0.0
ChrXVI,486000.0,0.0,0.0,35,0.0
ChrXVI,487000.0,0.0,0.0,35,0.0
ChrXVI,488000.0,0.0,0.0,35,0.0
ChrXVI,489000.0,0.0,0.0,35,0.0
ChrXVI,490000.0,0.0,0.0,35,0.0
ChrXVI,491000.0,0.0,0.0,35,0.0
ChrXVI,492000.0,0.0,0.0,35,0.0
ChrXVI,493000.0,0.0,0.0,35,0.0
ChrXVI,494000.0,0.0,0.0,35,0.0
ChrXVI,495000.0,0.0,0.0,35,0.0
ChrXVI,496000.0,0.0,0.0,35,0.0
ChrXVI,497000.0,0.0,0.0,35,0.0
ChrXVI,498000.0,0.0,0.0,35,0.0
ChrXVI,499000.0,0.0,0.0,35,0.0
ChrXVI,500000.0,0.0,0.0,35,0.0
ChrXVI,501000.0,0.0,0.0,35,0.0
ChrXVI,502000.0,0.0,0.0,35,0.0
ChrXVI,503000.0,0.0,0.0,35,0.0
ChrXVI,504000.0,0.0,0.0,35,0.0
ChrXVI,505000.0,0.0,0.0,35,0.0
ChrXVI,506000.0,0.0,0.0,35,0.0
ChrXVI,507000.0,0.0,0.0,35,0.0
ChrXVI,508000.0,0.0,0.0,35,0.0
ChrXVI,509000.0,0.0,0.0,35,0.0
ChrXVI,510000.0,0.0,0.0,35,0.0
ChrXVI,511000.0,0.0,0.0,35,0.0
ChrXVI,512000.0,0.0,0.0,35,0.0
ChrXVI,513000.0,0.0,0.0,35,0.0
ChrXVI,514000.0,0.0,0.0,35,0.0
ChrXVI,515000.0,0.0,0.0,35,0.0
ChrXVI,516000.0,0.0,0.0,35,0.0
ChrXVI,517000.0,0.0,0.0,35,0.0
ChrXVI,518000.0,0.0,0.0,35,0.0
ChrXVI,519000.0,0.0,0.0,35,0.0
ChrXVI,520000.0,0.0,0.0,35,0.0
ChrXVI,521000.0,0.0,0.0,35,0.0
ChrXVI,522000.0,0.0,0.0,35,0.0
ChrXVI,523000.0,0.0,0.0,35,0.0
ChrXVI,524000.0,0.0,0.0,35,0.0
ChrXVI,525000.0,0.0,0.0,35,0.0
ChrXVI,526000.0,0.0,0.0,35,0.0
ChrXVI,527000.0,0.0,0.0,35,0.0
ChrXVI,528000.0,0.0,0.0,35,0.0
ChrXVI,529000.0,0.0,0.0,35,0.0
ChrXVI,530000.0,0.0,0.0,35,0.0
ChrXVI,531000.0,0.0,0.0,35,0.0
ChrXVI,532000.0,0.0,0.0,35,0.0
ChrXVI,533000.0,0.0,0.0,35,0.0
ChrXVI,534000.0,0.0,0.0,35,0.0
ChrXVI,535000.0,0.0,0.0,35,0.0
ChrXVI,536000.0,0.0,0.0,35,0.0
ChrXVI,537000.0,0.0,0.0,35,0.0
ChrXVI,538000.0,0.0,0.0,35,0.0
ChrXVI,539000.0,0.0,0.0,35,0.0
ChrXVI,540000.0,0.0,0.0,35,0.0
ChrXVI,541000.0,0.0,0.0,35,0.0
ChrXVI,542000.0,0.0,0.0,35,0.0
ChrXVI,543000.0,0.0,0.0,35,0.0
ChrXVI,544000.0,0.0,0.0,35,0.0
ChrXVI,545000.0,0.0,0.0,35,0.0
ChrXVI,546000.0,0.0,0.0,35,0.0
ChrXVI,547000.0,0.0,0.0,35,0.0
ChrXVI,548000.0,0.0,0.0,35,0.0
ChrXVI,549000.0,0.0,0.0,35,0.0
ChrXVI,550000.0,0.0,0.0,35,0.0
ChrXVI,551000.0,0.0,0.0,35,0.0
ChrXVI,552000.0,0.0,0.0,35,0.0
ChrXVI,553000.0,0.0,0.0,35,0.0
ChrXVI,554000.0,0.0,0.0,35,0.0
ChrXVI,555000.0,0.0,0.0,35,0.0
ChrXVI,556000.0,0.0,0.0,35,0.0
ChrXVI,557000.0,0.0,0.0,35,0.0
ChrXVI,558000.0,0.0,0.0,31,0.0
