distance,median_nonzero,std_nonzero,count_nonzero
0,4.0,14.080763807095915,326.0
1,3.0,14.512963940659123,633.0
2,4.0,15.97980557919609,628.0
3,3.0,13.551678442965954,650.0
4,4.0,15.477531866353656,651.0
5,3.0,13.131368195428097,636.0
6,4.0,16.802397381145035,610.0
7,3.0,15.018926304617734,647.0
8,3.0,15.38414487164976,652.0
9,3.0,15.834547342448007,635.0
10,4.0,15.352604761150026,648.0
11,4.0,15.572965787193167,653.0
12,3.0,15.65352302783762,614.0
13,4.0,17.11255098498987,665.0
14,3.0,16.15721040967672,648.0
15,4.0,16.385360589630128,603.0
16,3.0,15.853992348317744,627.0
17,3.0,15.293274354972981,671.0
18,3.0,15.180919200814202,616.0
19,3.0,14.936502908827496,692.0
20,3.0,16.16670079870441,627.0
21,3.0,14.180365743188332,619.0
22,3.0,13.611884778555186,623.0
23,4.0,16.740528843281012,613.0
24,3.0,15.125888499221682,662.0
25,3.0,14.135147423245144,598.0
26,4.0,15.993301373418278,595.0
27,3.0,15.888630506919563,664.0
28,4.0,15.067023645936885,638.0
29,3.0,16.182765314998527,639.0
30,4.0,15.521337364875055,630.0
31,4.0,15.720923824389804,657.0
32,3.0,15.784000121277177,686.0
33,4.0,17.061425910450506,658.0
34,5.0,15.799623177886948,662.0
35,3.0,16.613839066668188,687.0
36,4.0,15.667896508653252,690.0
37,4.0,16.446854688586832,676.0
38,3.0,14.92499169315294,681.0
39,4.0,15.204413769752042,732.0
40,3.0,16.303929181296848,693.0
41,3.0,16.88673964791582,696.0
42,4.0,15.847930802036506,698.0
43,4.0,16.817042578048635,719.0
44,4.0,16.32185817710806,709.0
45,4.0,17.16093372153863,681.0
46,4.0,16.820948590842388,746.0
47,4.0,16.426598521206213,763.0
48,4.0,17.08932245012657,732.0
49,4.0,14.797729477398155,711.0
50,4.0,16.726260360531604,765.0
51,4.0,15.886758604775812,777.0
52,4.0,17.056824290329644,833.0
53,4.0,17.582297006331718,760.0
54,5.0,16.56572553340313,767.0
55,5.0,16.835191112369436,736.0
56,4.0,16.26704137607307,756.0
57,5.0,16.254903699252775,734.0
58,3.0,16.179798297711372,759.0
59,4.0,15.942507907728553,742.0
60,4.0,17.305823860242846,707.0
61,4.0,18.687645655492254,761.0
62,5.0,16.990487404078213,751.0
63,4.0,16.507639196027583,729.0
64,3.0,16.178789569901745,690.0
65,5.0,17.33534827688555,702.0
66,4.0,17.07647715248978,700.0
67,4.0,16.455901567474776,710.0
68,5.0,17.267379956472443,668.0
69,4.0,17.171168809683838,663.0
70,5.0,16.28600794164347,640.0
71,5.0,16.127637042805475,701.0
72,5.0,15.763037555300068,682.0
73,4.0,18.50449562320286,646.0
74,5.0,17.41361720063023,655.0
75,4.0,16.358243281983274,639.0
76,5.0,17.36361526677287,642.0
77,5.0,16.8181749954247,578.0
78,5.0,17.048127356689026,590.0
79,5.0,18.03380866390036,539.0
80,6.0,18.086157699768407,520.0
81,5.0,15.952850215011388,531.0
82,6.0,17.170641148137054,516.0
83,4.0,17.776537681557347,451.0
84,6.0,17.04150671647692,472.0
85,5.0,18.284594085470005,437.0
86,5.0,16.467002038625527,408.0
87,6.0,18.505186619672642,357.0
88,5.0,17.069170286842745,363.0
89,6.0,16.739371073972233,368.0
90,5.0,17.78521778318387,327.0
91,6.0,17.683454157327347,316.0
92,5.5,18.132658528228674,312.0
93,6.5,18.942419859546934,294.0
94,5.0,18.76969542565233,313.0
95,7.5,17.680246410812416,296.0
96,6.0,18.442628693759694,288.0
97,6.0,19.259886709798437,261.0
98,6.0,15.24556964632298,263.0
99,5.0,19.293504685419165,246.0
100,6.5,19.717426321970343,244.0
101,7.0,18.378636462350048,255.0
102,6.0,19.031097076741535,215.0
103,7.0,18.614345936162692,212.0
104,6.0,18.696795389029248,205.0
105,9.0,20.140609963998095,212.0
106,7.0,18.418287628523473,182.0
107,5.0,18.016514195111792,215.0
108,6.0,17.374801019239868,189.0
109,6.0,18.024556218272654,201.0
110,8.0,17.645289234399772,182.0
111,5.0,17.227993431116882,159.0
112,8.0,18.93134211527842,176.0
113,7.0,17.03928782943935,179.0
114,10.0,19.62581490887546,175.0
115,9.0,20.402984725629867,176.0
116,7.0,17.609391692823316,168.0
117,5.5,18.502189500552433,178.0
118,6.0,18.736147455560605,150.0
119,6.0,16.87959115275832,160.0
120,4.0,16.586454548601623,154.0
121,8.0,16.61038829431301,119.0
122,8.0,17.700397025486993,130.0
123,7.5,17.87057424850633,130.0
124,8.0,18.211536899798524,136.0
125,7.0,16.795018285943655,119.0
126,8.0,21.736249148071227,112.0
127,5.0,18.19972704509958,125.0
128,5.0,18.948769564710467,127.0
129,6.0,18.843326875632535,125.0
130,6.0,16.11202486134947,113.0
131,8.0,15.952510175867381,99.0
132,7.0,19.860364134977065,97.0
133,8.0,18.11045662596608,90.0
134,6.0,19.576261492564036,93.0
135,6.0,15.783020370042465,83.0
136,6.0,19.172681432858255,95.0
137,8.0,18.879422244064113,90.0
138,6.0,17.63515054652313,105.0
139,5.0,15.908229740782396,68.0
140,6.0,15.90330512414434,70.0
141,9.0,20.302488660169445,77.0
142,10.0,18.932322615893636,89.0
143,3.0,17.1938274708572,59.0
144,5.0,18.85861190829721,57.0
145,4.0,19.242200265621165,91.0
146,5.0,20.97057407317514,63.0
147,3.0,21.78955534705154,64.0
148,9.5,19.51634947487354,64.0
149,7.0,20.08930764586328,71.0
150,4.5,19.444743228330022,52.0
151,4.0,15.67815939581337,54.0
152,7.0,17.526582031138744,57.0
153,5.0,22.71241381924428,49.0
154,7.0,19.038166001636878,51.0
155,4.0,17.772870531889556,59.0
156,6.5,16.71131336578618,54.0
157,9.0,15.047580498149314,43.0
158,3.0,19.631988335020846,49.0
159,3.0,12.681463330196635,41.0
160,4.0,17.12564441348831,47.0
161,4.0,21.398812554531183,46.0
162,6.0,19.420691679395006,49.0
163,4.0,15.62824894996766,27.0
164,4.0,12.658356534233947,29.0
165,9.0,18.163980733265255,51.0
166,6.5,16.127271588489137,46.0
167,2.0,15.006998367428444,25.0
168,4.0,11.389204471543374,31.0
169,5.0,12.667228163842267,32.0
170,10.0,19.44596733633083,37.0
171,3.0,8.542241653870388,31.0
172,3.5,16.79656558301772,26.0
173,5.5,10.196509486294799,34.0
174,5.0,21.07220412711088,39.0
175,4.0,9.399341415632216,21.0
176,3.0,18.436096527530275,30.0
177,3.5,10.51088306820125,38.0
178,4.0,17.460288086943223,23.0
179,4.0,21.91339703690347,34.0
180,3.0,23.778281406919774,25.0
181,11.0,19.843540053915405,19.0
182,3.0,14.916114647939528,21.0
183,3.0,23.44683019416156,26.0
184,6.0,11.155086758565933,29.0
185,7.0,18.28100313871139,33.0
186,5.0,15.61588358389688,28.0
187,9.0,19.02817838314128,32.0
188,8.0,24.664633172918986,39.0
189,8.5,22.126799092847524,22.0
190,9.5,17.31241000640538,30.0
191,4.0,18.53671622712201,33.0
192,9.0,15.756954312156974,30.0
193,14.5,20.11875661704997,30.0
194,5.0,14.397871415549636,22.0
195,10.0,17.42611590887412,27.0
196,8.0,19.753747146194552,19.0
197,5.0,18.57178590992417,24.0
198,4.5,23.06921120773587,30.0
199,5.0,21.147352702307433,19.0
200,3.0,18.046417999547142,18.0
201,5.5,21.53557050791665,24.0
202,2.0,11.871534582072082,21.0
203,5.0,16.718680740844526,21.0
204,4.0,22.496648780411856,28.0
205,3.5,16.37371251544565,26.0
206,9.0,22.403762439121056,21.0
207,6.0,12.647964836002416,24.0
208,10.0,19.45518771444596,22.0
209,6.0,20.176102170990045,23.0
210,14.0,19.885757047025727,25.0
211,9.0,20.14127733366429,20.0
212,6.0,15.45732362845977,23.0
213,4.0,18.187546346477394,20.0
214,9.0,16.030233293581233,23.0
215,4.5,21.51443823648619,20.0
216,4.0,15.010884939491966,25.0
217,5.0,20.262432081222475,26.0
218,9.5,9.910589297301156,14.0
219,13.0,18.433664855367205,16.0
220,5.0,23.71105830017475,21.0
221,5.5,13.87677682550725,22.0
222,10.0,23.24660000440292,17.0
223,6.0,10.590651762847495,21.0
224,4.0,12.405604168210637,29.0
225,6.0,13.18610379654784,25.0
226,3.0,20.416453632973784,20.0
227,4.5,17.158395213882603,20.0
228,6.0,18.67336189453962,9.0
229,6.5,19.440496403973338,22.0
230,4.5,18.0235865798851,18.0
231,6.0,16.309281009867465,17.0
232,6.0,22.76770566070792,19.0
233,5.0,18.530202941485328,19.0
234,10.0,29.01939006940015,17.0
235,2.0,22.246098284618114,18.0
236,9.5,18.972029635669767,18.0
237,5.0,12.855926796663459,19.0
238,6.0,15.407747817590264,18.0
239,16.5,17.476781983441118,18.0
240,5.5,13.853222177741984,18.0
241,7.5,23.76762503911571,10.0
242,7.0,8.273726213414694,11.0
243,4.0,10.922110149535074,23.0
244,7.0,23.62326868850735,17.0
245,6.0,21.566839625419657,21.0
246,15.5,17.143556082432696,12.0
247,11.5,16.363487900314414,14.0
248,12.0,24.59831138669732,13.0
249,9.5,15.08802013679567,14.0
250,2.0,20.119997159897554,21.0
251,4.5,15.05947803836105,12.0
252,8.0,19.22551828585341,23.0
253,11.5,16.795636534332555,14.0
254,4.0,6.089082285281015,13.0
255,9.0,9.662150012142373,21.0
256,5.0,3.9171985454460234,10.0
257,7.0,21.99517853503078,12.0
258,3.0,11.455919659202191,7.0
259,8.0,22.558073203770455,16.0
260,6.0,20.536796244789496,25.0
261,2.0,21.983760239906964,15.0
262,6.0,10.627532377953239,9.0
263,4.0,23.890240470610372,13.0
264,6.0,8.638181626834541,11.0
265,3.0,7.237006909340901,19.0
266,4.0,17.787667044924664,14.0
267,19.0,21.44631540485322,9.0
268,5.0,17.485891748961798,13.0
269,6.0,20.23547278850581,13.0
270,3.0,12.217578760508596,13.0
271,8.0,11.73282109763423,12.0
272,2.5,6.696214282285605,8.0
273,17.0,21.29830150643059,17.0
274,4.0,12.587471725666138,9.0
275,12.0,23.135213317324204,7.0
276,20.0,21.10665556384784,11.0
277,3.0,11.153359847930842,13.0
278,2.0,18.563917895181703,7.0
279,4.5,26.37738930725834,6.0
280,17.0,29.904849105120057,5.0
281,16.0,29.363242327781176,5.0
282,2.0,15.088225391163318,11.0
283,33.0,33.326665999866634,6.0
284,4.0,17.985443849852317,7.0
285,8.5,16.339902822306634,12.0
286,11.0,24.904579804487675,7.0
287,8.5,23.432171616533257,10.0
288,8.0,10.053191864610298,6.0
289,9.0,14.500000000000002,4.0
290,6.5,23.421601750764797,8.0
291,5.0,28.20587578096856,7.0
292,35.0,26.65520587052368,8.0
293,4.5,21.96385016989768,8.0
294,3.0,15.41311462891594,13.0
295,4.0,12.322374328468888,12.0
296,7.0,24.147923766283142,10.0
297,4.0,23.80032679514203,10.0
298,3.0,10.568391982270011,11.0
299,27.0,29.558416737031095,5.0
300,3.0,24.853459405974945,9.0
301,3.5,20.41568024827975,6.0
302,9.5,18.858323457729842,12.0
303,3.0,1.3451854182690985,7.0
304,2.5,8.64787339672097,8.0
305,3.0,11.924531204388895,9.0
306,14.0,16.892799254909374,6.0
307,5.0,3.625307868699863,7.0
308,4.0,12.169212940438818,13.0
309,16.5,11.615363389350618,4.0
310,1.5,1.8929694486000912,4.0
311,2.0,10.542431272854339,7.0
312,2.0,19.26136028425822,9.0
313,9.0,6.244997998398398,4.0
314,6.0,12.302729081677077,8.0
315,5.0,10.734900802433865,7.0
316,4.0,14.372592966177974,7.0
317,10.5,19.956202043475106,4.0
318,32.0,25.37058664411737,4.0
319,3.0,17.227884373886425,5.0
320,9.0,30.05494967555261,5.0
321,5.0,10.819735055289785,10.0
322,1.0,6.013872850889572,6.0
323,2.5,22.03892660077359,8.0
324,3.5,5.354126134736337,6.0
325,9.0,18.62537951035527,7.0
326,6.0,32.19782601356806,5.0
327,3.5,16.84042754801671,6.0
328,3.0,18.282505298782223,9.0
329,14.5,12.275992831539126,6.0
330,2.0,13.116956409721938,11.0
331,1.5,0.7071067811865476,2.0
332,8.0,7.202622979011033,10.0
333,6.0,20.47437422731156,5.0
334,19.5,22.82104292095346,6.0
335,6.0,18.638073338673657,10.0
336,2.0,10.173494974687902,5.0
337,4.0,7.318718218625196,11.0
338,13.0,18.72965562950905,5.0
339,1.0,28.924367713383944,7.0
340,6.0,18.294808006644946,5.0
341,4.5,20.46216019876689,6.0
342,2.5,3.5777087639996634,6.0
343,9.0,13.316656236958787,10.0
344,3.0,27.263528751795867,5.0
345,5.0,11.096170510586074,8.0
346,4.5,12.952477240538455,6.0
347,2.0,15.01110699893027,3.0
348,8.5,10.677078252031311,4.0
349,3.0,15.767658279498818,7.0
350,2.0,0,1.0
351,1.0,23.81386150963342,6.0
352,57.0,0,1.0
353,19.0,0,1.0
354,9.5,22.566963844142993,8.0
355,5.0,2.5099800796022267,5.0
356,1.0,2.886751345948129,3.0
357,29.0,14.611639196202457,5.0
358,2.5,4.070217029430577,6.0
359,50.0,0,1.0
360,4.0,11.279986491042232,7.0
361,13.0,0,1.0
362,4.0,3.847076812334269,6.0
363,2.0,29.10670025956223,6.0
364,59.0,30.31171390733292,5.0
365,19.0,24.041630560342615,2.0
366,4.5,5.94418483337567,4.0
367,17.0,25.404067915722997,6.0
369,16.0,0,1.0
370,22.0,21.387579840378656,8.0
371,5.0,25.90918204586386,7.0
372,20.0,27.925602692050994,8.0
373,7.0,5.123475382979799,4.0
374,1.0,6.18869937870632,5.0
375,12.5,22.005681084665387,4.0
376,12.0,8.621678104251709,3.0
377,13.0,31.22018577779447,5.0
378,4.0,3.6209268304000717,9.0
379,1.0,8.500980335624043,6.0
380,19.0,40.84115571332428,3.0
381,7.0,29.52625949896126,5.0
382,1.0,1.3038404810405297,5.0
383,17.5,28.315484574110094,6.0
384,6.5,11.561430130683084,4.0
385,11.0,14.142135623730951,2.0
386,4.0,0,1.0
387,1.0,2.886751345948129,3.0
388,1.0,0.0,2.0
389,18.5,20.072784228070272,4.0
390,28.0,26.05187133393684,6.0
391,8.0,1.4142135623730951,2.0
392,13.5,19.55167146672778,8.0
393,27.0,19.078784028338912,3.0
394,26.0,27.814864131731202,4.0
395,19.5,21.908494764751477,8.0
396,5.0,5.259911279353167,4.0
397,22.5,22.128413107737,4.0
398,15.0,29.489303952773245,7.0
399,21.5,28.991378028648448,2.0
400,10.0,26.083200212652844,3.0
401,3.0,30.809089567853185,5.0
402,14.0,12.847827313077751,6.0
403,1.0,0.5773502691896257,3.0
404,8.0,16.990193249832878,4.0
405,2.0,10.183319694480774,5.0
406,17.0,16.0,3.0
407,13.5,19.110206696946005,6.0
408,12.5,13.437509689918986,6.0
409,8.0,32.761766334148305,4.0
410,6.5,4.949747468305833,2.0
411,7.0,33.77745796632225,4.0
412,25.5,27.463612289718917,4.0
413,13.0,0,1.0
414,14.0,22.42914770263611,6.0
416,1.0,0,1.0
417,9.0,9.678154093971983,4.0
418,4.0,7.127411872482185,5.0
419,1.0,2.6095064302514777,7.0
420,6.5,7.7781745930520225,2.0
421,21.0,26.919633479426622,4.0
422,2.0,5.686240703077327,4.0
423,16.5,7.7781745930520225,2.0
424,1.0,0.0,2.0
425,18.0,5.686240703077327,3.0
426,6.0,17.455658108475888,5.0
427,1.0,0.0,2.0
428,25.0,22.501851775650227,3.0
429,4.0,34.068558329736625,4.0
430,3.0,0,1.0
431,13.0,8.32666399786453,3.0
432,6.5,5.32290647422377,4.0
433,1.5,0.7071067811865476,2.0
434,17.0,25.632011235952593,4.0
435,4.0,0,1.0
436,11.0,7.127411872482185,5.0
437,11.0,5.859465277082315,3.0
438,2.0,0.5773502691896257,3.0
439,3.0,0.0,2.0
440,1.0,0.0,3.0
441,11.0,12.727922061357855,2.0
442,2.0,3.5,4.0
443,4.0,4.242640687119285,2.0
445,26.5,34.64823227814083,2.0
446,24.0,25.16611478423583,3.0
447,5.5,2.5,4.0
448,3.0,0,1.0
449,8.0,13.557285864065861,5.0
450,11.0,10.503967504392488,3.0
451,5.0,8.927485648266257,5.0
452,3.0,11.590225767142472,3.0
453,3.0,1.5275252316519468,3.0
454,11.0,0,1.0
455,2.0,1.4142135623730951,2.0
456,6.0,19.227584351654787,5.0
457,2.0,1.4142135623730951,2.0
458,25.0,14.798648586948742,3.0
459,8.0,10.692676621563626,3.0
460,18.0,26.352916166454715,7.0
461,1.0,0,1.0
462,19.0,1.4142135623730951,2.0
463,4.0,21.004761364985796,6.0
464,18.0,12.24744871391589,6.0
465,49.0,0,1.0
466,5.0,0,1.0
467,14.0,29.848227194703988,4.0
468,37.0,0,1.0
469,46.0,0,1.0
470,22.5,28.991378028648448,2.0
471,3.0,10.90489186863706,4.0
472,20.0,18.862661530123475,5.0
473,9.0,11.313708498984761,2.0
474,2.0,7.234178138070234,3.0
475,24.0,17.935068069752806,4.0
476,17.0,21.90433747000808,5.0
477,3.5,20.049937655763422,4.0
478,16.0,8.899438184514796,5.0
480,11.0,23.692474191889147,3.0
481,10.0,0,1.0
482,2.0,16.087262041752165,5.0
483,10.0,0,1.0
484,1.0,0,1.0
485,36.5,14.849242404917497,2.0
486,5.5,21.142374511865974,4.0
487,8.0,0,1.0
489,4.0,2.04939015319192,5.0
492,14.0,0,1.0
493,36.0,22.53219918250325,5.0
494,77.0,0,1.0
495,2.0,1.4142135623730951,2.0
496,3.5,10.739335795724674,4.0
497,29.0,20.663978319771825,3.0
498,3.0,1.4142135623730951,2.0
499,14.0,16.862186493255653,3.0
501,2.0,0,1.0
502,22.0,29.698484809834994,2.0
503,2.0,0.5,4.0
504,4.0,0,1.0
506,2.0,0,1.0
509,16.5,4.949747468305833,2.0
510,1.5,10.344080432788601,4.0
514,19.0,25.45584412271571,2.0
515,23.5,0.7071067811865476,2.0
516,10.5,22.63478149515328,4.0
517,17.5,21.920310216782973,2.0
518,9.5,12.020815280171307,2.0
519,8.0,0,1.0
520,67.0,0,1.0
521,58.0,0,1.0
522,14.0,14.142135623730951,2.0
523,16.0,12.727922061357855,2.0
524,15.0,12.529964086141668,3.0
525,7.0,8.0,5.0
526,8.0,5.656854249492381,2.0
528,11.0,6.501281924871945,6.0
529,25.0,26.870057685088806,2.0
530,12.0,22.338307903688676,3.0
531,2.0,1.4142135623730951,2.0
533,7.0,5.507570547286102,3.0
534,2.5,0.7071067811865476,2.0
536,1.5,0.7071067811865476,2.0
537,2.0,3.2145502536643185,3.0
538,2.0,0,1.0
539,65.0,0,1.0
541,36.0,48.08326112068523,2.0
542,23.0,24.041630560342615,2.0
543,22.0,17.61628034896508,3.0
544,10.0,0,1.0
545,1.0,0,1.0
546,47.0,25.45584412271571,2.0
547,3.0,1.4142135623730951,2.0
548,1.0,0,1.0
549,1.0,0,1.0
550,41.0,32.53203549323856,3.0
551,14.5,7.7781745930520225,2.0
552,71.0,0,1.0
555,3.0,1.4142135623730951,2.0
556,22.0,2.8284271247461903,2.0
557,27.5,10.606601717798213,2.0
558,7.0,20.8806130178211,3.0
559,39.5,19.091883092036785,2.0
560,5.0,4.242640687119285,2.0
561,7.0,0,1.0
562,22.5,30.405591591021544,2.0
564,6.0,0,1.0
565,1.0,0,1.0
566,5.0,0,1.0
567,1.0,0,1.0
570,4.5,4.949747468305833,2.0
571,67.0,0,1.0
572,30.5,40.30508652763321,2.0
573,26.0,0,1.0
574,1.0,0,1.0
575,19.0,22.627416997969522,2.0
578,2.0,0,1.0
579,8.0,9.899494936611665,2.0
580,5.0,0,1.0
584,18.5,20.506096654409877,2.0
585,1.0,0.5773502691896257,3.0
586,2.0,0,1.0
587,4.5,0.7071067811865476,2.0
588,10.0,5.656854249492381,2.0
589,1.0,0,1.0
591,19.0,0,1.0
592,28.0,0,1.0
593,55.0,0,1.0
594,25.0,0,1.0
595,9.0,5.656854249492381,2.0
596,8.0,0,1.0
597,18.0,0,1.0
599,1.0,0,1.0
600,5.5,6.363961030678928,2.0
602,2.5,2.1213203435596424,2.0
603,62.0,0,1.0
604,27.5,36.062445840513924,2.0
606,30.0,0,1.0
608,4.0,0,1.0
609,13.0,0,1.0
612,16.0,0,1.0
614,18.0,0,1.0
616,20.5,27.577164466275352,2.0
618,2.0,0,1.0
619,20.0,0,1.0
620,6.0,0,1.0
623,13.0,0,1.0
624,1.0,0,1.0
627,35.5,48.79036790187178,2.0
637,2.0,0,1.0
642,9.0,0,1.0
653,3.0,0,1.0
666,43.0,0,1.0
680,9.0,0,1.0
686,26.0,0,1.0
687,33.0,0,1.0
691,30.0,0,1.0
704,24.0,0,1.0
710,1.0,0,1.0
712,2.0,0,1.0
730,1.0,0,1.0
746,14.0,0,1.0
753,1.0,0,1.0
756,7.0,0,1.0
776,15.0,0,1.0
783,17.0,0,1.0
368,0,0,0
415,0,0,0
444,0,0,0
479,0,0,0
488,0,0,0
490,0,0,0
491,0,0,0
500,0,0,0
505,0,0,0
507,0,0,0
508,0,0,0
511,0,0,0
512,0,0,0
513,0,0,0
527,0,0,0
532,0,0,0
535,0,0,0
540,0,0,0
553,0,0,0
554,0,0,0
563,0,0,0
568,0,0,0
569,0,0,0
576,0,0,0
577,0,0,0
581,0,0,0
582,0,0,0
583,0,0,0
590,0,0,0
598,0,0,0
601,0,0,0
605,0,0,0
607,0,0,0
610,0,0,0
611,0,0,0
613,0,0,0
615,0,0,0
617,0,0,0
621,0,0,0
622,0,0,0
625,0,0,0
626,0,0,0
628,0,0,0
629,0,0,0
630,0,0,0
631,0,0,0
632,0,0,0
633,0,0,0
634,0,0,0
635,0,0,0
636,0,0,0
638,0,0,0
639,0,0,0
640,0,0,0
641,0,0,0
643,0,0,0
644,0,0,0
645,0,0,0
646,0,0,0
647,0,0,0
648,0,0,0
649,0,0,0
650,0,0,0
651,0,0,0
652,0,0,0
654,0,0,0
655,0,0,0
656,0,0,0
657,0,0,0
658,0,0,0
659,0,0,0
660,0,0,0
661,0,0,0
662,0,0,0
663,0,0,0
664,0,0,0
665,0,0,0
667,0,0,0
668,0,0,0
669,0,0,0
670,0,0,0
671,0,0,0
672,0,0,0
673,0,0,0
674,0,0,0
675,0,0,0
676,0,0,0
677,0,0,0
678,0,0,0
679,0,0,0
681,0,0,0
682,0,0,0
683,0,0,0
684,0,0,0
685,0,0,0
688,0,0,0
689,0,0,0
690,0,0,0
692,0,0,0
693,0,0,0
694,0,0,0
695,0,0,0
696,0,0,0
697,0,0,0
698,0,0,0
699,0,0,0
700,0,0,0
701,0,0,0
702,0,0,0
703,0,0,0
705,0,0,0
706,0,0,0
707,0,0,0
708,0,0,0
709,0,0,0
711,0,0,0
713,0,0,0
714,0,0,0
715,0,0,0
716,0,0,0
717,0,0,0
718,0,0,0
719,0,0,0
720,0,0,0
721,0,0,0
722,0,0,0
723,0,0,0
724,0,0,0
725,0,0,0
726,0,0,0
727,0,0,0
728,0,0,0
729,0,0,0
731,0,0,0
732,0,0,0
733,0,0,0
734,0,0,0
735,0,0,0
736,0,0,0
737,0,0,0
738,0,0,0
739,0,0,0
740,0,0,0
741,0,0,0
742,0,0,0
743,0,0,0
744,0,0,0
745,0,0,0
747,0,0,0
748,0,0,0
749,0,0,0
750,0,0,0
751,0,0,0
752,0,0,0
754,0,0,0
755,0,0,0
757,0,0,0
758,0,0,0
759,0,0,0
760,0,0,0
761,0,0,0
762,0,0,0
763,0,0,0
764,0,0,0
765,0,0,0
766,0,0,0
767,0,0,0
768,0,0,0
769,0,0,0
770,0,0,0
771,0,0,0
772,0,0,0
773,0,0,0
774,0,0,0
775,0,0,0
777,0,0,0
778,0,0,0
779,0,0,0
780,0,0,0
781,0,0,0
782,0,0,0
784,0,0,0
785,0,0,0
