dataset_A,dataset_B,n_bins_compared,spearman_r,spearman_p,pearson_r,pearson_p
yTW001_6,yTW001_4,218519,0.3821884139123768,0.0,0.3767505659740735,0.0
yTW001_6,FD9_1,218519,0.3396207921015672,0.0,0.38857252222168936,0.0
yTW001_6,FD7_2,218519,0.33537777910507205,0.0,0.3791072882916803,0.0
yTW001_6,FD12,218519,0.3346367124281063,0.0,0.39424070529461674,0.0
yTW001_6,FD7_1,218519,0.3302905681213695,0.0,0.37820223640326855,0.0
yTW001_6,FD7_6,218519,0.3373947644579635,0.0,0.3765200392391286,0.0
yTW001_6,FD7_3,218519,0.33831917765797753,0.0,0.3786415910184062,0.0
yTW001_6,FD7_4,218519,0.33867422914854733,0.0,0.3773748469924743,0.0
yTW001_6,FD9_2,218519,0.3391499566788226,0.0,0.3868074995565187,0.0
yTW001_6,FD11,218519,0.3341545845905337,0.0,0.36743189272904314,0.0
yTW001_6,FD7_5,218519,0.3402199246218336,0.0,0.3765083081510531,0.0
yTW001_6,FD9_3,218519,0.34177774762869245,0.0,0.3872041331398496,0.0
yTW001_6,yEK23c_10,218519,0.3202726565465715,0.0,0.3665386741921116,0.0
yTW001_6,yEK23b_1,218519,0.31901488719510185,0.0,0.3397018416052466,0.0
yTW001_6,yEK23a_23,218519,0.2888258312914024,0.0,0.30790582245345766,0.0
yTW001_6,yEK23a_27,218519,0.333122835302467,0.0,0.3774396459143523,0.0
yTW001_6,yEK23b_2,218519,0.3276239858735211,0.0,0.3633085920411382,0.0
yTW001_6,yEK23a_32,218519,0.3122032183655988,0.0,0.3560139674130137,0.0
yTW001_6,yLIC137_7,218519,0.3341429795419159,0.0,0.31569058649879145,0.0
yTW001_6,yLIC137_8,218519,0.3435050103945572,0.0,0.3250577798452454,0.0
yTW001_6,yWT04a_14,218519,0.28047398862601247,0.0,0.22616393074133384,0.0
yTW001_6,yWT04a_23,218519,0.2961482947552136,0.0,0.2626579634435867,0.0
yTW001_6,yWT03a_16,218519,0.18785147350780138,0.0,0.13610339528088836,0.0
yTW001_6,yWT03a_21,218519,0.21097314141379941,0.0,0.17714794390438976,0.0
yTW001_6,yEK19c_9,218519,0.33211157044396616,0.0,0.36534151025737943,0.0
yTW001_6,yEK19a_7,218519,0.34088635925754374,0.0,0.37441718279010117,0.0
yTW001_6,yEK19c_7,218519,0.33428327517825807,0.0,0.37261033949946615,0.0
yTW001_6,yEK19a_6,218519,0.3290841395341183,0.0,0.3626385469902688,0.0
yTW001_6,yEK19a_8,218519,0.3317211173877213,0.0,0.3833963906315202,0.0
yTW001_6,yEK19b_12,218519,0.34209309116835257,0.0,0.36561121567887717,0.0
yTW001_6,dnrp1-1-b,218519,0.35732379032808154,0.0,0.3067814413996852,0.0
yTW001_6,dnrp1-1-a,218519,0.3612096365054642,0.0,0.31733602773497555,0.0
yTW001_6,dnrp1-2-a,218519,0.37232274347982103,0.0,0.3250048971861432,0.0
yTW001_6,dnrp1-2-b,218519,0.3722400197843376,0.0,0.3298945713111775,0.0
yTW001_4,FD9_1,218519,0.3321930698334565,0.0,0.3698634088730308,0.0
yTW001_4,FD7_2,218519,0.3308226114557463,0.0,0.3641676771301219,0.0
yTW001_4,FD12,218519,0.3322513453184541,0.0,0.37442307926070956,0.0
yTW001_4,FD7_1,218519,0.32432010842067577,0.0,0.363240105832616,0.0
yTW001_4,FD7_6,218519,0.33205357700430327,0.0,0.3637562909768739,0.0
yTW001_4,FD7_3,218519,0.33138753483132566,0.0,0.3651642672611815,0.0
yTW001_4,FD7_4,218519,0.33291653706567537,0.0,0.3651622773910047,0.0
yTW001_4,FD9_2,218519,0.3324937708129251,0.0,0.36882272911850467,0.0
yTW001_4,FD11,218519,0.32747824409900567,0.0,0.34909208527242497,0.0
yTW001_4,FD7_5,218519,0.3341870540678742,0.0,0.36497010249160033,0.0
yTW001_4,FD9_3,218519,0.33627515375812705,0.0,0.3692253217489697,0.0
yTW001_4,yEK23c_10,218519,0.3153330552320423,0.0,0.34910909294309206,0.0
yTW001_4,yEK23b_1,218519,0.3134132738141722,0.0,0.3354490844595698,0.0
yTW001_4,yEK23a_23,218519,0.2801059645449371,0.0,0.28357890789562157,0.0
yTW001_4,yEK23a_27,218519,0.3327938178432043,0.0,0.3576246376300086,0.0
yTW001_4,yEK23b_2,218519,0.32407777950253186,0.0,0.3503482325908657,0.0
yTW001_4,yEK23a_32,218519,0.3098736058426432,0.0,0.33723121857580035,0.0
yTW001_4,yLIC137_7,218519,0.3372550335019667,0.0,0.3179731384613612,0.0
yTW001_4,yLIC137_8,218519,0.3463918361087783,0.0,0.31673235902742647,0.0
yTW001_4,yWT04a_14,218519,0.28241675433139074,0.0,0.22954729432789853,0.0
yTW001_4,yWT04a_23,218519,0.29583201263994313,0.0,0.2480256117928489,0.0
yTW001_4,yWT03a_16,218519,0.1954459044936961,0.0,0.14395050152787958,0.0
yTW001_4,yWT03a_21,218519,0.21813226117018156,0.0,0.17465546367645923,0.0
yTW001_4,yEK19c_9,218519,0.32588864910787,0.0,0.34983354511678344,0.0
yTW001_4,yEK19a_7,218519,0.3389039896403856,0.0,0.35684921118632273,0.0
yTW001_4,yEK19c_7,218519,0.3322954984022584,0.0,0.3604205087348548,0.0
yTW001_4,yEK19a_6,218519,0.32847213798154773,0.0,0.3502868359069896,0.0
yTW001_4,yEK19a_8,218519,0.3244780618936748,0.0,0.3655378709852493,0.0
yTW001_4,yEK19b_12,218519,0.33587968566873855,0.0,0.3523042408304042,0.0
yTW001_4,dnrp1-1-b,218519,0.36385604991481035,0.0,0.30966160726628494,0.0
yTW001_4,dnrp1-1-a,218519,0.36762070243233946,0.0,0.30823794491757556,0.0
yTW001_4,dnrp1-2-a,218519,0.3744617225881043,0.0,0.32533344790427676,0.0
yTW001_4,dnrp1-2-b,218519,0.37301184739986815,0.0,0.3263935011330177,0.0
FD9_1,FD7_2,218519,0.3976821619961404,0.0,0.5135849810208424,0.0
FD9_1,FD12,218519,0.40663978805614465,0.0,0.5340664400314924,0.0
FD9_1,FD7_1,218519,0.397046120236551,0.0,0.5128114241096872,0.0
FD9_1,FD7_6,218519,0.4008269923454169,0.0,0.5112097474224535,0.0
FD9_1,FD7_3,218519,0.39820327665907596,0.0,0.5121274436863033,0.0
FD9_1,FD7_4,218519,0.3988399289067245,0.0,0.5140812797360785,0.0
FD9_1,FD9_2,218519,0.7659376304115773,0.0,0.9533211758007281,0.0
FD9_1,FD11,218519,0.3938313401106627,0.0,0.49855829611467944,0.0
FD9_1,FD7_5,218519,0.40182277341839107,0.0,0.5131553872794529,0.0
FD9_1,FD9_3,218519,0.763676376982613,0.0,0.9561300890974462,0.0
FD9_1,yEK23c_10,218519,0.37921203384350793,0.0,0.49250796628113946,0.0
FD9_1,yEK23b_1,218519,0.3807171631689256,0.0,0.46494536480270776,0.0
FD9_1,yEK23a_23,218519,0.3393184608807528,0.0,0.4111641930831943,0.0
FD9_1,yEK23a_27,218519,0.3949365246668003,0.0,0.5040917696242366,0.0
FD9_1,yEK23b_2,218519,0.3898375322378355,0.0,0.492010233123935,0.0
FD9_1,yEK23a_32,218519,0.37673645222580066,0.0,0.4771391050169279,0.0
FD9_1,yLIC137_7,218519,0.2847562024149157,0.0,0.33617100566213176,0.0
FD9_1,yLIC137_8,218519,0.30272304476744,0.0,0.33581409368395454,0.0
FD9_1,yWT04a_14,218519,0.23261858916671388,0.0,0.26171192672683496,0.0
FD9_1,yWT04a_23,218519,0.27341314958707796,0.0,0.31852644025366655,0.0
FD9_1,yWT03a_16,218519,0.09514931842887843,0.0,0.09576352070954441,0.0
FD9_1,yWT03a_21,218519,0.1355512986488014,0.0,0.14343866013440837,0.0
FD9_1,yEK19c_9,218519,0.3921147964222356,0.0,0.49170352698289377,0.0
FD9_1,yEK19a_7,218519,0.38658877858566515,0.0,0.4953118291714829,0.0
FD9_1,yEK19c_7,218519,0.392149709036051,0.0,0.5099595508872854,0.0
FD9_1,yEK19a_6,218519,0.3817912669923939,0.0,0.48977045753186677,0.0
FD9_1,yEK19a_8,218519,0.39452741747806136,0.0,0.5161742968505763,0.0
FD9_1,yEK19b_12,218519,0.40507942296529414,0.0,0.49645266813655864,0.0
FD9_1,dnrp1-1-b,218519,0.3199407619208255,0.0,0.3294939775369178,0.0
FD9_1,dnrp1-1-a,218519,0.3217922464214604,0.0,0.3335661672929362,0.0
FD9_1,dnrp1-2-a,218519,0.3261771100210259,0.0,0.34892790866779716,0.0
FD9_1,dnrp1-2-b,218519,0.32719164349567664,0.0,0.3508656200576684,0.0
FD7_2,FD12,218519,0.4017634395054288,0.0,0.5194249136232818,0.0
FD7_2,FD7_1,218519,0.7833114986851806,0.0,0.9526323178605237,0.0
FD7_2,FD7_6,218519,0.7836080169953219,0.0,0.9516643260929594,0.0
FD7_2,FD7_3,218519,0.78239425674707,0.0,0.9507408504895571,0.0
FD7_2,FD7_4,218519,0.785046009181525,0.0,0.9509445185024981,0.0
FD7_2,FD9_2,218519,0.39830145605734596,0.0,0.5105826330498597,0.0
FD7_2,FD11,218519,0.38841805728181206,0.0,0.48793644245988843,0.0
FD7_2,FD7_5,218519,0.782939412715532,0.0,0.9516395841236255,0.0
FD7_2,FD9_3,218519,0.3978399321206384,0.0,0.5117567021990708,0.0
FD7_2,yEK23c_10,218519,0.37496395117384196,0.0,0.4807911271244112,0.0
FD7_2,yEK23b_1,218519,0.380959954890269,0.0,0.45603412814444777,0.0
FD7_2,yEK23a_23,218519,0.3346081484695585,0.0,0.40620717529174444,0.0
FD7_2,yEK23a_27,218519,0.39306888131389756,0.0,0.49511805772947226,0.0
FD7_2,yEK23b_2,218519,0.3789791938316018,0.0,0.4798406785685558,0.0
FD7_2,yEK23a_32,218519,0.36892093138211474,0.0,0.466036026521191,0.0
FD7_2,yLIC137_7,218519,0.2865549135410039,0.0,0.3277835501638442,0.0
FD7_2,yLIC137_8,218519,0.2973902970769419,0.0,0.32858339409941295,0.0
FD7_2,yWT04a_14,218519,0.2347603775468331,0.0,0.2638659651566262,0.0
FD7_2,yWT04a_23,218519,0.27314510106542994,0.0,0.30980028147880345,0.0
FD7_2,yWT03a_16,218519,0.0949753822574379,0.0,0.08504402235236885,0.0
FD7_2,yWT03a_21,218519,0.1399499108685636,0.0,0.14226438091537247,0.0
FD7_2,yEK19c_9,218519,0.3900804235952086,0.0,0.48628559588327147,0.0
FD7_2,yEK19a_7,218519,0.38650487107427395,0.0,0.49411205267902913,0.0
FD7_2,yEK19c_7,218519,0.3897406082090818,0.0,0.49690599951210424,0.0
FD7_2,yEK19a_6,218519,0.379927686904684,0.0,0.4754368827000284,0.0
FD7_2,yEK19a_8,218519,0.3849347637842238,0.0,0.5100903878533336,0.0
FD7_2,yEK19b_12,218519,0.40024650197972006,0.0,0.486373892805794,0.0
FD7_2,dnrp1-1-b,218519,0.3253065676948786,0.0,0.3205850906470723,0.0
FD7_2,dnrp1-1-a,218519,0.3269715617747908,0.0,0.32291593957833764,0.0
FD7_2,dnrp1-2-a,218519,0.3310606741056017,0.0,0.3469452997291228,0.0
FD7_2,dnrp1-2-b,218519,0.33143950390255733,0.0,0.3487943275612153,0.0
FD12,FD7_1,218519,0.4019036148628906,0.0,0.5204460616898194,0.0
FD12,FD7_6,218519,0.40409042203108136,0.0,0.5184355444644663,0.0
FD12,FD7_3,218519,0.40228529228674753,0.0,0.519382997113436,0.0
FD12,FD7_4,218519,0.40208709558556716,0.0,0.5205392327945564,0.0
FD12,FD9_2,218519,0.40885093465457173,0.0,0.5327520994627312,0.0
FD12,FD11,218519,0.3971957393966865,0.0,0.5121024222091104,0.0
FD12,FD7_5,218519,0.4040096335484229,0.0,0.5200392212597773,0.0
FD12,FD9_3,218519,0.4072103248470145,0.0,0.5331225948473899,0.0
FD12,yEK23c_10,218519,0.38839393768163893,0.0,0.5012770134320979,0.0
FD12,yEK23b_1,218519,0.38703662139088574,0.0,0.4779062411015492,0.0
FD12,yEK23a_23,218519,0.34486870445507534,0.0,0.4243443982082826,0.0
FD12,yEK23a_27,218519,0.4061500794176198,0.0,0.5207795809523234,0.0
FD12,yEK23b_2,218519,0.3916745088834213,0.0,0.5036888608633382,0.0
FD12,yEK23a_32,218519,0.3860479253787956,0.0,0.4946945614960524,0.0
FD12,yLIC137_7,218519,0.2882992824779002,0.0,0.3382835910274289,0.0
FD12,yLIC137_8,218519,0.3003347083074969,0.0,0.3348487959016826,0.0
FD12,yWT04a_14,218519,0.232487365504265,0.0,0.2664699547538717,0.0
FD12,yWT04a_23,218519,0.27172357554899856,0.0,0.3274128434187143,0.0
FD12,yWT03a_16,218519,0.09015732259914389,0.0,0.09221696146121905,0.0
FD12,yWT03a_21,218519,0.13086974231742146,0.0,0.14882382813289974,0.0
FD12,yEK19c_9,218519,0.3975515660244559,0.0,0.5071755599209713,0.0
FD12,yEK19a_7,218519,0.3980966399269157,0.0,0.5154111594366548,0.0
FD12,yEK19c_7,218519,0.3983501390031669,0.0,0.5211845572414664,0.0
FD12,yEK19a_6,218519,0.38690618095630397,0.0,0.500634053700999,0.0
FD12,yEK19a_8,218519,0.40018105541985816,0.0,0.5326576419263466,0.0
FD12,yEK19b_12,218519,0.4133470083254825,0.0,0.5073212549705945,0.0
FD12,dnrp1-1-b,218519,0.3238107449219775,0.0,0.33988279322807224,0.0
FD12,dnrp1-1-a,218519,0.3235777275315213,0.0,0.3399655663196802,0.0
FD12,dnrp1-2-a,218519,0.33289446350358715,0.0,0.36324608358315774,0.0
FD12,dnrp1-2-b,218519,0.33162686055558177,0.0,0.363451720208647,0.0
FD7_1,FD7_6,218519,0.7824019253857152,0.0,0.9497310514097208,0.0
FD7_1,FD7_3,218519,0.781076844805561,0.0,0.9517299949003594,0.0
FD7_1,FD7_4,218519,0.7818647774962592,0.0,0.9490503170834089,0.0
FD7_1,FD9_2,218519,0.3976417738206958,0.0,0.5098093947560994,0.0
FD7_1,FD11,218519,0.3893690479349439,0.0,0.4883394589599485,0.0
FD7_1,FD7_5,218519,0.7821720971867021,0.0,0.9522816473708358,0.0
FD7_1,FD9_3,218519,0.39686659328478663,0.0,0.5111818803273871,0.0
FD7_1,yEK23c_10,218519,0.3750505756238322,0.0,0.47903479404060056,0.0
FD7_1,yEK23b_1,218519,0.380617261071086,0.0,0.45782731855926717,0.0
FD7_1,yEK23a_23,218519,0.332603948951862,0.0,0.40520945031634004,0.0
FD7_1,yEK23a_27,218519,0.3938079228383346,0.0,0.49638769110150993,0.0
FD7_1,yEK23b_2,218519,0.38170751460058494,0.0,0.48066311238594794,0.0
FD7_1,yEK23a_32,218519,0.36879276317192106,0.0,0.46675651258981676,0.0
FD7_1,yLIC137_7,218519,0.2799328320476687,0.0,0.326647843861902,0.0
FD7_1,yLIC137_8,218519,0.2926315623042407,0.0,0.32747785196754076,0.0
FD7_1,yWT04a_14,218519,0.2277007635376723,0.0,0.26376867101982804,0.0
FD7_1,yWT04a_23,218519,0.26866225054575604,0.0,0.3134717212719239,0.0
FD7_1,yWT03a_16,218519,0.08398711017187961,0.0,0.0826378033742698,0.0
FD7_1,yWT03a_21,218519,0.13337885278518802,0.0,0.14152323260029281,0.0
FD7_1,yEK19c_9,218519,0.3897807119913233,0.0,0.48619404678819844,0.0
FD7_1,yEK19a_7,218519,0.38736959749082817,0.0,0.49540308456209553,0.0
FD7_1,yEK19c_7,218519,0.38691582879132735,0.0,0.4996318603819806,0.0
FD7_1,yEK19a_6,218519,0.38024192768690085,0.0,0.47856961680573434,0.0
FD7_1,yEK19a_8,218519,0.3868365159541289,0.0,0.509862100676468,0.0
FD7_1,yEK19b_12,218519,0.39991905588560456,0.0,0.4857093423061516,0.0
FD7_1,dnrp1-1-b,218519,0.3180616188277051,0.0,0.3202390176670403,0.0
FD7_1,dnrp1-1-a,218519,0.3206378764623408,0.0,0.3247824216659497,0.0
FD7_1,dnrp1-2-a,218519,0.3254468335164608,0.0,0.3481285015670099,0.0
FD7_1,dnrp1-2-b,218519,0.3238015094895418,0.0,0.3501968242353011,0.0
FD7_6,FD7_3,218519,0.7838735423117845,0.0,0.9517864248605601,0.0
FD7_6,FD7_4,218519,0.7862526952258646,0.0,0.955571683114447,0.0
FD7_6,FD9_2,218519,0.4003675054090796,0.0,0.5088835389211488,0.0
FD7_6,FD11,218519,0.38940642754042537,0.0,0.4855009293020461,0.0
FD7_6,FD7_5,218519,0.7853802983241596,0.0,0.9557518451912076,0.0
FD7_6,FD9_3,218519,0.3999942507173284,0.0,0.5096443774913507,0.0
FD7_6,yEK23c_10,218519,0.3777792659703304,0.0,0.47953302364533135,0.0
FD7_6,yEK23b_1,218519,0.37998956372063164,0.0,0.45282192253811937,0.0
FD7_6,yEK23a_23,218519,0.33495300272642725,0.0,0.405986612977198,0.0
FD7_6,yEK23a_27,218519,0.3952920639064325,0.0,0.49578760010698636,0.0
FD7_6,yEK23b_2,218519,0.3833954969502188,0.0,0.4810700191404824,0.0
FD7_6,yEK23a_32,218519,0.37149104998264276,0.0,0.4694301514655608,0.0
FD7_6,yLIC137_7,218519,0.2876097239582479,0.0,0.3279542508123459,0.0
FD7_6,yLIC137_8,218519,0.2984597075794432,0.0,0.3279254956430301,0.0
FD7_6,yWT04a_14,218519,0.23390153637403313,0.0,0.26302617947416496,0.0
FD7_6,yWT04a_23,218519,0.2740199423334882,0.0,0.31178784946849225,0.0
FD7_6,yWT03a_16,218519,0.09169457316972013,0.0,0.08375009425195978,0.0
FD7_6,yWT03a_21,218519,0.13708255277218395,0.0,0.14063466839298344,0.0
FD7_6,yEK19c_9,218519,0.3918501450363869,0.0,0.4827580657477326,0.0
FD7_6,yEK19a_7,218519,0.38954984485944066,0.0,0.4943133852518131,0.0
FD7_6,yEK19c_7,218519,0.391491017224832,0.0,0.49591166430689443,0.0
FD7_6,yEK19a_6,218519,0.3811733202251369,0.0,0.4749480034582646,0.0
FD7_6,yEK19a_8,218519,0.38966141182762914,0.0,0.5098427444224989,0.0
FD7_6,yEK19b_12,218519,0.4019561836056412,0.0,0.48628523300897997,0.0
FD7_6,dnrp1-1-b,218519,0.32589780825355796,0.0,0.31937822037615016,0.0
FD7_6,dnrp1-1-a,218519,0.3273313655882886,0.0,0.32250741338516187,0.0
FD7_6,dnrp1-2-a,218519,0.33405420481539516,0.0,0.3462432490452185,0.0
FD7_6,dnrp1-2-b,218519,0.3350065697110121,0.0,0.34901051015028894,0.0
FD7_3,FD7_4,218519,0.7845686582379627,0.0,0.9494747414580547,0.0
FD7_3,FD9_2,218519,0.3993081817328668,0.0,0.5099042945661063,0.0
FD7_3,FD11,218519,0.38944627649943037,0.0,0.48793348808723225,0.0
FD7_3,FD7_5,218519,0.7820727368594229,0.0,0.9517039682465847,0.0
FD7_3,FD9_3,218519,0.3981576177134939,0.0,0.510760792450372,0.0
FD7_3,yEK23c_10,218519,0.3746794216328687,0.0,0.48006328883577576,0.0
FD7_3,yEK23b_1,218519,0.3800362124630463,0.0,0.4555462281510383,0.0
FD7_3,yEK23a_23,218519,0.33330778346960216,0.0,0.40503449090627947,0.0
FD7_3,yEK23a_27,218519,0.39485131388648087,0.0,0.4983142392947016,0.0
FD7_3,yEK23b_2,218519,0.38320362789018314,0.0,0.48064920675459605,0.0
FD7_3,yEK23a_32,218519,0.3707974890661111,0.0,0.46768307010264787,0.0
FD7_3,yLIC137_7,218519,0.2882547896980681,0.0,0.32825204889951987,0.0
FD7_3,yLIC137_8,218519,0.29840065034701,0.0,0.3268936199077436,0.0
FD7_3,yWT04a_14,218519,0.23384762565755704,0.0,0.26461296961511693,0.0
FD7_3,yWT04a_23,218519,0.27610970785663136,0.0,0.3155486044878171,0.0
FD7_3,yWT03a_16,218519,0.09280580748889773,0.0,0.0851212139135415,0.0
FD7_3,yWT03a_21,218519,0.13995353943409142,0.0,0.1417863496728417,0.0
FD7_3,yEK19c_9,218519,0.3900989738380762,0.0,0.4860001320608112,0.0
FD7_3,yEK19a_7,218519,0.3866775125234916,0.0,0.4921930115377308,0.0
FD7_3,yEK19c_7,218519,0.38902258023981495,0.0,0.497714260083093,0.0
FD7_3,yEK19a_6,218519,0.38012701128595416,0.0,0.47607042410472666,0.0
FD7_3,yEK19a_8,218519,0.38548087662145786,0.0,0.5094226869737768,0.0
FD7_3,yEK19b_12,218519,0.40070782980885333,0.0,0.48603367101449546,0.0
FD7_3,dnrp1-1-b,218519,0.3266393383285136,0.0,0.31997739712696327,0.0
FD7_3,dnrp1-1-a,218519,0.3295058571136909,0.0,0.3235083809493209,0.0
FD7_3,dnrp1-2-a,218519,0.3336759523103012,0.0,0.3482139896298004,0.0
FD7_3,dnrp1-2-b,218519,0.3346547481916959,0.0,0.3507940181845706,0.0
FD7_4,FD9_2,218519,0.4003176040299356,0.0,0.5112866044556569,0.0
FD7_4,FD11,218519,0.39030689845404243,0.0,0.4870226984681773,0.0
FD7_4,FD7_5,218519,0.7860911399531915,0.0,0.954928147988658,0.0
FD7_4,FD9_3,218519,0.3991047477450324,0.0,0.5120911338480374,0.0
FD7_4,yEK23c_10,218519,0.3764408326952171,0.0,0.48108319032439106,0.0
FD7_4,yEK23b_1,218519,0.37846082324644453,0.0,0.4562465160177828,0.0
FD7_4,yEK23a_23,218519,0.3348601441017411,0.0,0.4069549990146778,0.0
FD7_4,yEK23a_27,218519,0.39410990522580647,0.0,0.49806307408679906,0.0
FD7_4,yEK23b_2,218519,0.38238392130911086,0.0,0.48155802947441745,0.0
FD7_4,yEK23a_32,218519,0.37043542831996257,0.0,0.46829419946989326,0.0
FD7_4,yLIC137_7,218519,0.2875751676599815,0.0,0.3307173967707757,0.0
FD7_4,yLIC137_8,218519,0.29958859546509725,0.0,0.3290460876332595,0.0
FD7_4,yWT04a_14,218519,0.23631913086624246,0.0,0.26514625327881547,0.0
FD7_4,yWT04a_23,218519,0.27364349827559115,0.0,0.3127415394436438,0.0
FD7_4,yWT03a_16,218519,0.09263037429366372,0.0,0.0830997715346534,0.0
FD7_4,yWT03a_21,218519,0.13857950740029568,0.0,0.1409945916872407,0.0
FD7_4,yEK19c_9,218519,0.39100757786950063,0.0,0.48417231825725837,0.0
FD7_4,yEK19a_7,218519,0.38786725895407204,0.0,0.4944195096689633,0.0
FD7_4,yEK19c_7,218519,0.389799332792055,0.0,0.4964041291000178,0.0
FD7_4,yEK19a_6,218519,0.38020186868530836,0.0,0.4747252322817949,0.0
FD7_4,yEK19a_8,218519,0.3868658463450478,0.0,0.5093516749559854,0.0
FD7_4,yEK19b_12,218519,0.4015118221141963,0.0,0.48699660067462314,0.0
FD7_4,dnrp1-1-b,218519,0.32602380745163106,0.0,0.3198283481150174,0.0
FD7_4,dnrp1-1-a,218519,0.3289508251885622,0.0,0.32241876721182744,0.0
FD7_4,dnrp1-2-a,218519,0.3331670821711212,0.0,0.34628772521147466,0.0
FD7_4,dnrp1-2-b,218519,0.3319367994379046,0.0,0.3489472620405589,0.0
FD9_2,FD11,218519,0.39311286142246915,0.0,0.4980690524824153,0.0
FD9_2,FD7_5,218519,0.400443082168683,0.0,0.5107624538272493,0.0
FD9_2,FD9_3,218519,0.7639126349237199,0.0,0.9530299038458292,0.0
FD9_2,yEK23c_10,218519,0.3800791200169308,0.0,0.4922511829476731,0.0
FD9_2,yEK23b_1,218519,0.3799964089489949,0.0,0.4643563860400509,0.0
FD9_2,yEK23a_23,218519,0.33970083446435717,0.0,0.4113879415941164,0.0
FD9_2,yEK23a_27,218519,0.39755448932629733,0.0,0.5030708882083756,0.0
FD9_2,yEK23b_2,218519,0.38976055718282854,0.0,0.4920923574401429,0.0
FD9_2,yEK23a_32,218519,0.37774818603442195,0.0,0.47499167672096987,0.0
FD9_2,yLIC137_7,218519,0.2870121733809367,0.0,0.3378078307508855,0.0
FD9_2,yLIC137_8,218519,0.3031136324800318,0.0,0.33507090657009264,0.0
FD9_2,yWT04a_14,218519,0.23448425375462997,0.0,0.2618730156460246,0.0
FD9_2,yWT04a_23,218519,0.2761438600171188,0.0,0.3184336255486638,0.0
FD9_2,yWT03a_16,218519,0.09542248740937953,0.0,0.0955017769954502,0.0
FD9_2,yWT03a_21,218519,0.13652546879492733,0.0,0.14488950690599503,0.0
FD9_2,yEK19c_9,218519,0.3920640092896001,0.0,0.49374310125142973,0.0
FD9_2,yEK19a_7,218519,0.38827120349201016,0.0,0.4950398180043764,0.0
FD9_2,yEK19c_7,218519,0.3897998311026905,0.0,0.5064822111388501,0.0
FD9_2,yEK19a_6,218519,0.3818975273830871,0.0,0.4883650783589394,0.0
FD9_2,yEK19a_8,218519,0.3919058294352689,0.0,0.5153694466135432,0.0
FD9_2,yEK19b_12,218519,0.4025440920809518,0.0,0.49545499700103823,0.0
FD9_2,dnrp1-1-b,218519,0.32098831226850927,0.0,0.32919109526196266,0.0
FD9_2,dnrp1-1-a,218519,0.322265668987446,0.0,0.3318337025336484,0.0
FD9_2,dnrp1-2-a,218519,0.3265290293234128,0.0,0.3482660871812226,0.0
FD9_2,dnrp1-2-b,218519,0.3289025119173172,0.0,0.3510544379234458,0.0
FD11,FD7_5,218519,0.3923088379081979,0.0,0.4867888569803107,0.0
FD11,FD9_3,218519,0.39534905973203127,0.0,0.49765028128291966,0.0
FD11,yEK23c_10,218519,0.3671754241647128,0.0,0.46425830168743426,0.0
FD11,yEK23b_1,218519,0.3703483045584108,0.0,0.4419540387600036,0.0
FD11,yEK23a_23,218519,0.32660379272225676,0.0,0.38354674854808757,0.0
FD11,yEK23a_27,218519,0.3881776132566556,0.0,0.4856025324087804,0.0
FD11,yEK23b_2,218519,0.37570704809352723,0.0,0.46964961610096945,0.0
FD11,yEK23a_32,218519,0.3681540663541207,0.0,0.4554997503471839,0.0
FD11,yLIC137_7,218519,0.28828836426610777,0.0,0.3180937426622745,0.0
FD11,yLIC137_8,218519,0.3079039555029243,0.0,0.3227253342016243,0.0
FD11,yWT04a_14,218519,0.23641902552628327,0.0,0.25313348733717267,0.0
FD11,yWT04a_23,218519,0.274999986259042,0.0,0.3079555690203366,0.0
FD11,yWT03a_16,218519,0.10403161017817994,0.0,0.08747153269155487,0.0
FD11,yWT03a_21,218519,0.14324617104094972,0.0,0.13785753273108986,0.0
FD11,yEK19c_9,218519,0.3816126537760288,0.0,0.47113975360066096,0.0
FD11,yEK19a_7,218519,0.38134320773753116,0.0,0.47546279077033793,0.0
FD11,yEK19c_7,218519,0.3840022970379133,0.0,0.48178965941147434,0.0
FD11,yEK19a_6,218519,0.37445075960375096,0.0,0.4695979322391673,0.0
FD11,yEK19a_8,218519,0.38204632998079663,0.0,0.4956904056176886,0.0
FD11,yEK19b_12,218519,0.39254774932602043,0.0,0.46843924622236227,0.0
FD11,dnrp1-1-b,218519,0.3217218283844765,0.0,0.3141911933542324,0.0
FD11,dnrp1-1-a,218519,0.32063890629002967,0.0,0.3159969427810879,0.0
FD11,dnrp1-2-a,218519,0.3242534678687597,0.0,0.3365211349823086,0.0
FD11,dnrp1-2-b,218519,0.3263171562101332,0.0,0.3365187283561195,0.0
FD7_5,FD9_3,218519,0.401113435485049,0.0,0.51200659181983,0.0
FD7_5,yEK23c_10,218519,0.3772684013341891,0.0,0.48011451173056396,0.0
FD7_5,yEK23b_1,218519,0.3801353390353845,0.0,0.4546395610653487,0.0
FD7_5,yEK23a_23,218519,0.33590737246300756,0.0,0.4051635316951139,0.0
FD7_5,yEK23a_27,218519,0.3973364758995871,0.0,0.49730437955674706,0.0
FD7_5,yEK23b_2,218519,0.38355517261111893,0.0,0.48293285364635247,0.0
FD7_5,yEK23a_32,218519,0.36964424513163213,0.0,0.46683954655499393,0.0
FD7_5,yLIC137_7,218519,0.29042433082843,0.0,0.3310162814301234,0.0
FD7_5,yLIC137_8,218519,0.3008616192587333,0.0,0.32644849581573654,0.0
FD7_5,yWT04a_14,218519,0.23716087834813668,0.0,0.26372826354745016,0.0
FD7_5,yWT04a_23,218519,0.27404983550554696,0.0,0.31146736004352993,0.0
FD7_5,yWT03a_16,218519,0.09623333626948839,0.0,0.0848085814684236,0.0
FD7_5,yWT03a_21,218519,0.1418268667210017,0.0,0.14245597250743786,0.0
FD7_5,yEK19c_9,218519,0.39266197692984184,0.0,0.484227055916544,0.0
FD7_5,yEK19a_7,218519,0.39086276346708343,0.0,0.4944617801903788,0.0
FD7_5,yEK19c_7,218519,0.3911860676410669,0.0,0.4976724297719515,0.0
FD7_5,yEK19a_6,218519,0.38387680963824616,0.0,0.47546297239730984,0.0
FD7_5,yEK19a_8,218519,0.38950929352359676,0.0,0.5094883186732668,0.0
FD7_5,yEK19b_12,218519,0.4037161018960769,0.0,0.4875849879736915,0.0
FD7_5,dnrp1-1-b,218519,0.3271760120048241,0.0,0.32097173150056935,0.0
FD7_5,dnrp1-1-a,218519,0.33022553666768345,0.0,0.3240513157808363,0.0
FD7_5,dnrp1-2-a,218519,0.3357083396105797,0.0,0.3470331392994128,0.0
FD7_5,dnrp1-2-b,218519,0.3348631994692967,0.0,0.34835530257254865,0.0
FD9_3,yEK23c_10,218519,0.3802988510589532,0.0,0.49191409607215697,0.0
FD9_3,yEK23b_1,218519,0.38347576261436805,0.0,0.4654597766191615,0.0
FD9_3,yEK23a_23,218519,0.3400338225597385,0.0,0.40914674245558497,0.0
FD9_3,yEK23a_27,218519,0.39697097423176486,0.0,0.5027841714454134,0.0
FD9_3,yEK23b_2,218519,0.39106403206393686,0.0,0.49233343859652534,0.0
FD9_3,yEK23a_32,218519,0.37780165111441694,0.0,0.47525124680304054,0.0
FD9_3,yLIC137_7,218519,0.2891553489625312,0.0,0.33682891494329104,0.0
FD9_3,yLIC137_8,218519,0.305192030554681,0.0,0.33297918493014966,0.0
FD9_3,yWT04a_14,218519,0.23638378787752828,0.0,0.2611113670264653,0.0
FD9_3,yWT04a_23,218519,0.2764550463948801,0.0,0.31879852624459604,0.0
FD9_3,yWT03a_16,218519,0.09837550645953744,0.0,0.09542725747615181,0.0
FD9_3,yWT03a_21,218519,0.14011738656579015,0.0,0.14387894169691653,0.0
FD9_3,yEK19c_9,218519,0.39300320270268624,0.0,0.4917126939862498,0.0
FD9_3,yEK19a_7,218519,0.3891883245613477,0.0,0.4961760891872398,0.0
FD9_3,yEK19c_7,218519,0.39248889845110707,0.0,0.5105945357366483,0.0
FD9_3,yEK19a_6,218519,0.3835422789691623,0.0,0.49028351994919667,0.0
FD9_3,yEK19a_8,218519,0.39296468306399956,0.0,0.5170447302047048,0.0
FD9_3,yEK19b_12,218519,0.40468247771937027,0.0,0.495932011391674,0.0
FD9_3,dnrp1-1-b,218519,0.32151238650874986,0.0,0.3278541556922815,0.0
FD9_3,dnrp1-1-a,218519,0.32343474330254407,0.0,0.3318115279860824,0.0
FD9_3,dnrp1-2-a,218519,0.327766057905818,0.0,0.34758465925384496,0.0
FD9_3,dnrp1-2-b,218519,0.3306508330974169,0.0,0.3499308619324897,0.0
yEK23c_10,yEK23b_1,218519,0.39285906142360705,0.0,0.476711159601385,0.0
yEK23c_10,yEK23a_23,218519,0.3599772270125098,0.0,0.4288625466926903,0.0
yEK23c_10,yEK23a_27,218519,0.3922840111057501,0.0,0.49810458343264535,0.0
yEK23c_10,yEK23b_2,218519,0.39482515882694164,0.0,0.49618082940059705,0.0
yEK23c_10,yEK23a_32,218519,0.3909511581935115,0.0,0.4855847623693158,0.0
yEK23c_10,yLIC137_7,218519,0.2740491755302798,0.0,0.3125637692079499,0.0
yEK23c_10,yLIC137_8,218519,0.28812350643899964,0.0,0.31097513544084626,0.0
yEK23c_10,yWT04a_14,218519,0.2285366503287025,0.0,0.25124712906885405,0.0
yEK23c_10,yWT04a_23,218519,0.2665998835982976,0.0,0.30543931035657873,0.0
yEK23c_10,yWT03a_16,218519,0.09898433017560432,0.0,0.09248250750396045,0.0
yEK23c_10,yWT03a_21,218519,0.1356888553771967,0.0,0.14916670409448568,0.0
yEK23c_10,yEK19c_9,218519,0.37440189472647906,0.0,0.4736888072800405,0.0
yEK23c_10,yEK19a_7,218519,0.367703360111973,0.0,0.4725620308386709,0.0
yEK23c_10,yEK19c_7,218519,0.37280517137343266,0.0,0.47538826203438955,0.0
yEK23c_10,yEK19a_6,218519,0.3622159233171501,0.0,0.4581114419190268,0.0
yEK23c_10,yEK19a_8,218519,0.3779442388531569,0.0,0.4918286793873029,0.0
yEK23c_10,yEK19b_12,218519,0.3838316710020126,0.0,0.46839891148631996,0.0
yEK23c_10,dnrp1-1-b,218519,0.3013245505185913,0.0,0.30364025096098235,0.0
yEK23c_10,dnrp1-1-a,218519,0.30273165589372203,0.0,0.3059142025136288,0.0
yEK23c_10,dnrp1-2-a,218519,0.30648317640645345,0.0,0.32281362066737607,0.0
yEK23c_10,dnrp1-2-b,218519,0.30714364836291536,0.0,0.3266070672917428,0.0
yEK23b_1,yEK23a_23,218519,0.35305912630886027,0.0,0.40842515074056585,0.0
yEK23b_1,yEK23a_27,218519,0.3941640889446251,0.0,0.46797394532343706,0.0
yEK23b_1,yEK23b_2,218519,0.3961979171176286,0.0,0.47590691387139233,0.0
yEK23b_1,yEK23a_32,218519,0.3895090244417503,0.0,0.4593014058140562,0.0
yEK23b_1,yLIC137_7,218519,0.2644549675378881,0.0,0.28710797144830913,0.0
yEK23b_1,yLIC137_8,218519,0.28020029883355546,0.0,0.3019284499547412,0.0
yEK23b_1,yWT04a_14,218519,0.22151184461807177,0.0,0.24224300822980213,0.0
yEK23b_1,yWT04a_23,218519,0.2630598183449993,0.0,0.2906731185687246,0.0
yEK23b_1,yWT03a_16,218519,0.09153212743822582,0.0,0.08600861030346992,0.0
yEK23b_1,yWT03a_21,218519,0.13313804564433482,0.0,0.13501833553440235,0.0
yEK23b_1,yEK19c_9,218519,0.37860931932460995,0.0,0.4453622192671792,0.0
yEK23b_1,yEK19a_7,218519,0.36766580144492017,0.0,0.44304337513491887,0.0
yEK23b_1,yEK19c_7,218519,0.37761447578673957,0.0,0.45048380099197693,0.0
yEK23b_1,yEK19a_6,218519,0.36217860210389824,0.0,0.4347370201044052,0.0
yEK23b_1,yEK19a_8,218519,0.37998758785079134,0.0,0.4709999750816333,0.0
yEK23b_1,yEK19b_12,218519,0.3867659504360432,0.0,0.44500470250322754,0.0
yEK23b_1,dnrp1-1-b,218519,0.30243947635839036,0.0,0.29286957784714973,0.0
yEK23b_1,dnrp1-1-a,218519,0.3035536496956819,0.0,0.2960765091859058,0.0
yEK23b_1,dnrp1-2-a,218519,0.3078395672223275,0.0,0.30823192152961776,0.0
yEK23b_1,dnrp1-2-b,218519,0.3075932578105935,0.0,0.3095155224470268,0.0
yEK23a_23,yEK23a_27,218519,0.3488456933071001,0.0,0.4207608655245474,0.0
yEK23a_23,yEK23b_2,218519,0.35659663256873414,0.0,0.41819831826513654,0.0
yEK23a_23,yEK23a_32,218519,0.35668456435456974,0.0,0.41763637242277674,0.0
yEK23a_23,yLIC137_7,218519,0.25045303438782474,0.0,0.26728918316219896,0.0
yEK23a_23,yLIC137_8,218519,0.2615343825247738,0.0,0.26778831055850405,0.0
yEK23a_23,yWT04a_14,218519,0.21340260485166462,0.0,0.2183260311786664,0.0
yEK23a_23,yWT04a_23,218519,0.2450399599360252,0.0,0.2593992273553717,0.0
yEK23a_23,yWT03a_16,218519,0.08840356210045165,0.0,0.08118470174303394,3.49932903e-316
yEK23a_23,yWT03a_21,218519,0.12557806650535824,0.0,0.12041995013024863,0.0
yEK23a_23,yEK19c_9,218519,0.33302196053100763,0.0,0.39248550517460856,0.0
yEK23a_23,yEK19a_7,218519,0.32910522462539044,0.0,0.39123599237185513,0.0
yEK23a_23,yEK19c_7,218519,0.3306276661727131,0.0,0.3958502736358309,0.0
yEK23a_23,yEK19a_6,218519,0.3218128429447487,0.0,0.3835333429375163,0.0
yEK23a_23,yEK19a_8,218519,0.33893042126394907,0.0,0.4167943069436108,0.0
yEK23a_23,yEK19b_12,218519,0.3417843461608984,0.0,0.39341786790838196,0.0
yEK23a_23,dnrp1-1-b,218519,0.27385991483540184,0.0,0.2609197493183779,0.0
yEK23a_23,dnrp1-1-a,218519,0.27310924569943407,0.0,0.2546912464378811,0.0
yEK23a_23,dnrp1-2-a,218519,0.27541943466517316,0.0,0.26741182837137667,0.0
yEK23a_23,dnrp1-2-b,218519,0.2749199826563615,0.0,0.27041277763157257,0.0
yEK23a_27,yEK23b_2,218519,0.40047741688422744,0.0,0.4980688513294393,0.0
yEK23a_27,yEK23a_32,218519,0.38726939691021367,0.0,0.48314156396705554,0.0
yEK23a_27,yLIC137_7,218519,0.28695626345466274,0.0,0.32609978648612176,0.0
yEK23a_27,yLIC137_8,218519,0.2992808276822316,0.0,0.3223365106779833,0.0
yEK23a_27,yWT04a_14,218519,0.23495097441926552,0.0,0.2623502766900513,0.0
yEK23a_27,yWT04a_23,218519,0.274935683547831,0.0,0.3227074556562252,0.0
yEK23a_27,yWT03a_16,218519,0.09945960347096616,0.0,0.09029088350057032,0.0
yEK23a_27,yWT03a_21,218519,0.13773593348819307,0.0,0.14555785050181763,0.0
yEK23a_27,yEK19c_9,218519,0.39403854564851293,0.0,0.4918249478191605,0.0
yEK23a_27,yEK19a_7,218519,0.39079885842048695,0.0,0.48814551868301914,0.0
yEK23a_27,yEK19c_7,218519,0.39043334041240063,0.0,0.496543287119234,0.0
yEK23a_27,yEK19a_6,218519,0.38264908833981237,0.0,0.47678434622440924,0.0
yEK23a_27,yEK19a_8,218519,0.3963840299628282,0.0,0.516000213619806,0.0
yEK23a_27,yEK19b_12,218519,0.40136945117328804,0.0,0.48219442469398466,0.0
yEK23a_27,dnrp1-1-b,218519,0.31711904632170185,0.0,0.31995863174716915,0.0
yEK23a_27,dnrp1-1-a,218519,0.3177171368286874,0.0,0.32161213756003726,0.0
yEK23a_27,dnrp1-2-a,218519,0.32573147697966337,0.0,0.34265599066832686,0.0
yEK23a_27,dnrp1-2-b,218519,0.32781048029903054,0.0,0.3486877263244998,0.0
yEK23b_2,yEK23a_32,218519,0.39114125622899776,0.0,0.4821679301758102,0.0
yEK23b_2,yLIC137_7,218519,0.28039178460848685,0.0,0.3144226968539089,0.0
yEK23b_2,yLIC137_8,218519,0.29299882281347583,0.0,0.3150579081865522,0.0
yEK23b_2,yWT04a_14,218519,0.23231359019804773,0.0,0.2549898331762099,0.0
yEK23b_2,yWT04a_23,218519,0.27303672007733476,0.0,0.3144471296952154,0.0
yEK23b_2,yWT03a_16,218519,0.10424052464189565,0.0,0.08632729424312069,0.0
yEK23b_2,yWT03a_21,218519,0.14196029780895328,0.0,0.14519936207092413,0.0
yEK23b_2,yEK19c_9,218519,0.3804901535201121,0.0,0.4694017820280981,0.0
yEK23b_2,yEK19a_7,218519,0.3761391723826053,0.0,0.4725463794455684,0.0
yEK23b_2,yEK19c_7,218519,0.3845549515980697,0.0,0.4828463198608265,0.0
yEK23b_2,yEK19a_6,218519,0.37031932503957316,0.0,0.46120702527512314,0.0
yEK23b_2,yEK19a_8,218519,0.38960821540214235,0.0,0.5013734842511748,0.0
yEK23b_2,yEK19b_12,218519,0.3929086816183739,0.0,0.47022650808406047,0.0
yEK23b_2,dnrp1-1-b,218519,0.31129536756376786,0.0,0.31223526439600147,0.0
yEK23b_2,dnrp1-1-a,218519,0.30787120596481643,0.0,0.3149068528970444,0.0
yEK23b_2,dnrp1-2-a,218519,0.31527654061468985,0.0,0.3311073234469228,0.0
yEK23b_2,dnrp1-2-b,218519,0.31684383532322424,0.0,0.331222733878198,0.0
yEK23a_32,yLIC137_7,218519,0.2681403616009782,0.0,0.3084527032181285,0.0
yEK23a_32,yLIC137_8,218519,0.28245838513605304,0.0,0.30743454010459614,0.0
yEK23a_32,yWT04a_14,218519,0.22582210294273805,0.0,0.24596826084412116,0.0
yEK23a_32,yWT04a_23,218519,0.2613018332785736,0.0,0.3084250678118252,0.0
yEK23a_32,yWT03a_16,218519,0.08867971555739187,0.0,0.08868493899285101,0.0
yEK23a_32,yWT03a_21,218519,0.12767878054500545,0.0,0.1392594026838957,0.0
yEK23a_32,yEK19c_9,218519,0.37420032641679646,0.0,0.4599742081761111,0.0
yEK23a_32,yEK19a_7,218519,0.36467027249303907,0.0,0.4587700596585259,0.0
yEK23a_32,yEK19c_7,218519,0.37310902147104974,0.0,0.46740927114263264,0.0
yEK23a_32,yEK19a_6,218519,0.3583731125896084,0.0,0.4444379341978349,0.0
yEK23a_32,yEK19a_8,218519,0.37703549410104026,0.0,0.48937561216782777,0.0
yEK23a_32,yEK19b_12,218519,0.3815620526242536,0.0,0.45974603432455075,0.0
yEK23a_32,dnrp1-1-b,218519,0.2965801130189874,0.0,0.2992947824203738,0.0
yEK23a_32,dnrp1-1-a,218519,0.29809049662127374,0.0,0.30224386938004844,0.0
yEK23a_32,dnrp1-2-a,218519,0.30110496816216525,0.0,0.31837823590043096,0.0
yEK23a_32,dnrp1-2-b,218519,0.30319267160456037,0.0,0.3190677286690229,0.0
yLIC137_7,yLIC137_8,218519,0.3423741160213758,0.0,0.30641008576895656,0.0
yLIC137_7,yWT04a_14,218519,0.26812756438917906,0.0,0.19697757192033394,0.0
yLIC137_7,yWT04a_23,218519,0.27442150778748675,0.0,0.22152707826908158,0.0
yLIC137_7,yWT03a_16,218519,0.19812062085534185,0.0,0.11704006480273618,0.0
yLIC137_7,yWT03a_21,218519,0.21516596531467538,0.0,0.1475573668562301,0.0
yLIC137_7,yEK19c_9,218519,0.2850114962978859,0.0,0.31740501721680586,0.0
yLIC137_7,yEK19a_7,218519,0.29523958088449126,0.0,0.3202371195681576,0.0
yLIC137_7,yEK19c_7,218519,0.28995961318946106,0.0,0.32245219681805687,0.0
yLIC137_7,yEK19a_6,218519,0.28449824630127024,0.0,0.311094469609977,0.0
yLIC137_7,yEK19a_8,218519,0.2870076332566232,0.0,0.32438245206828126,0.0
yLIC137_7,yEK19b_12,218519,0.29084763774489153,0.0,0.31586356015822514,0.0
yLIC137_7,dnrp1-1-b,218519,0.3369155020059163,0.0,0.2702916956215117,0.0
yLIC137_7,dnrp1-1-a,218519,0.3409732622976608,0.0,0.27464653299487723,0.0
yLIC137_7,dnrp1-2-a,218519,0.343299180788005,0.0,0.29012020491320345,0.0
yLIC137_7,dnrp1-2-b,218519,0.34401499192948026,0.0,0.2927330260140286,0.0
yLIC137_8,yWT04a_14,218519,0.2718098883334351,0.0,0.19733319785342984,0.0
yLIC137_8,yWT04a_23,218519,0.28174336728144667,0.0,0.22178718147388027,0.0
yLIC137_8,yWT03a_16,218519,0.19354180429300555,0.0,0.12341584933315275,0.0
yLIC137_8,yWT03a_21,218519,0.216073826432471,0.0,0.14778151065057474,0.0
yLIC137_8,yEK19c_9,218519,0.2969006817128393,0.0,0.3130198358700683,0.0
yLIC137_8,yEK19a_7,218519,0.3052026048065095,0.0,0.3150703217685835,0.0
yLIC137_8,yEK19c_7,218519,0.3030293863202832,0.0,0.3237345597093543,0.0
yLIC137_8,yEK19a_6,218519,0.296159844001043,0.0,0.3089758661730421,0.0
yLIC137_8,yEK19a_8,218519,0.296905460012794,0.0,0.32640020140912895,0.0
yLIC137_8,yEK19b_12,218519,0.3043563895845959,0.0,0.3094801319760374,0.0
yLIC137_8,dnrp1-1-b,218519,0.3394954426275361,0.0,0.2818855249409731,0.0
yLIC137_8,dnrp1-1-a,218519,0.343891925018977,0.0,0.29154788625887107,0.0
yLIC137_8,dnrp1-2-a,218519,0.3482176371373059,0.0,0.2942913124118309,0.0
yLIC137_8,dnrp1-2-b,218519,0.34853102169982564,0.0,0.29888858692224496,0.0
yWT04a_14,yWT04a_23,218519,0.2579238626246956,0.0,0.21967204202882465,0.0
yWT04a_14,yWT03a_16,218519,0.20284122900252538,0.0,0.08413445162581959,0.0
yWT04a_14,yWT03a_21,218519,0.22143460831346332,0.0,0.1195845440152292,0.0
yWT04a_14,yEK19c_9,218519,0.23848434871808644,0.0,0.24860689116369755,0.0
yWT04a_14,yEK19a_7,218519,0.24598539822668167,0.0,0.25353584950911195,0.0
yWT04a_14,yEK19c_7,218519,0.23760588175917569,0.0,0.25502135875207754,0.0
yWT04a_14,yEK19a_6,218519,0.23244035272683453,0.0,0.2453150217638,0.0
yWT04a_14,yEK19a_8,218519,0.235177282294405,0.0,0.2609855376698775,0.0
yWT04a_14,yEK19b_12,218519,0.23872833718821307,0.0,0.24574316766276832,0.0
yWT04a_14,dnrp1-1-b,218519,0.27432382375449216,0.0,0.19316085474527317,0.0
yWT04a_14,dnrp1-1-a,218519,0.271209160418235,0.0,0.19231492003106454,0.0
yWT04a_14,dnrp1-2-a,218519,0.2822542336705659,0.0,0.20557873803024218,0.0
yWT04a_14,dnrp1-2-b,218519,0.28166763403231054,0.0,0.20524750976395856,0.0
yWT04a_23,yWT03a_16,218519,0.17509876320405574,0.0,0.08210984828794057,3e-323
yWT04a_23,yWT03a_21,218519,0.19486560977809492,0.0,0.12616395512188242,0.0
yWT04a_23,yEK19c_9,218519,0.27460021701963366,0.0,0.31266290056644275,0.0
yWT04a_23,yEK19a_7,218519,0.28095603365781635,0.0,0.31297111527557775,0.0
yWT04a_23,yEK19c_7,218519,0.2733966875195874,0.0,0.3105771057659533,0.0
yWT04a_23,yEK19a_6,218519,0.27382025919389563,0.0,0.3036581981161488,0.0
yWT04a_23,yEK19a_8,218519,0.2741713285913139,0.0,0.3179577258019161,0.0
yWT04a_23,yEK19b_12,218519,0.2778157789534329,0.0,0.2993830711938064,0.0
yWT04a_23,dnrp1-1-b,218519,0.2923597170434573,0.0,0.22319446927189018,0.0
yWT04a_23,dnrp1-1-a,218519,0.29142168095578547,0.0,0.21937094721145511,0.0
yWT04a_23,dnrp1-2-a,218519,0.2971446009079443,0.0,0.23436150258408867,0.0
yWT04a_23,dnrp1-2-b,218519,0.2993682858076936,0.0,0.23753294263837482,0.0
yWT03a_16,yWT03a_21,218519,0.24070654047690007,0.0,0.11332063409828233,0.0
yWT03a_16,yEK19c_9,218519,0.10692452934382128,0.0,0.08575144407110952,0.0
yWT03a_16,yEK19a_7,218519,0.1150236414045101,0.0,0.08262548984388102,0.0
yWT03a_16,yEK19c_7,218519,0.10799245210482793,0.0,0.08055047068240273,2.7974651940624e-311
yWT03a_16,yEK19a_6,218519,0.10707072916031347,0.0,0.08705177986936459,0.0
yWT03a_16,yEK19a_8,218519,0.10843173630094327,0.0,0.08863374278305622,0.0
yWT03a_16,yEK19b_12,218519,0.10441405232261622,0.0,0.08529841893014181,0.0
yWT03a_16,dnrp1-1-b,218519,0.17741482722287993,0.0,0.11624851471916887,0.0
yWT03a_16,dnrp1-1-a,218519,0.18119377576459572,0.0,0.11823773964763924,0.0
yWT03a_16,dnrp1-2-a,218519,0.18545163204418025,0.0,0.12549269206493419,0.0
yWT03a_16,dnrp1-2-b,218519,0.1881697363834377,0.0,0.1222051213024337,0.0
yWT03a_21,yEK19c_9,218519,0.13943077891363626,0.0,0.1457155465257306,0.0
yWT03a_21,yEK19a_7,218519,0.15033960579507702,0.0,0.14232387160654647,0.0
yWT03a_21,yEK19c_7,218519,0.14702102236918874,0.0,0.14111428782587565,0.0
yWT03a_21,yEK19a_6,218519,0.14473101199485136,0.0,0.14053565886952266,0.0
yWT03a_21,yEK19a_8,218519,0.1448272647500204,0.0,0.14611137914872,0.0
yWT03a_21,yEK19b_12,218519,0.14482619363489127,0.0,0.1410556700442827,0.0
yWT03a_21,dnrp1-1-b,218519,0.20500704664113445,0.0,0.1460753973786702,0.0
yWT03a_21,dnrp1-1-a,218519,0.20466700405655774,0.0,0.14103096941769117,0.0
yWT03a_21,dnrp1-2-a,218519,0.2110866056640741,0.0,0.14622027845685298,0.0
yWT03a_21,dnrp1-2-b,218519,0.21137299725368075,0.0,0.1479567169018795,0.0
yEK19c_9,yEK19a_7,218519,0.38647761070113296,0.0,0.4759474477587956,0.0
yEK19c_9,yEK19c_7,218519,0.39016127312248033,0.0,0.48593607302013436,0.0
yEK19c_9,yEK19a_6,218519,0.3765570187356296,0.0,0.4696672593730359,0.0
yEK19c_9,yEK19a_8,218519,0.3885145061090772,0.0,0.5011649451120677,0.0
yEK19c_9,yEK19b_12,218519,0.40039480078950856,0.0,0.4748597459077817,0.0
yEK19c_9,dnrp1-1-b,218519,0.3180909828601326,0.0,0.3101191729048902,0.0
yEK19c_9,dnrp1-1-a,218519,0.31866430476308744,0.0,0.3112632225221343,0.0
yEK19c_9,dnrp1-2-a,218519,0.3290372559125168,0.0,0.3348513709506574,0.0
yEK19c_9,dnrp1-2-b,218519,0.3288108758820894,0.0,0.33386659020963927,0.0
yEK19a_7,yEK19c_7,218519,0.3881622771390095,0.0,0.49445794543674904,0.0
yEK19a_7,yEK19a_6,218519,0.3798743122886316,0.0,0.4794219935202061,0.0
yEK19a_7,yEK19a_8,218519,0.38960378656908,0.0,0.5014606361319511,0.0
yEK19a_7,yEK19b_12,218519,0.39590765473879813,0.0,0.47768052860095,0.0
yEK19a_7,dnrp1-1-b,218519,0.3290019953340803,0.0,0.3190872224782816,0.0
yEK19a_7,dnrp1-1-a,218519,0.33137881358045096,0.0,0.32093128490388756,0.0
yEK19a_7,dnrp1-2-a,218519,0.3379521357412041,0.0,0.3378995345816377,0.0
yEK19a_7,dnrp1-2-b,218519,0.33920988557064213,0.0,0.33848898141953365,0.0
yEK19c_7,yEK19a_6,218519,0.3784486644011531,0.0,0.47873112777985627,0.0
yEK19c_7,yEK19a_8,218519,0.3891751849285565,0.0,0.5111952677751537,0.0
yEK19c_7,yEK19b_12,218519,0.40101385327142675,0.0,0.49293665502739914,0.0
yEK19c_7,dnrp1-1-b,218519,0.32087848194848745,0.0,0.3206994157156914,0.0
yEK19c_7,dnrp1-1-a,218519,0.3254254488167364,0.0,0.3272027317867009,0.0
yEK19c_7,dnrp1-2-a,218519,0.33532179559828856,0.0,0.3445131505042981,0.0
yEK19c_7,dnrp1-2-b,218519,0.3328410054548081,0.0,0.34692646352863693,0.0
yEK19a_6,yEK19a_8,218519,0.3774493450602165,0.0,0.4886669674386367,0.0
yEK19a_6,yEK19b_12,218519,0.38392550442289786,0.0,0.46329589771182245,0.0
yEK19a_6,dnrp1-1-b,218519,0.31958031697280925,0.0,0.31162224328244237,0.0
yEK19a_6,dnrp1-1-a,218519,0.3223695810801804,0.0,0.3139606880542185,0.0
yEK19a_6,dnrp1-2-a,218519,0.3276133469769858,0.0,0.3323180228889094,0.0
yEK19a_6,dnrp1-2-b,218519,0.326050510772225,0.0,0.33394701427086604,0.0
yEK19a_8,yEK19b_12,218519,0.39880712363497156,0.0,0.4927433788235573,0.0
yEK19a_8,dnrp1-1-b,218519,0.31800654823482355,0.0,0.32920806768315314,0.0
yEK19a_8,dnrp1-1-a,218519,0.32006909283895485,0.0,0.3282273246137395,0.0
yEK19a_8,dnrp1-2-a,218519,0.3239811746107852,0.0,0.3467616634359233,0.0
yEK19a_8,dnrp1-2-b,218519,0.325386313503855,0.0,0.3480765771577682,0.0
yEK19b_12,dnrp1-1-b,218519,0.32792540410569626,0.0,0.3099158942800098,0.0
yEK19b_12,dnrp1-1-a,218519,0.32773436090007385,0.0,0.3132287670153184,0.0
yEK19b_12,dnrp1-2-a,218519,0.3352198589185821,0.0,0.3385413558478395,0.0
yEK19b_12,dnrp1-2-b,218519,0.33582705696481846,0.0,0.33752984342479897,0.0
dnrp1-1-b,dnrp1-1-a,218519,0.719814341213709,0.0,0.6142362067575228,0.0
dnrp1-1-b,dnrp1-2-a,218519,0.4090349505403346,0.0,0.30533889563829036,0.0
dnrp1-1-b,dnrp1-2-b,218519,0.4060912341059367,0.0,0.29976289369327225,0.0
dnrp1-1-a,dnrp1-2-a,218519,0.40447895017549107,0.0,0.3106339061504717,0.0
dnrp1-1-a,dnrp1-2-b,218519,0.4010231395998571,0.0,0.309077866606302,0.0
dnrp1-2-a,dnrp1-2-b,218519,0.7909084294453071,0.0,0.718002014515186,0.0
