distance,mean_density,sd_density,n_datasets,se_density
0,0.052598824062092035,0.017661591126584476,35,0.0029853537771816568
1,0.052918007503810226,0.017833512604301376,35,0.003014413810855987
2,0.052379117141825755,0.017453237826115027,35,0.00295013564150596
3,0.05281413339118461,0.017571807734350783,35,0.0029701776139916037
4,0.05228903155447734,0.017606771900397455,35,0.00297608763673108
5,0.05301851399878072,0.017932970871594227,35,0.003031225326410083
6,0.05275041778660772,0.01777886864467902,35,0.003005177295861978
7,0.052779226757153075,0.017727431670500303,35,0.002996482860346477
8,0.052748873578394306,0.01766035021166804,35,0.0029851440242773804
9,0.05312949486817157,0.017879177469910926,35,0.0030221325819482906
10,0.052478192976480306,0.01775567277558866,35,0.003001256478371209
11,0.053124519159282055,0.017921562243921607,35,0.0030292969163664574
12,0.05300769717752484,0.017672169783847006,35,0.002987141896620605
13,0.053495679601766044,0.01803331171679369,35,0.003048186024858759
14,0.05294271808815636,0.017940186995665266,35,0.0030324450740023406
15,0.05320335752007621,0.01818473747228091,35,0.0030737816491638605
16,0.053203036176548965,0.017994794191904355,35,0.0030416753748503927
17,0.05375827607837738,0.018214730672973058,35,0.0030788514253994393
18,0.05348385316746521,0.018219384101063642,35,0.0030796379983094053
19,0.05410959404552765,0.018266487045092435,35,0.0030875998490206397
20,0.05423590192377779,0.018198674343159724,35,0.0030761374103080263
21,0.054737643235775575,0.018590972690532587,35,0.0031424479337890544
22,0.05439935695576719,0.018419102061468375,35,0.0031133964951057577
23,0.05492809771530965,0.018645836952964286,35,0.003151721686754393
24,0.05455440255084609,0.018511209895258503,35,0.0031289655606300685
25,0.055245040503203134,0.01868736783653689,35,0.0031587416873451978
26,0.05544738125070968,0.018793882577807303,35,0.0031767459647003967
27,0.05646108657405783,0.019226963475672924,35,0.0032499499973949516
28,0.05577327171026958,0.019007271406102016,35,0.0032128152599293584
29,0.05709853187978163,0.01947918393087584,35,0.003292583035563813
30,0.056489879129470455,0.019419881960271532,35,0.00328255917300981
31,0.05779307925466654,0.019761570048514573,35,0.003340315001323542
32,0.05716649080428189,0.019458421181238566,35,0.0032890734903246524
33,0.057791261071029366,0.019816569542918692,35,0.0033496116126642533
34,0.05796068777141771,0.019967320989389928,35,0.0033750932579425822
35,0.059095597416787916,0.02047847510906071,35,0.0034614940737549365
36,0.05876100091515785,0.020284620855391577,35,0.0034287267242977984
37,0.05944258367618835,0.020399442472215968,35,0.0034481351198965868
38,0.05976801638051685,0.02067505010579429,35,0.003494721312727462
39,0.060414214816229654,0.020898867730571657,35,0.0035325533963002265
40,0.06022055936511309,0.02082325194192823,35,0.003519771995200898
41,0.06134212103686178,0.02136179234674369,35,0.0036108019380954987
42,0.061072831159275864,0.021054308054280095,35,0.0035588276064879394
43,0.061785291273961186,0.02170361644514448,35,0.0036685807563219316
44,0.06221048196578089,0.021698131874011903,35,0.00366765369459632
45,0.063022391889478,0.02210438012810226,35,0.0037363221826804197
46,0.06334617970031553,0.022244831703550717,35,0.0037600628319951366
47,0.06365718446284703,0.02219949229413368,35,0.0037523990730399994
48,0.06387721241572672,0.022245677700044396,35,0.0037602058315023604
49,0.06526317902505213,0.022683374661148847,35,0.003834190121294194
50,0.06511737195001611,0.022942778430839143,35,0.003878037361223468
51,0.06668763750974264,0.023357241574859116,35,0.003948094419142796
52,0.06623875815949647,0.02315298405557845,35,0.003913568596846727
53,0.06758133585747476,0.023802229004466404,35,0.004023311023029457
54,0.06705753084530285,0.023604293926140742,35,0.003989853888308066
55,0.06774142724693363,0.02387699731851237,35,0.004035949174776422
56,0.06841884883387345,0.02414740806032419,35,0.004081656932569733
57,0.06956898640966566,0.024460902730753718,35,0.004134647203479379
58,0.06929816938520017,0.024547748801719425,35,0.004149326868756003
59,0.07018213808708812,0.024987051455109138,35,0.0042235825700811715
60,0.07020852185866992,0.024756071893893283,35,0.0041845398982977905
61,0.07144660248194482,0.025431740637454906,35,0.004298748760979426
62,0.07071785948049979,0.0250763868377456,35,0.004238683005827773
63,0.07156685263354386,0.025397877695030074,35,0.004293024879005831
64,0.07217651035440424,0.02557516555337172,35,0.0043229919965636614
65,0.07405729959847282,0.026496404691850505,35,0.004478709832065217
66,0.07380482998757458,0.026417480928839606,35,0.004465369281243648
67,0.07516279539595876,0.026869777505123142,35,0.004541821356412682
68,0.07585244970796451,0.027149260962188358,35,0.0045890626829856625
69,0.07641588625639335,0.027381113888826306,35,0.004628252980469526
70,0.07544864691285634,0.026830519911892545,35,0.004535185612022833
71,0.07712007913033174,0.027523746537077762,35,0.004652362298376109
72,0.07849794833856179,0.028080312975244902,35,0.00474643919702732
73,0.08328041642365736,0.03002061230383161,35,0.005074409643627708
74,0.082486197998663,0.03011736627856073,35,0.00509076405030855
75,0.08396982597031472,0.030499484638652964,35,0.005155353841876917
76,0.0842087637419297,0.030941615193266662,35,0.0052300875457523665
77,0.0860877274912047,0.03151828780356756,35,0.005327563007788607
78,0.08524832879337461,0.03118762178227267,35,0.005271670248830301
79,0.0867218999827734,0.03190696190516084,35,0.005393260921921475
80,0.09159002384413645,0.033822837544452714,35,0.005717103011537125
81,0.10190217470301438,0.03847780875018338,35,0.006503936755569526
82,0.10163174300802856,0.037967661707769655,35,0.0064177061668829
83,0.10693020365290225,0.04008480463934009,35,0.006775568638179932
84,0.10801838334641954,0.040737932531208616,35,0.006885967401518841
85,0.11232523152094405,0.04169478108294931,35,0.007047704326445734
86,0.11427487213056854,0.04342031322759564,35,0.007339372493189469
87,0.11874208659201699,0.044861345912292475,35,0.007582951474124346
88,0.12093546991764827,0.04531157843564207,35,0.007659054660669559
89,0.12593238296752055,0.04740791880667589,35,0.008013400857457238
90,0.12865455960925956,0.04807785673443754,35,0.00812664103546759
91,0.13443119976770782,0.05075839951983354,35,0.008579735463479442
92,0.13594624105138906,0.05077999846078993,35,0.008583386350848826
93,0.14368947841577154,0.053904119610618036,35,0.00911145920726174
94,0.1467411807419361,0.05504006668100279,35,0.009303469307198154
95,0.15292586637954103,0.056384654016974387,35,0.00953074604876825
96,0.15495761714344808,0.05746518934493725,35,0.009713389854730707
97,0.16007273297964028,0.06043548966581501,35,0.01021546224553297
98,0.16270790308624994,0.06060067267581528,35,0.010243383270275089
99,0.16825706307536215,0.06318755751422492,35,0.010680646615810007
100,0.1679505538895678,0.062361247009262065,35,0.010540974648010763
101,0.17309376136702131,0.06432714562176871,35,0.010873272163355738
102,0.1734063695037258,0.0655356758777934,35,0.01107755106092522
103,0.17867100344906658,0.06624178259962234,35,0.011196904880974447
104,0.18060040113257184,0.0675019226159812,35,0.011409907420250318
105,0.18219963436946374,0.06696270607236313,35,0.011318763189038553
106,0.1837022037689657,0.06748141789762548,35,0.011406441490258247
107,0.18911580557431298,0.06920769479792772,35,0.011698235543684248
108,0.1846530568351918,0.06734963778322003,35,0.011384166585382573
109,0.18645095249761343,0.06770856179608375,35,0.011444835816701774
110,0.18414588125713233,0.06782455979862115,35,0.011464443057778672
111,0.18584007114896298,0.06890391211224431,35,0.011646886897820608
112,0.18562549803466208,0.06833845589413888,35,0.01155130735210171
113,0.19071859022075535,0.06912576629018385,35,0.01168438709830359
114,0.1899660993764765,0.06832444721517193,35,0.0115489394531753
115,0.1900357308677201,0.06916683580556793,35,0.011691329113436887
116,0.18855812084490656,0.06933961410963647,35,0.01172053397719855
117,0.18897623246190462,0.06787755416382164,35,0.01147340074042384
118,0.18779890300668822,0.06858999508454931,35,0.011593825235502979
119,0.18336063516809653,0.0675189437902872,35,0.011412784523827355
120,0.18625622250918572,0.06781551696743092,35,0.01146291454032763
121,0.18745972178443163,0.06685353654360118,35,0.011300310170694581
122,0.18633202867925694,0.06696991028038109,35,0.011319980922450219
123,0.1843462920489607,0.06700613696934864,35,0.01132610435051335
124,0.18325752891941724,0.06696189844204385,35,0.011318626674598438
125,0.18423506367695675,0.06653732232252764,35,0.011246860211825388
126,0.18431319445479297,0.06672816592384107,35,0.011279118668152939
127,0.18120158835740238,0.06569725834034927,35,0.011104863482068942
128,0.18128275841651503,0.06460890029261343,35,0.010920897395126548
129,0.18072317428465995,0.06534143124990482,35,0.011044717726181583
130,0.17398593391821704,0.06457682569566373,35,0.010915475798710399
131,0.1744246891666058,0.06381447921865377,35,0.010786615724985947
132,0.17366727112722075,0.06330970950756756,35,0.01070129407118943
133,0.1779889640557709,0.06360649421045857,35,0.010751459842066763
134,0.17346379962614014,0.0633212991166734,35,0.010703253072678717
135,0.16954918407090927,0.06130201947848589,35,0.01036193251713855
136,0.17098541648652837,0.06066886571976789,35,0.010254909998522976
137,0.1703980250067238,0.06325521148610674,35,0.010692082224247048
138,0.16443229431440495,0.0591311126200738,35,0.00999498228353729
139,0.167403146434276,0.06011050543889761,35,0.010160529885113189
140,0.1657318600216168,0.06068942532745168,35,0.010258385206504878
141,0.16832752342210444,0.061976908088740325,35,0.01047600951322342
142,0.15900719262780855,0.05872796040348899,35,0.009926837121307314
143,0.16320090326573872,0.05849120150815428,35,0.009886817563759923
144,0.16002066048570987,0.05690132349584025,35,0.009618079130438618
145,0.16172041142570676,0.058509012473820704,35,0.009889828166442684
146,0.15682108703632686,0.05709906011745529,35,0.009651502719853338
147,0.15670030269296606,0.05793817657184606,35,0.009793339288181551
148,0.15369331519867502,0.05746210353945698,35,0.009712868258404523
149,0.1573586956023901,0.058045611508646934,35,0.0098114991069703
150,0.15260299906721123,0.05504082161358516,35,0.009303596914094958
151,0.15409335550154787,0.05631928509096877,35,0.009519696683580114
152,0.15259499577226532,0.056278193682734116,35,0.009512750967879652
153,0.1548368628760193,0.057948938131411734,35,0.00979515832375244
154,0.15072999393783462,0.054883205782710866,35,0.009276954976079763
155,0.14899275757012295,0.05531765063385794,35,0.009350389558958132
156,0.1464184810787136,0.05376634478241139,35,0.009088171010811073
157,0.15321353948456504,0.05767086641433118,35,0.00974815562479038
158,0.14730473076528824,0.054320581147595914,35,0.009181854055243266
159,0.14394777727971794,0.05304167331870361,35,0.008965679176644478
160,0.14319931122143523,0.05301042570648628,35,0.008960397366161362
161,0.14533738615235026,0.05226091150936544,35,0.00883370634362614
162,0.14972584292501268,0.053359275105631855,35,0.009019363676950835
163,0.15021190122952635,0.057712640698918495,35,0.009755216767661824
164,0.1470002169402921,0.05217633369241647,35,0.008819410083256126
165,0.1459663702209184,0.05286842206790687,35,0.0089363943702949
166,0.14584786809935363,0.05578525302754753,35,0.009429428789467731
167,0.14709690590316635,0.05439654382014734,35,0.009194694090424744
168,0.14348593351405592,0.052438140688752174,35,0.008863663542630289
169,0.1421550954225615,0.053004324338305334,35,0.008959366046705804
170,0.14310547459632245,0.05381721893649766,35,0.009096770312367417
171,0.14459746992522615,0.05395100156725788,35,0.009119383704286572
172,0.14706532817931434,0.055089577216103795,35,0.009311838115077053
173,0.14564049785124306,0.05704194204962325,35,0.009641848004243314
174,0.13940055986451713,0.05129394927562156,35,0.008670259894424054
175,0.14582850317386395,0.055236382608423326,35,0.009336652755464242
176,0.13807047041804527,0.0519361811685438,35,0.008778816897789171
177,0.1436905294505812,0.053448001611164815,35,0.00903436119368251
178,0.1454162028284604,0.054415394411081605,35,0.009197880421851191
179,0.1401273161163839,0.05120377492986696,35,0.008655017648027683
180,0.13921404925044914,0.05293217894667948,35,0.008947171249767474
181,0.13777326678144516,0.05006231756968092,35,0.0084620761391172
182,0.13977450918462747,0.05258744350427107,35,0.008888900324586037
183,0.1388081675991121,0.05361181306835047,35,0.009062050383685257
184,0.13484224953976326,0.05108632753039155,35,0.008635165414152993
185,0.1366618743133896,0.0510251238337253,35,0.008624820101224475
186,0.14587761119621903,0.05145202676791031,35,0.008696979867460984
187,0.1391148879965057,0.05185410943266988,35,0.008764944242435811
188,0.13528101283137506,0.05017918571724199,35,0.008481830461547895
189,0.13657841237976892,0.05265533602110044,35,0.00890037625447855
190,0.14126934708825578,0.05186314432097966,35,0.008766471417295012
191,0.13869348227054043,0.05276999629291765,35,0.00891975737779348
192,0.13644852605811175,0.05068579615941789,35,0.008567463255686867
193,0.14144585892960865,0.05615300629924466,35,0.009491590437920763
194,0.1373238479722286,0.05164771409023667,35,0.008730057062073096
195,0.1416121100165041,0.05485568624650775,35,0.009272303325457719
196,0.14004183766398093,0.05248756631193639,35,0.00887201799777564
197,0.1348760476514565,0.052068761350030045,35,0.008801227038684327
198,0.13091723955011045,0.049632545787995384,35,0.008389431449146443
199,0.14175355941899456,0.0546802280536631,35,0.009242645477815793
200,0.13171887068201374,0.05111296254720709,35,0.008639667553710277
201,0.1407738475558741,0.05388898872154604,35,0.009108901620206335
202,0.13738619043387112,0.051960676509673086,35,0.00878295736614446
203,0.13607943618341076,0.05192462445233438,35,0.008776863456214154
204,0.13992958484350843,0.05335271889497347,35,0.00901825547508427
205,0.14350043592128878,0.05169778460649764,35,0.008738520524043978
206,0.13904198369887294,0.05402788087474714,35,0.0091323786790516
207,0.1378081300523645,0.05409224781303044,35,0.009143258677402394
208,0.1403457808373251,0.05178717231559835,35,0.008753629804577358
209,0.13242852753643614,0.0512831337512332,35,0.008668431737133267
210,0.137106385175604,0.053269918729552786,35,0.009004259692664766
211,0.13502621655074665,0.05020579005235915,35,0.008486327414951594
212,0.13142622959369646,0.05052181826207495,35,0.008539745932162703
213,0.14102913792927405,0.053427337055111844,35,0.009030868246188461
214,0.14204284924610816,0.05147204641125035,35,0.00870036380481038
215,0.14364411087573153,0.05644722000435587,35,0.009541321630855599
216,0.14627550468593836,0.05563862006349606,35,0.00940464329477742
217,0.14500072418367535,0.05513420924751202,35,0.009319382305325422
218,0.1381420464709171,0.05380731821169035,35,0.009095096784428259
219,0.1514704766587669,0.05393576532602304,35,0.009116808309465433
220,0.13822953870740887,0.054519809648583405,35,0.009215529818297818
221,0.15163053258097056,0.05586406028479375,35,0.009442749647220756
222,0.1476668322565199,0.05541060699407086,35,0.009366102051625738
223,0.14455380722478647,0.05533927124129121,35,0.009354044108630541
224,0.14541971063682016,0.05486274572093822,35,0.009273496594427931
225,0.1509459444308885,0.05782149238710739,35,0.009773616061143268
226,0.1445178836488676,0.05520508492262091,35,0.009331362481000428
227,0.1472822944373237,0.05775511287511118,35,0.009762395875745188
228,0.13891288657709566,0.052081531960015276,35,0.008803385665757226
229,0.15071312012526378,0.05616334488021647,35,0.00949333797706
230,0.15179081322312202,0.0580492922635125,35,0.00981212126809735
231,0.15000579649583015,0.06041167513564317,35,0.01021143685523315
232,0.14872961560241663,0.05710974400154428,35,0.009653308625872305
233,0.15491163692560778,0.056540616806085964,35,0.009557108571727644
234,0.15394442527460003,0.057615491474498216,35,0.009738795551589349
235,0.151284222104253,0.055675838916725964,35,0.009410934429210094
236,0.1524995284119338,0.05696917942268051,35,0.009629548875494137
237,0.1613124502081935,0.062110516049023096,35,0.010498593380443136
238,0.1527584078986262,0.05290545353077508,35,0.008942653829975276
239,0.1524855831333857,0.057260021669390836,35,0.009678710187946544
240,0.15289978035709087,0.05569257004468594,35,0.009413762506006451
241,0.1550105868201756,0.05764352502922927,35,0.009743534087200571
242,0.16524208086382502,0.06046382741208629,35,0.010220252198899089
243,0.16498459460416987,0.06359493824396277,35,0.010749506527216478
244,0.1618792220123925,0.06282998174787288,35,0.010620205279745961
245,0.16788673346878213,0.062409669568432344,35,0.010549159554392283
246,0.15257623784691932,0.05625624055610959,35,0.00950904021220539
247,0.17048353952990491,0.06377922102996338,35,0.010780656003348805
248,0.14636105244014783,0.05639458014560642,35,0.009532423870737518
249,0.16526590078723946,0.06148553261974486,35,0.010392951899565272
250,0.1711864555313117,0.06114993815835986,35,0.0103362260821847
251,0.16369674288749517,0.061631811180119775,35,0.010417677489100557
252,0.16677532887881494,0.06263084251251698,35,0.010586544605337075
253,0.1692699996806942,0.06286682507748032,35,0.010626432939101179
254,0.15571651992130556,0.055209730920732294,35,0.009332147798014688
255,0.17380907770446657,0.06475430919342792,35,0.0109454759853663
256,0.16483457158179246,0.0632844498507598,35,0.010697024409904617
257,0.17278962755017138,0.05656026774104259,35,0.009560430185985241
258,0.1589508904643145,0.054214567812488935,35,0.009163934530998542
259,0.17488295916809227,0.0646009891605947,35,0.010919560169749478
260,0.16656262251894582,0.059941211598031445,35,0.010131914003131716
261,0.16426806652173248,0.05909962719953416,35,0.009989660276111091
262,0.17085236053661584,0.0652322939586624,35,0.011026270156972965
263,0.17305067046884595,0.062478376627466456,35,0.010560773167046796
264,0.1688929896375181,0.063897732840302,35,0.010800688155497458
265,0.16705623389126273,0.05835526469467892,35,0.009863840048503335
266,0.1652202960651376,0.059314859094867965,35,0.010026041106530022
267,0.1757583044966571,0.0664647385032374,35,0.01123459130708587
268,0.1628378870152754,0.05744830071212536,35,0.009710535154755203
269,0.1694132042951017,0.056984476012081765,35,0.009632134471017198
270,0.17576695716181806,0.06463350617029967,35,0.010925056547570118
271,0.17630976510830298,0.0664181612655775,35,0.011226718316969515
272,0.17278257700358454,0.06093769595444523,35,0.01030035060185042
273,0.17520455723374662,0.06697084626262251,35,0.011320139132324956
274,0.15962010490200912,0.059870056388364866,35,0.010119886577492554
275,0.18400882130761284,0.06753062852936303,35,0.011414759605216422
276,0.17147939387431702,0.059933369488671055,35,0.01013058844471332
277,0.17633997719807867,0.06221472062526628,35,0.010516207168637957
278,0.17962956806865887,0.06167913342618168,35,0.010425676408621062
279,0.18274461640698486,0.06294963643759904,35,0.010640430613770019
280,0.1594604799054444,0.05775970811453353,35,0.009763172612975046
281,0.1917881538761398,0.06997791682795682,35,0.011828426828837193
282,0.1536949923456192,0.053721118919225104,35,0.00908052644467194
283,0.17249867157491192,0.058818579876426726,35,0.00994215460793023
284,0.176061456858105,0.061805281725655574,35,0.010446999363026488
285,0.1841759019930726,0.061678671166348197,35,0.010425598272448051
286,0.1761962911656374,0.05987960909579271,35,0.010121501279757918
287,0.17993604076477177,0.059511650843243835,35,0.010059304983217087
288,0.17772574025693647,0.060355828765364584,35,0.010201997095742734
289,0.17586702985685154,0.06273985194892326,35,0.01060497056313394
290,0.16854919786039047,0.06354543531810214,35,0.010741139005533954
291,0.18011689178483423,0.061162699655124955,35,0.010338383168842245
292,0.17719350384249077,0.05745760072832775,35,0.009712107144407702
293,0.18209406762737773,0.065188185709108,35,0.011018814502017062
294,0.19056227635507886,0.06739362487148456,35,0.01139160176034255
295,0.18593852810834768,0.06669084464984668,35,0.011272810221451289
296,0.19114850540708014,0.0670361508470396,35,0.011331177621799632
297,0.17003054033342896,0.057700800597955966,35,0.009753215425320844
298,0.1724187737051139,0.055506099380301585,35,0.009382243210929153
299,0.18224366427673622,0.05919373940028085,35,0.010005568141487679
300,0.18044009251457008,0.05996444194267781,35,0.010135840648055052
301,0.1793936722873347,0.060474163052505914,35,0.010221999240994286
302,0.18739319481289138,0.05952844126965264,35,0.01006214308328071
303,0.1944749713911845,0.06626254691954961,35,0.011200414691641063
304,0.18300129866285492,0.06099825661551027,35,0.010310587221924078
305,0.18550403592475148,0.06586265686687487,35,0.011132820935752729
306,0.18832340444329942,0.059012564271332654,35,0.009974943955271367
307,0.19464384999485107,0.06164599494125932,35,0.010420074982315584
308,0.19036608683336195,0.06009503789674319,35,0.01015791539330079
309,0.19470665708317622,0.06603305157444557,35,0.011161622898170048
310,0.2037412046740635,0.06736664935003985,35,0.011387042064998047
311,0.19301122929852146,0.0600178465479633,35,0.010144867673930878
312,0.18706425398244506,0.061527434705246374,35,0.010400034644733993
313,0.19732096144522118,0.06668898240321548,35,0.011272495444318548
314,0.18746629822570693,0.06465586484415599,35,0.01092883585323807
315,0.18885913584913577,0.062325362391367205,35,0.010534909040512132
316,0.18269739820011377,0.06464572566055635,35,0.010927122018406328
317,0.20469546590539414,0.06773220163581617,35,0.011448831678927966
318,0.22174510692804392,0.07681081609358033,35,0.012983397606131805
319,0.18192846218113332,0.05587826755586019,35,0.009445151114338732
320,0.19812907372218974,0.06413269347281694,35,0.010840403751150201
321,0.1951015204783212,0.06195262965472418,35,0.010471905708862042
322,0.19493670859511833,0.06322637101440724,35,0.010687207294774006
323,0.20241355810646514,0.05700309849705738,35,0.009635282245499352
324,0.1888467583985266,0.06002831571045724,35,0.010146637285375919
325,0.19533647500939988,0.06148576762909423,35,0.010392991623395577
326,0.22348566438901474,0.07439510749202101,35,0.012575068325573379
327,0.20263136856421518,0.06623746596942486,35,0.011196175237298949
328,0.19771141838677275,0.062194689883111574,35,0.010512821355246475
329,0.20207637571534834,0.06019639913680703,35,0.010175048569961693
330,0.22507302036971213,0.07401614927652499,35,0.012511012695935221
331,0.2041249141285087,0.060688897867623194,35,0.010258296049521227
332,0.2033393823184345,0.06700642771677867,35,0.011326153495798859
333,0.20970653536779074,0.06675480723849764,35,0.011283621872239651
334,0.2344522926080765,0.07453925628040867,35,0.012599433917937337
335,0.21016068723738873,0.06938840537178531,35,0.011728781205758283
336,0.20021929581832937,0.05997333795462932,35,0.01013734434852524
337,0.2122804410198075,0.057593510965663036,35,0.009735080167476718
338,0.18920187696046328,0.05929261582309825,35,0.01002228130737497
339,0.19781072745963865,0.05996635420752447,35,0.010136163879809318
340,0.20997384340140984,0.06840109571067743,35,0.011561895413594302
341,0.2051067323031122,0.0609790525788661,35,0.010307341147268521
342,0.2044859264737555,0.06940782399592914,35,0.011732063552321507
343,0.18556804500570623,0.06607043080283515,35,0.011167941140952433
344,0.19565038088559236,0.054018165440568124,35,0.009130736470945013
345,0.22682939591772552,0.07480534481242926,35,0.01264441108893167
346,0.22009866506265424,0.06308759488656618,34,0.010819433263089874
347,0.2078325698662997,0.06791881960977167,35,0.011480375873867426
348,0.2108157793687494,0.061369383591578584,35,0.010373319130497811
349,0.2077773698778143,0.06763040554115338,35,0.011431624998424164
350,0.2238958967693153,0.07129119876435183,35,0.012050411992077664
351,0.19725618529212893,0.05644639694851271,35,0.009541182509026054
352,0.19801772194844075,0.06435043146030306,35,0.010877208188458184
353,0.203472509760255,0.06756178831051403,35,0.011420026569539657
354,0.21273552198071133,0.06457883341559283,35,0.010915815165318475
355,0.2220251627497715,0.0721065308465564,35,0.012188228267736032
356,0.2176685496623351,0.06529061135733728,35,0.011036127596495922
357,0.21408191134113222,0.0694020287828189,35,0.011731083982518072
358,0.22960133025808602,0.06269352292179432,35,0.01059713952825485
359,0.23167408589984728,0.07778278427876963,35,0.013147690215566504
360,0.22297140270948326,0.05885407063435431,35,0.009948153640943437
361,0.21359969386244892,0.05530990779514888,35,0.009349080780342404
362,0.21145760980652778,0.0693347339369312,35,0.011719709077453414
363,0.21674028437548842,0.07073208386448115,35,0.0119559043247761
364,0.19687326606616243,0.05856387639224326,35,0.009899101861259864
365,0.22212243439666904,0.0681693868488082,35,0.011522729467500888
366,0.21590654356980885,0.06136933811762242,35,0.010373311443996305
367,0.21956898298224825,0.06686582656057893,35,0.011302387562722468
368,0.228957241437749,0.06568293965661105,35,0.011102443182772249
369,0.21657020000465838,0.058565988557703556,35,0.009899458882384955
370,0.22152821844140108,0.07528959510652851,35,0.012726264328213974
371,0.23855554577094065,0.058595445478487745,34,0.010049035995355664
372,0.20450678856423107,0.055936442195269886,35,0.009454984423141613
373,0.23975552153386218,0.07571485858093245,35,0.012798146975168598
374,0.2137125886005835,0.06624716748617741,35,0.011197815092931097
375,0.22646607987505182,0.06734944544332443,35,0.011384134074006349
376,0.225061247121758,0.06626023988497025,35,0.01120002473162295
377,0.22458539486737475,0.06708125060079213,35,0.011338800871553865
378,0.23981261195494508,0.06765673990107295,34,0.011603035168388733
379,0.23643651300418936,0.05947433277040746,35,0.0100529970776099
380,0.22441242554861407,0.07086363408258152,34,0.012153012983219197
381,0.25386881458116767,0.07153242150003712,35,0.012091186076357998
382,0.2313219646543703,0.06652665120384775,35,0.011245056463554382
383,0.24807812156790382,0.06418757429117102,34,0.011008078174665504
384,0.23698728910176606,0.067381629181963,35,0.01138957411873504
385,0.23406423912186897,0.0675175258064596,35,0.01141254484081435
386,0.2551945818020237,0.07368772359980943,35,0.012455498624327573
387,0.24112044875518898,0.07133721057538149,35,0.012058189407649559
388,0.21787106819547292,0.05783124762000637,35,0.009775264996461357
389,0.2336134182876607,0.06078495513686731,35,0.010274532691481082
390,0.23186056964520166,0.06770873333705216,35,0.011444864812417636
391,0.2628321131830331,0.07513893307836358,35,0.012700797797388051
392,0.23562505912397685,0.07083524660253838,35,0.011973342010175803
393,0.2400645597187805,0.06315478205352823,35,0.010675106551798309
394,0.235875210287849,0.05127643786084,35,0.008667299925082264
395,0.2607943291894941,0.06820197703626509,34,0.01169654256564134
396,0.23736997672441396,0.07175947230269294,35,0.012129564666738816
397,0.2518955513582137,0.07121895728241827,35,0.012038200952912853
398,0.23696913820506893,0.060944551535466206,35,0.010301509406544122
399,0.2556740298141813,0.06983446946362194,35,0.01180417979877775
400,0.2546319402051513,0.061804889570899954,35,0.010446933076774443
401,0.25805956203794883,0.06526929435316445,34,0.011193591634817644
402,0.2578172186759849,0.0729603804059217,35,0.012332555185335164
403,0.2574428237407133,0.07181204980910269,35,0.012138451887387859
404,0.25245444896013075,0.06932632254352375,35,0.011718287292468115
405,0.2756952778727511,0.0795097652417615,34,0.013635812243975124
406,0.251128036506331,0.08049587342991293,35,0.013606285983475812
407,0.2829618517305206,0.07800446360063247,35,0.013185160859978047
408,0.2755537569993739,0.09672576845517748,35,0.016349638950355717
409,0.27193894549414027,0.07433652585408236,35,0.012565166221462816
410,0.26231538305970126,0.06906073481192779,35,0.01167339477219571
411,0.2840250228967761,0.06323634857325458,35,0.010688893810036333
412,0.31627160645991814,0.0696598132402007,35,0.011774657508709893
413,0.2624384954957775,0.07671645947564594,35,0.012967448426709997
414,0.25444114237991783,0.06173569191236816,35,0.010435236537669364
415,0.3019512044063228,0.07926612957980489,34,0.013594029072659306
416,0.2702662038796083,0.07437389077414042,35,0.012571482045695748
417,0.2564943456787149,0.07205049600419162,35,0.012178756650648506
418,0.24709670925572286,0.06197525691498903,35,0.01047573041391918
419,0.26421395439577255,0.0747649803980633,35,0.012637588257623468
420,0.3029475614507011,0.07798781843584363,35,0.013182347313609656
421,0.2799939298230114,0.07870025708161948,35,0.013302771424151755
422,0.2667302948803412,0.06797120968540231,35,0.011489231412932384
423,0.27329485933567566,0.05648659140695954,35,0.009547976612540624
424,0.25172725252827294,0.0694563922763907,35,0.011740273090096894
425,0.26408226212562946,0.0564242369299085,35,0.009537436782224412
426,0.2968583158149484,0.06750953448439384,35,0.011411194060845392
427,0.2816725912392929,0.05945948623761601,34,0.010197217763051622
428,0.26317769346932324,0.08154975417970711,34,0.013985667460539166
429,0.30683295008720174,0.04906664861896617,35,0.00829377736911767
430,0.2619634252117245,0.07737084704339545,35,0.013078060114134985
431,0.28242028603168057,0.060262312866721394,35,0.010186190023818122
432,0.2755960368996083,0.07757287516102584,35,0.01311220909877301
433,0.2665655866723794,0.0721569842587117,34,0.012374820708519337
434,0.3296062701581909,0.06752604746780828,35,0.01141398526448359
435,0.25210598920165245,0.06936431742188788,35,0.011724709599089582
436,0.28240810376533415,0.08558179741796623,34,0.014677157171134023
437,0.3423279096992332,0.08577828929679356,34,0.014710855250344903
438,0.28310377585377583,0.07234135885742604,35,0.012227921446239215
439,0.29325760152545866,0.0772638149114604,35,0.01305996838179547
440,0.2938558156848598,0.07831960900216439,34,0.01343170213278569
441,0.28492652288188003,0.09341525645665744,35,0.015790060290179913
442,0.30687267373279276,0.08103103367415314,35,0.013696744574952045
443,0.28921045059437916,0.06679713965237168,35,0.011290777356179366
444,0.3125435295524581,0.08288823858073943,35,0.014010669500692862
445,0.30662559968626146,0.08995290915102344,34,0.015426796648853155
446,0.34417995859960143,0.09292995097464253,35,0.01570802869158632
447,0.29465985573522335,0.08246965436133935,34,0.01414342904016143
448,0.27924840607238566,0.08077581105211039,35,0.013653604077967566
449,0.30067528978374564,0.0828868814335309,34,0.014214982892725433
450,0.3105807352829173,0.0696558192655945,34,0.011945874450991765
451,0.31309346529015647,0.06631823112935827,34,0.011373482807838828
452,0.3456289253074967,0.08490459617212086,35,0.014351496140174893
453,0.3048111230700516,0.0739213372611185,35,0.012494986540291186
454,0.36364020039834116,0.07873780050108152,34,0.013503421383168604
455,0.305800117298279,0.06585414651740129,34,0.011293892953501796
456,0.3413785021195735,0.07865022746325487,35,0.013294314875187094
457,0.327705533165092,0.07861740949841772,34,0.013482774496547873
458,0.31473582039653464,0.06614403137360186,35,0.01118038190805922
459,0.31207284481391623,0.07714699504018345,35,0.013040222219546161
460,0.32460668762454475,0.08539087121517673,35,0.014433691624496285
461,0.2947266697082873,0.08403158047510775,34,0.01441129715876985
462,0.31559054404590114,0.10233475165181606,35,0.017297730153023688
463,0.31954219226540653,0.07950962752838431,35,0.013439579999498717
464,0.341138470539731,0.07965761859256196,34,0.013661168884445981
465,0.3289893664536521,0.07886777899863355,35,0.013331087796336698
466,0.3042846234453377,0.07054871104777725,35,0.01192490866152833
467,0.36513660215445926,0.09821796475796671,35,0.01660186616119421
468,0.3616716269841269,0.07186442036965711,34,0.012324646415482686
469,0.33863603294853295,0.07021149392799866,35,0.011867908564818695
470,0.3568463967269114,0.07835789630016389,34,0.013438268350221534
471,0.35825187713974477,0.08531895494177459,34,0.014632080058351805
472,0.35023644179894176,0.09455954670259323,35,0.01598348064417931
473,0.33224818336425477,0.08791645869475223,35,0.014860593825306747
474,0.2945636147676964,0.0752676383736545,35,0.012722552962972292
475,0.31489281341554065,0.07165397702348245,33,0.012473356360151256
476,0.30628460080083453,0.08477048629612803,35,0.014328827433715602
477,0.2929629715522572,0.07150585793897754,35,0.012086696015027949
478,0.3376757283721569,0.08747000235839544,35,0.014785128930862257
479,0.3048910734327401,0.06601341943905664,33,0.011491461317571278
480,0.3400979179550608,0.0701108843867225,35,0.011850902448443529
481,0.3204491685563114,0.0654112525777629,35,0.01105651968464359
482,0.32353838631412163,0.08072933164132653,34,0.01384496615598787
483,0.31416846182917607,0.07282886384133266,35,0.012310324828509224
484,0.32778488971346115,0.08478950549197956,35,0.014332042264574688
485,0.321984126984127,0.07660442583706249,35,0.012948511285445694
486,0.30134240362811787,0.0658417912637671,35,0.011129294005103927
487,0.35453562232973995,0.08432334806155993,34,0.014461334887036843
488,0.35263142479213905,0.06799082514534983,35,0.011492547030819004
489,0.32765384941855524,0.053967680454358194,34,0.009255380841345459
490,0.3088199307500778,0.09033095505449037,34,0.015491630986416656
491,0.34398662382590955,0.09161048571500448,35,0.015484998355956405
492,0.3509072203516648,0.0722627410417326,33,0.012579328573478413
493,0.3259212018140589,0.095198697647565,35,0.016091516872290636
494,0.3580691118777056,0.05544695412839415,32,0.009801729315081734
495,0.36640340479626193,0.07164541529170583,35,0.01211028551311534
496,0.30753150376312144,0.059689829393402276,34,0.010236721288366226
497,0.3179400724936439,0.07185655017177105,35,0.012145973821557084
498,0.34746508451865593,0.08801439689145903,35,0.014877148402036184
499,0.390526738473167,0.08567428530069254,35,0.014481597348541021
500,0.35705573896225157,0.07539984510154402,34,0.012930966754879123
501,0.3788988448914919,0.05581686129142667,34,0.009572512738575342
502,0.3700595238095238,0.06087466785804875,34,0.01043991940867552
503,0.3473445767195767,0.0854992432816726,35,0.014452009847114828
504,0.3366142212164939,0.07312816360383632,33,0.012729979304500604
505,0.41841564277226034,0.0924544689726157,34,0.015855810618905574
506,0.40308106575963715,0.1074674346271433,35,0.018165311923977773
507,0.3550751133786848,0.08691917814838887,35,0.014692022645923352
508,0.3996919879062736,0.12776179217345118,35,0.021595684449426552
509,0.4088069950202303,0.06979510020867387,34,0.01196976093566719
510,0.4217242629374982,0.09265435784929368,34,0.015890091278441574
511,0.4517885487528345,0.10414438727804458,35,0.017603614402826755
512,0.3974439775910364,0.07511967856842049,34,0.012882918590844157
513,0.47860650152316814,0.08434240970298615,33,0.014682128978750934
514,0.44591950113378687,0.09670615739095664,35,0.01634632407548252
515,0.3751530612244898,0.07055267894790744,35,0.011925579359063803
516,0.438764880952381,0.08671520607143483,32,0.01532922756127511
517,0.4205583900226757,0.08231917952910686,35,0.013914480964957053
518,0.445796485260771,0.09692117185395104,35,0.016382668153128093
519,0.42067285247432307,0.08881407355450115,34,0.015231487955339656
520,0.4159591951258618,0.06264678356956034,33,0.010905405236952988
521,0.47635971055088705,0.0953411775084038,34,0.016350877048512038
522,0.5124591503267973,0.07700979640602955,34,0.01320707112574673
523,0.47460884353741495,0.10580230386050837,35,0.0178838534535576
524,0.4444327731092437,0.0887178469092936,34,0.015214985221833552
525,0.4362044817927171,0.07451070676427946,34,0.01277848078804229
526,0.5548128342245989,0.09569060383791884,34,0.016410803169635408
527,0.43524531024531027,0.054658845662759754,33,0.00951488373021748
528,0.4779440943043884,0.12138753238356399,34,0.020817790057721698
529,0.46655612244897954,0.09292641797371116,35,0.0157074315054325
530,0.47211499919833255,0.08312946038645239,33,0.01447098160493567
531,0.4923319327731092,0.0871531966482918,34,0.014946649915828886
532,0.4715540382819795,0.09801972602183,34,0.0168102443288002
533,0.49112394957983196,0.09773571228451809,34,0.016761536374690172
534,0.5555993230625583,0.08240064616538208,34,0.014131594232191522
535,0.4711224489795918,0.07892519821236042,35,0.013340793414893585
536,0.47629551820728294,0.09040893663494057,34,0.015505004717131041
537,0.5141894257703081,0.10228528578323928,34,0.01754178179272271
538,0.5335066939233606,0.09540647161520517,33,0.01660813494177874
539,0.5537157287157287,0.10223117139959072,33,0.01779616268284593
540,0.5002645502645503,0.08660468775876796,33,0.015075941039821445
541,0.5354858104858106,0.09389826083736032,33,0.016345589144884386
542,0.5484156162464986,0.10738615555362384,34,0.018416573741339856
543,0.5237283549783549,0.09117256267226166,33,0.015871105997461266
544,0.5750612745098039,0.124791315947903,34,0.021401534123137163
545,0.5412878787878788,0.09791039839424671,33,0.017044012646158988
546,0.4912840136054421,0.08286783412376254,35,0.014007220517966974
547,0.5670304232804232,0.06885999216973114,33,0.011986986026034504
548,0.5547371031746031,0.12887421982472624,32,0.02278195868954743
549,0.5050324675324676,0.07590439497221299,33,0.013213259153498294
550,0.47981770833333337,0.0846939288021335,32,0.014971912845329812
551,0.5207160894660895,0.08692762623846696,33,0.015132157413385344
552,0.5101190476190477,0.11078926512531259,33,0.01928593557806876
553,0.4490879416282642,0.09254242222850108,31,0.016621109694639265
554,0.46921502976190477,0.07956409234902254,32,0.014065077309736634
555,0.5263347763347763,0.07778127764473715,33,0.013539982489635165
556,0.4965909090909091,0.08460567703913284,33,0.01472795793951705
557,0.49505208333333334,0.09291330639085173,32,0.01642490725285866
558,0.48569444444444443,0.08680059372792213,30,0.015847547729874796
559,0.4935763888888889,0.08362981161214435,32,0.014783801725075185
560,0.4921717171717172,0.08690120992365576,33,0.01512755892322402
561,0.48276515151515154,0.12723615376832786,33,0.022148971400809247
562,0.5046875,0.11029931377878871,32,0.01949834818330107
563,0.5551120448179272,0.14159033661340806,34,0.024282542399051046
564,0.4834558823529412,0.07974841309347845,34,0.01367674001289188
565,0.45199579831932774,0.09591445465007924,34,0.016449193267203916
566,0.4916141456582633,0.07432620205422534,34,0.012746838491315879
567,0.5033940596440597,0.05899161556099054,33,0.010269122157896902
568,0.46189273689273685,0.08789741239460586,33,0.01530097551422429
569,0.4981770833333333,0.06048587677714253,32,0.010692493408782849
570,0.5167929292929293,0.12065578212809679,33,0.021003475730360467
571,0.4947172619047619,0.10989881764088616,32,0.019427549799563595
572,0.5486531986531986,0.11490510630480946,33,0.02000241156288151
573,0.5773809523809524,0.09647442604117937,30,0.017613739788372586
574,0.5593434343434343,0.11455980015453855,33,0.01994230147765526
575,0.5816592261904762,0.09262390425498968,32,0.016373747699669178
576,0.5520202020202021,0.09135910294128162,33,0.015903578490233605
577,0.5719278033794163,0.1011847683700887,31,0.018173320883619042
578,0.5603535353535354,0.11043691447665757,33,0.019224599203076422
579,0.5638020833333334,0.0966418529285071,32,0.017084027388045094
580,0.5652310924369748,0.0877688757028142,34,0.015052238002581356
581,0.5313888888888889,0.06019935485030851,30,0.010990848199590668
582,0.5795454545454546,0.13995737987622583,33,0.02436345262255455
583,0.5447478991596639,0.07718624501749836,34,0.013237331812963991
584,0.6051470588235294,0.12046512526548406,34,0.020659598542045608
585,0.5575268817204301,0.1153568304321839,31,0.020718698370623848
586,0.5543067226890757,0.09710163386370184,34,0.016652792822650787
587,0.5350665266106442,0.06033152692912779,34,0.010346771507832586
588,0.5514705882352942,0.10126453398273819,34,0.017366724303155105
589,0.5925685425685425,0.10548654881645632,33,0.01836285115282501
590,0.5633116883116883,0.07432522805451455,33,0.012938361478102565
591,0.6268817204301075,0.13867277092298969,31,0.024906364904513333
592,0.5909090909090909,0.1291055573919843,33,0.022474392801650443
593,0.5194444444444445,0.060661003482883856,30,0.011075133322824978
594,0.5813888888888888,0.09820426297733767,30,0.017929563358619095
595,0.5902958152958153,0.130620223093755,33,0.02273806225657118
596,0.5455729166666666,0.0849041303914414,32,0.015009071587633763
597,0.5449404761904761,0.10794896879908311,28,0.02040043755201748
598,0.5653645833333333,0.0795684308796669,32,0.014065844260846389
599,0.5572916666666666,0.13122919702009014,32,0.023198263775642804
600,0.5229885057471264,0.06158678756719007,29,0.011436379344527613
601,0.5645161290322581,0.14387120883339652,31,0.02584003191547939
602,0.6029411764705882,0.19576623988155323,34,0.03357363315835536
603,0.5475806451612903,0.0894736032971585,31,0.016069933543609995
604,0.5561728395061728,0.08597084431097339,27,0.016545096701799964
605,0.5,0.0,25,0.0
606,0.5190476190476191,0.0641870806772179,35,0.010849596866590653
607,0.525,0.06619806574248205,30,0.01208605795678913
608,0.5588888888888889,0.13486784601087007,30,0.02462338718076222
609,0.52734375,0.09905997185641408,32,0.017511494460954735
610,0.5618686868686869,0.0866032997267946,33,0.015075699414469132
611,0.5353535353535354,0.08597455774311712,33,0.01496624948374962
612,0.5654040404040405,0.11858763044380342,33,0.02064345673299785
613,0.5525,0.10520801325773549,30,0.019208267363854767
614,0.5574712643678161,0.1410410701539437,29,0.026190669219089874
615,0.5265151515151515,0.07782454852766803,33,0.013547514983506906
616,0.5401234567901235,0.08761552316057993,27,0.01686161529398357
617,0.5236111111111111,0.06350563877177351,30,0.011594490294691675
618,0.5427777777777777,0.08019174021030202,30,0.014640941679592163
619,0.58984375,0.1745800693230436,32,0.030861687719585418
620,0.5186781609195402,0.04800871967414833,29,0.008914995435338259
621,0.5473958333333333,0.1032499989151848,32,0.01825219359760771
622,0.5481770833333334,0.09232981959755776,32,0.01632176038579092
623,0.5355392156862745,0.10161384667653932,34,0.017426630935914317
624,0.5478395061728395,0.11711435606418176,27,0.02253866833320834
625,0.601388888888889,0.16401749937787474,30,0.02994536141161718
626,0.5,0.0,23,0.0
627,0.5316091954022988,0.10544170393301577,29,0.019580032869805943
628,0.5389784946236559,0.10088467693669471,31,0.018119422871088666
629,0.5738888888888888,0.12109283140899063,30,0.022108425104958085
630,0.53125,0.10040241611281234,32,0.017748807320220772
631,0.6183823529411764,0.10139555281334009,34,0.017389193847230356
632,0.5768229166666666,0.13138247496033295,32,0.023225359743380802
633,0.5536764705882353,0.08209153490458497,34,0.014078582088313201
634,0.5575,0.09897341839045837,30,0.01806999128195023
635,0.5793103448275863,0.12443564445682266,29,0.023107119078689075
636,0.5446236559139784,0.10588140612253438,31,0.0190168619256574
637,0.5345959595959595,0.07933428560246741,33,0.013810326474597396
638,0.5865591397849462,0.13043157386145465,31,0.023426202217214163
639,0.5303921568627451,0.07010941283644406,34,0.012023665106622203
640,0.5327380952380952,0.10719795761301668,28,0.02025850977843466
641,0.5544117647058824,0.0803044316518048,34,0.013772096408957827
642,0.5694444444444445,0.10916481126497914,33,0.019003154457853725
643,0.5805555555555556,0.13872038389294994,33,0.024148119261359267
644,0.5486559139784946,0.08471348153983378,31,0.015214990437701468
645,0.5479166666666667,0.08814089405208615,32,0.015581255971018787
646,0.5863636363636364,0.13661041432859466,33,0.023780820705458436
647,0.604040404040404,0.16731801385667583,33,0.0291263276513331
648,0.5096153846153846,0.049029033784546,26,0.009615384615384614
649,0.6138888888888889,0.1611639495862286,30,0.029424376881667595
650,0.5692857142857143,0.10356732339976,35,0.017506072804430284
651,0.5808823529411765,0.13949659089405578,34,0.023923467970533945
652,0.5845588235294118,0.12954095904887092,34,0.02221609119488504
653,0.5309139784946237,0.08604460375366631,31,0.015454067044951407
654,0.5574712643678161,0.09143219003683319,29,0.016978531449158212
655,0.5943362193362193,0.13280748716798044,33,0.023118816059568455
656,0.5317708333333333,0.07889916606034515,32,0.013947533837808388
657,0.5354938271604939,0.07095926183925814,27,0.013656116308130942
658,0.6224747474747475,0.15588129899736008,33,0.027135451136789716
659,0.5645833333333333,0.1396944232709528,28,0.0263997645369668
660,0.5611979166666666,0.11199577114952304,32,0.01979824231101111
661,0.5325520833333334,0.07312039511586109,32,0.01292598180736627
662,0.5427083333333333,0.07076609712137664,32,0.01250979678815781
663,0.5708333333333333,0.12626277864846255,30,0.023052324013014863
664,0.5260752688172043,0.06392783603277007,31,0.011481778298583812
665,0.6208333333333333,0.1590884652793729,32,0.028123133151901295
666,0.5625,0.12795828912106189,30,0.023361880457124496
667,0.5408854166666667,0.08331611045141679,32,0.014728346670571048
668,0.6130952380952381,0.15376664103172666,28,0.02905916372197779
669,0.5884408602150538,0.12048661788599484,31,0.021640035395598722
670,0.5547619047619048,0.10043381625351873,35,0.01697641342505668
671,0.5202020202020202,0.0908827823885258,33,0.01582066172492635
672,0.5338541666666666,0.1071155185722238,32,0.018935527388183254
673,0.5756172839506173,0.14342658575641073,27,0.027602459298470893
674,0.5301075268817205,0.0735878606684138,31,0.01321676994085469
675,0.5481770833333334,0.07706925547122465,32,0.013624048291175344
676,0.594551282051282,0.15345904824147544,26,0.030095795443102303
677,0.5672043010752688,0.14177994627615464,31,0.025464430072268677
678,0.5764880952380952,0.12689010449384827,28,0.02397997573755157
679,0.5308080808080807,0.061501921283394184,33,0.010706110293785103
680,0.5560344827586207,0.11694050667671248,29,0.021715306933927914
681,0.5229885057471264,0.09681575050426112,29,0.01797823353075385
682,0.53,0.082915619758885,25,0.016583123951777003
683,0.6060606060606061,0.1586930224640891,33,0.02762490936707353
684,0.5258620689655172,0.07748351167365089,29,0.014388326903384149
685,0.6069444444444444,0.17220793105950627,30,0.0314407228075287
686,0.5422043010752688,0.08435307970049571,31,0.015150260356496149
687,0.625,0.1496323719764377,30,0.027319008488166267
688,0.5277777777777778,0.09868224998612664,30,0.018016831447588474
689,0.5762626262626263,0.11995226937248593,33,0.020881009878928797
690,0.5954301075268816,0.1365893871900413,31,0.024532178139919467
691,0.6086309523809524,0.14493297270974348,28,0.027389757325949452
692,0.5432692307692307,0.136667057535401,26,0.026802615124550677
693,0.5708333333333333,0.14061901328252777,30,0.025673401862986344
694,0.5666666666666667,0.12600173324843275,30,0.023004663861638436
695,0.58984375,0.14515370630576774,32,0.02565979251079222
696,0.5055555555555555,0.030429030972509218,30,0.005555555555555554
697,0.6287878787878788,0.13833538698731176,33,0.02408109990247558
698,0.60546875,0.1496652383813593,32,0.026457326241840076
699,0.576388888888889,0.13315511317059442,30,0.024310686376895933
700,0.5376344086021506,0.08829325526183293,31,0.015857936778228637
701,0.5725806451612904,0.16064386578049974,31,0.02885249003225535
702,0.5344827586206896,0.10509642534686732,29,0.019515916245985813
703,0.5502873563218391,0.1153944829682398,29,0.021428217538553344
704,0.5493827160493827,0.11843724955831099,27,0.022793259304856577
705,0.5138888888888888,0.045005143738943466,33,0.00783438992802453
706,0.5940860215053764,0.11535359384476593,31,0.02071811706236311
707,0.6055555555555556,0.1694216742441879,30,0.030932024237944573
708,0.5343137254901961,0.10484405418600547,34,0.01798060695350447
709,0.5327380952380952,0.10719795761301668,28,0.02025850977843466
710,0.525,0.10064447498411222,30,0.018375083079020887
711,0.6091954022988506,0.14451521360131317,29,0.026835801461424735
712,0.6158854166666666,0.15217007579299516,32,0.026900123121724445
713,0.5286458333333334,0.1006461539130584,32,0.01779189448306714
714,0.5729166666666666,0.1283162256436841,32,0.022683318322228047
715,0.5603448275862069,0.14415970208221682,29,0.0267697846296603
716,0.6190476190476191,0.17419951642281362,35,0.029445092495278206
717,0.6160714285714286,0.19816452733569623,28,0.03744957557177951
718,0.6264367816091955,0.19495203120719654,29,0.03620168336332353
719,0.6063218390804598,0.19274612142266603,29,0.035792056199897074
720,0.625,0.15116038623128547,32,0.026721633537729893
721,0.5537634408602151,0.12085418804089948,31,0.0217060529442864
722,0.6408045977011494,0.18107846052746052,29,0.03362542596422672
723,0.6767676767676767,0.18952331439782466,33,0.03299177431932808
724,0.6361111111111111,0.20233707950353014,30,0.03694152755459988
725,0.5648148148148148,0.16397397472606556,27,0.031556806149395614
726,0.7421875,0.19555931985115196,32,0.03457033029774464
727,0.7027777777777777,0.2129469981244561,30,0.03887862480859164
728,0.5263157894736842,0.07882544191057644,19,0.01808379660358623
729,0.7388888888888889,0.2228917118197906,30,0.040694272814880056
730,0.782608695652174,0.2299252327349509,23,0.04794272518066484
731,0.5833333333333334,0.2041241452319315,6,0.08333333333333334
732,0.7777777777777778,0.26352313834736496,9,0.08784104611578832
733,0.5,0.0,4,0.0
734,0.5,0.0,12,0.0
735,0.5,0.0,6,0.0
737,0.5,0.0,3,0.0
738,0.5,0.0,25,0.0
739,0.5,0.0,6,0.0
740,0.5,0.0,7,0.0
741,0.5,0.0,7,0.0
742,0.5,0.0,4,0.0
743,0.5,0.0,4,0.0
744,0.5,,1,
745,0.5,0.0,3,0.0
746,0.5277777777777778,0.11785113019775792,18,0.02777777777777778
747,0.5,0.0,4,0.0
748,0.625,0.25,4,0.125
749,0.5,0.0,12,0.0
750,0.5,0.0,6,0.0
751,0.5,0.0,2,0.0
752,0.7,0.27386127875258304,5,0.12247448713915889
753,0.5,0.0,6,0.0
754,0.5,0.0,2,0.0
755,0.5,0.0,7,0.0
756,0.5,0.0,7,0.0
757,0.5,0.0,2,0.0
758,0.5,0.0,13,0.0
759,0.5416666666666666,0.14433756729740643,12,0.041666666666666664
760,0.5,0.0,3,0.0
761,0.5,0.0,14,0.0
762,0.5,0.0,7,0.0
763,0.5,0.0,12,0.0
764,0.5,0.0,2,0.0
765,0.5,0.0,2,0.0
766,0.5,0.0,2,0.0
767,0.5,0.0,6,0.0
768,0.5,0.0,2,0.0
769,0.75,0.3535533905932738,2,0.25
770,0.5,0.0,9,0.0
771,0.5,0.0,4,0.0
772,0.5,0.0,10,0.0
773,0.6764705882352942,0.24629609153594448,17,0.059735576504676174
774,0.5,0.0,8,0.0
775,0.5,0.0,4,0.0
776,0.5,0.0,8,0.0
777,0.53125,0.12499999999999999,16,0.031249999999999997
778,0.5,0.0,7,0.0
779,0.5,,1,
780,0.5,,1,
781,0.5,,1,
782,0.5,,1,
783,0.5,0.0,3,0.0
784,0.5,,1,
785,0.5,0.0,6,0.0
786,0.5,0.0,3,0.0
787,0.5,0.0,4,0.0
788,0.5,0.0,6,0.0
789,0.5,0.0,3,0.0
790,0.5,0.0,3,0.0
791,0.5277777777777778,0.11785113019775792,18,0.02777777777777778
793,0.5,0.0,5,0.0
794,0.5,0.0,4,0.0
795,0.5,0.0,4,0.0
796,0.5,0.0,4,0.0
797,0.5,0.0,2,0.0
798,0.5,,1,
799,0.5,0.0,8,0.0
800,0.5,0.0,3,0.0
801,0.5357142857142857,0.1336306209562122,14,0.03571428571428572
802,0.5,0.0,5,0.0
803,0.5,0.0,9,0.0
804,0.5,0.0,6,0.0
805,0.5,,1,
806,0.5,0.0,5,0.0
807,0.5,0.0,8,0.0
808,0.5,0.0,6,0.0
809,0.5,0.0,2,0.0
810,0.5416666666666666,0.14433756729740643,12,0.041666666666666664
811,0.5,0.0,8,0.0
812,0.5789473684210527,0.1873171623163388,19,0.042973504259354
813,0.5357142857142857,0.1336306209562122,14,0.03571428571428572
814,0.5,0.0,4,0.0
815,0.625,0.25,4,0.125
816,0.5,0.0,10,0.0
817,0.5,0.0,5,0.0
818,0.5,0.0,6,0.0
819,0.5,0.0,8,0.0
820,0.5,0.0,6,0.0
821,0.53125,0.12499999999999999,16,0.031249999999999997
822,0.5,0.0,2,0.0
823,0.5,0.0,6,0.0
824,0.5,0.0,6,0.0
825,0.5,0.0,11,0.0
826,0.5,0.0,8,0.0
827,0.5555555555555556,0.16666666666666666,9,0.05555555555555555
828,0.5,0.0,8,0.0
829,0.5833333333333334,0.19462473604038072,12,0.05618332187193684
830,0.5769230769230769,0.1877669040497027,13,0.05207716926048693
831,0.5,0.0,5,0.0
832,0.5,0.0,4,0.0
833,0.5,0.0,8,0.0
834,0.5,0.0,8,0.0
835,0.5,0.0,12,0.0
836,1.0,0.0,3,0.0
