Lag,Average_ACF,Total_Contributing_Pairs
1,0.21039065268785848,96570445.0
2,0.19079424983816315,96570317.0
3,0.21635893886806623,96570189.0
4,0.21902479240711245,96570061.0
5,0.20618683990993644,96569933.0
6,0.20319361395302954,96569805.0
7,0.19395054784791546,96569677.0
8,0.21750227662336954,96569549.0
9,0.19130094773085934,96569421.0
10,0.19058078494789898,96569293.0
11,0.20203346421682375,96569165.0
12,0.19009730555609294,96569037.0
13,0.17836119174950843,96568909.0
14,0.18208507383138126,96568781.0
15,0.17563564831523415,96568653.0
16,0.1702202004332138,96568525.0
17,0.17033646037729647,96568397.0
18,0.17032057309770265,96568269.0
19,0.17200855915127047,96568141.0
20,0.16904453361207641,96568013.0
21,0.16719736347427597,96567885.0
22,0.16663829706928387,96567757.0
23,0.16446056637533832,96567629.0
24,0.1612224546694036,96567501.0
25,0.15788134003582574,96567373.0
26,0.15606697120451227,96567245.0
27,0.15495760699838382,96567117.0
28,0.15394743514128728,96566989.0
29,0.15473742938896481,96566861.0
30,0.156393425640273,96566733.0
31,0.15630451666723022,96566605.0
32,0.15568822576475427,96566477.0
33,0.15481081667926816,96566349.0
34,0.15311053474908418,96566221.0
35,0.15087186660213447,96566093.0
36,0.1489775247143086,96565965.0
37,0.14688435066115985,96565837.0
38,0.14579060501884342,96565709.0
39,0.14522689861062937,96565581.0
40,0.1450138524060499,96565453.0
41,0.14489766400919427,96565325.0
42,0.1445357218912112,96565197.0
43,0.14263586848916995,96565069.0
44,0.14123867435067183,96564941.0
45,0.13965147811923098,96564813.0
46,0.13722530719414783,96564685.0
47,0.13543351749097543,96564557.0
48,0.1345262856414053,96564429.0
49,0.13278257010690767,96564301.0
50,0.13271848361957939,96564173.0
51,0.13245053529002923,96564045.0
52,0.13166052478000934,96563917.0
53,0.1311818421940014,96563789.0
54,0.12995948028175677,96563661.0
55,0.12815345961056504,96563533.0
56,0.12654347414362094,96563405.0
57,0.12520194877416593,96563277.0
58,0.1235794518148282,96563149.0
59,0.12246540577711697,96563021.0
60,0.12248411206443202,96562893.0
61,0.12175912803678952,96562765.0
62,0.12096798887281754,96562637.0
63,0.12080387752238048,96562509.0
64,0.11988803582192967,96562381.0
65,0.11894747975919817,96562253.0
66,0.11814827018700076,96562125.0
67,0.11664751489559262,96561997.0
68,0.11589821576554327,96561869.0
69,0.11531153890447361,96561741.0
70,0.11412489294657756,96561613.0
71,0.11397074536389122,96561485.0
72,0.11390418243001084,96561357.0
73,0.11324381769722937,96561229.0
74,0.11272573817202976,96561101.0
75,0.1126952454538859,96560973.0
76,0.111470270610155,96560845.0
77,0.11046486221271049,96560717.0
78,0.11011235730957625,96560589.0
79,0.10895112159826256,96560461.0
80,0.10861989653781286,96560333.0
81,0.10846319741956584,96560205.0
82,0.10796256548497365,96560077.0
83,0.10806290382579548,96559949.0
84,0.10802700752065277,96559821.0
85,0.10701679163902726,96559693.0
86,0.10675809589777181,96559565.0
87,0.10615526199418757,96559437.0
88,0.10533845143624734,96559309.0
89,0.10441740495511105,96559181.0
90,0.1045645828993423,96559053.0
91,0.10414580351379515,96558925.0
92,0.10411185359145332,96558797.0
93,0.10438343128875069,96558669.0
94,0.10395467292917733,96558541.0
95,0.10351887160173058,96558413.0
96,0.10339850597280177,96558285.0
97,0.10295295701364093,96558157.0
98,0.10218391236452588,96558029.0
99,0.10192996357730444,96557901.0
100,0.10176272288586874,96557773.0
101,0.10155470766315779,96557645.0
102,0.10189398544659045,96557517.0
103,0.10168299023730744,96557389.0
104,0.10182419015436019,96557261.0
105,0.1020466892078972,96557133.0
106,0.10163188173870859,96557005.0
107,0.10132050143235505,96556877.0
108,0.10088630667311846,96556749.0
109,0.1006124410794714,96556621.0
110,0.10033695525607676,96556493.0
111,0.10026963340386534,96556365.0
112,0.10026846572786166,96556237.0
113,0.10064446625134475,96556109.0
114,0.10134883501247773,96555981.0
115,0.10113139027387744,96555853.0
116,0.1010103370003217,96555725.0
117,0.10114035127917896,96555597.0
118,0.10072140581636957,96555469.0
119,0.10022219273368152,96555341.0
120,0.10053384824610845,96555213.0
121,0.10006639172178712,96555085.0
122,0.10048259878961038,96554957.0
123,0.10108870236994821,96554829.0
124,0.10127920022942719,96554701.0
125,0.10166986381497582,96554573.0
126,0.10198473633308426,96554445.0
127,0.10183441196944756,96554317.0
128,0.10149500217120029,96554189.0
129,0.10173004027891902,96554061.0
130,0.1013605149999541,96553933.0
131,0.10115510011621758,96553805.0
132,0.10165819621821118,96553677.0
133,0.10143138977353483,96553549.0
134,0.10229324118114969,96553421.0
135,0.10304685179418245,96553293.0
136,0.10325295348805807,96553165.0
137,0.10353132089359632,96553037.0
138,0.10357381306610351,96552909.0
139,0.10321846965617218,96552781.0
140,0.10286903005107137,96552653.0
141,0.1027102341832266,96552525.0
142,0.10269186878513865,96552397.0
143,0.10267497573515257,96552269.0
144,0.1037018613214141,96552141.0
145,0.10366121190452161,96552013.0
146,0.10443500924953403,96551885.0
147,0.10522812148836452,96551757.0
148,0.1050153281400721,96551629.0
149,0.10474696539360001,96551501.0
150,0.10495400436848093,96551373.0
151,0.10431323015779112,96551245.0
152,0.10409965505526884,96551117.0
153,0.10457520795353231,96550989.0
154,0.10430823382814894,96550861.0
155,0.1049797642803732,96550733.0
156,0.10599550212928555,96550605.0
157,0.10575296766798728,96550477.0
158,0.10616780928931964,96550349.0
159,0.10623164858792437,96550221.0
160,0.10594729545361634,96550093.0
161,0.10573082757140488,96549965.0
162,0.10548038877816032,96549837.0
163,0.10536981315450972,96549709.0
164,0.1053819449445412,96549581.0
165,0.10574681153081524,96549453.0
166,0.10578677298126231,96549325.0
167,0.10614555710723259,96549197.0
168,0.10649234707690027,96549069.0
169,0.10620090481524685,96548941.0
170,0.10599045332171961,96548813.0
171,0.10568067433284616,96548685.0
172,0.10503236579114777,96548557.0
173,0.10467429043514251,96548429.0
174,0.10474211780868989,96548301.0
175,0.10476744468996853,96548173.0
176,0.10469898549073445,96548045.0
177,0.10486779759092812,96547917.0
178,0.10481154876300924,96547789.0
179,0.10455583110978753,96547661.0
180,0.1046802612852434,96547533.0
181,0.10413927842359287,96547405.0
182,0.10374944085207541,96547277.0
183,0.10332297278169195,96547149.0
184,0.10266882574520364,96547021.0
185,0.10230733861815072,96546893.0
186,0.10262458623071698,96546765.0
187,0.10205932573983624,96546637.0
188,0.10210662231769357,96546509.0
189,0.10201813857824289,96546381.0
190,0.10133583540277165,96546253.0
191,0.10124258131763944,96546125.0
192,0.10095540963989351,96545997.0
193,0.10036591807257837,96545869.0
194,0.09984257060678332,96545741.0
195,0.09941360428847543,96545613.0
196,0.09902378771348605,96545485.0
197,0.09834827794640064,96545357.0
198,0.09854533801460735,96545229.0
199,0.09775731282923227,96545101.0
200,0.09773318949186871,96544973.0
201,0.09722581144297071,96544845.0
202,0.09685920150767534,96544717.0
203,0.09603804309653671,96544589.0
204,0.09571673572902871,96544461.0
205,0.09482734438025738,96544333.0
206,0.09437048457527719,96544205.0
207,0.09431057581632095,96544077.0
208,0.0937666581546405,96543949.0
209,0.09359416706174514,96543821.0
210,0.0932348931872662,96543693.0
211,0.09250977973831061,96543565.0
212,0.0921689692222749,96543437.0
213,0.09179804400749417,96543309.0
214,0.091088016221394,96543181.0
215,0.09033494549505967,96543053.0
216,0.0902690565357215,96542925.0
217,0.08975516133293206,96542797.0
218,0.08946200342212408,96542669.0
219,0.08917138045225978,96542541.0
220,0.08857047983184398,96542413.0
221,0.08823168085322615,96542285.0
222,0.0878956181355736,96542157.0
223,0.08712917074614915,96542029.0
224,0.08691756889368835,96541901.0
225,0.0864863582244572,96541773.0
226,0.08593747471117909,96541645.0
227,0.08536710872431111,96541517.0
228,0.08503173325888122,96541389.0
229,0.08465076530401491,96541261.0
230,0.08425540064031294,96541133.0
231,0.0839601689799191,96541005.0
232,0.0835222014453205,96540877.0
233,0.08317298626753289,96540749.0
234,0.08316972366546249,96540621.0
235,0.0823863448314672,96540493.0
236,0.08230653723500558,96540365.0
237,0.08188347642144075,96540237.0
238,0.08122861175425082,96540109.0
239,0.08090982083715145,96539981.0
240,0.08094238685652709,96539853.0
241,0.08057490796681949,96539725.0
242,0.08037663412113231,96539597.0
243,0.08038982826461603,96539469.0
244,0.07988663941684304,96539341.0
245,0.07958131267373185,96539213.0
246,0.07953729269057336,96539085.0
247,0.07918356650070654,96538957.0
248,0.0788679386393798,96538829.0
249,0.07885057325882558,96538701.0
250,0.07833451888846596,96538573.0
251,0.07821006803609878,96538445.0
252,0.07823680766745321,96538317.0
253,0.07807925289153675,96538189.0
254,0.07790987096744983,96538061.0
255,0.07792406636047595,96537933.0
256,0.07734164019622448,96537805.0
257,0.07760481415550827,96537677.0
258,0.07749273099950735,96537549.0
259,0.07724917835807116,96537421.0
260,0.07702844244969953,96537293.0
261,0.07721682695458768,96537165.0
262,0.07687714698367233,96537037.0
263,0.07699052086830985,96536909.0
264,0.07698054764324713,96536781.0
265,0.07662741048451549,96536653.0
266,0.07663100385250918,96536525.0
267,0.07670455259743769,96536397.0
268,0.07625277860725413,96536269.0
269,0.07652505011895316,96536141.0
270,0.0766897389409844,96536013.0
271,0.07620769278158654,96535885.0
272,0.07631118853723273,96535757.0
273,0.07671362081541994,96535629.0
274,0.07628411754274064,96535501.0
275,0.07618532218459537,96535373.0
276,0.07675780410318753,96535245.0
277,0.07629523948083386,96535117.0
278,0.07629960112901356,96534989.0
279,0.07617946278747713,96534861.0
280,0.07648285617375089,96534733.0
281,0.07637094544287973,96534605.0
282,0.07657545025629425,96534477.0
283,0.07665177979362577,96534349.0
284,0.07660030707327715,96534221.0
285,0.07696121195334593,96534093.0
286,0.07681756618057169,96533965.0
287,0.07662511387264083,96533837.0
288,0.07706589743532342,96533709.0
289,0.07664727421181347,96533581.0
290,0.07677619663705458,96533453.0
291,0.07701540595447931,96533325.0
292,0.0771642436563292,96533197.0
293,0.07714233729648257,96533069.0
294,0.07753215182682907,96532941.0
295,0.07738591407016104,96532813.0
296,0.07763431684569605,96532685.0
297,0.07773129788219783,96532557.0
298,0.0773889255011538,96532429.0
299,0.07744310739187445,96532301.0
300,0.07778981432690568,96532173.0
301,0.07779705734191858,96532045.0
302,0.07809982981199969,96531917.0
303,0.0779174387811942,96531789.0
304,0.07789385104040504,96531661.0
305,0.07820795521984973,96531533.0
306,0.07840599861237733,96531405.0
307,0.07821054037512895,96531277.0
308,0.07824555138897858,96531149.0
309,0.07831488269896153,96531021.0
310,0.0783517620912522,96530893.0
311,0.07834885760619041,96530765.0
312,0.07862479334856477,96530637.0
313,0.07855789967178789,96530509.0
314,0.0787899243243888,96530381.0
315,0.07885927992765279,96530253.0
316,0.07891824740901732,96530125.0
317,0.07885865477376418,96529997.0
318,0.07940075509909827,96529869.0
319,0.07862885035794408,96529741.0
320,0.07881118778527978,96529613.0
321,0.07898944327649382,96529485.0
322,0.07882750110531642,96529357.0
323,0.07885220902363065,96529229.0
324,0.07920566420766385,96529101.0
325,0.07874791667024697,96528973.0
326,0.07923880636789646,96528845.0
327,0.07874099093932575,96528717.0
328,0.0786040208054509,96528589.0
329,0.07867933237948799,96528461.0
330,0.07889764674030314,96528333.0
331,0.07868570165680423,96528205.0
332,0.07867074016053675,96528077.0
333,0.07849518076448446,96527949.0
334,0.07846672484743306,96527821.0
335,0.07886717720924166,96527693.0
336,0.07832401658837641,96527565.0
337,0.07820330217841628,96527437.0
338,0.07824407840568459,96527309.0
339,0.07835350179076336,96527181.0
340,0.07776470509050583,96527053.0
341,0.07777434101954839,96526925.0
342,0.0779836639772652,96526797.0
343,0.0774227426872889,96526669.0
344,0.07737272003082969,96526541.0
345,0.07738780194522837,96526413.0
346,0.07705195471832302,96526285.0
347,0.0768968116159535,96526157.0
348,0.07702189623018563,96526029.0
349,0.076625206104873,96525901.0
350,0.07638984842679261,96525773.0
351,0.07638388335689822,96525645.0
352,0.07617115959043408,96525517.0
353,0.07574637100283356,96525389.0
354,0.07577694733783444,96525261.0
355,0.0754965681365141,96525133.0
356,0.07537311729132645,96525005.0
357,0.0751286745894503,96524877.0
358,0.07486910324676707,96524749.0
359,0.07465830118576118,96524621.0
360,0.07449113524398909,96524493.0
361,0.07406186870283823,96524365.0
362,0.07382680594990773,96524237.0
363,0.07371010631176729,96524109.0
364,0.07363319021595319,96523981.0
365,0.07330774396276243,96523853.0
366,0.07295294667265707,96523725.0
367,0.07262745066932058,96523597.0
368,0.07244476657359286,96523469.0
369,0.07234279566045006,96523341.0
370,0.0720075316988382,96523213.0
371,0.07170376980495614,96523085.0
372,0.0717139253091917,96522957.0
373,0.07090419746682626,96522829.0
374,0.07056570484122554,96522701.0
375,0.07051885622033842,96522573.0
376,0.0704616552645273,96522445.0
377,0.07006176715726585,96522317.0
378,0.07003123143842212,96522189.0
379,0.06938423172466598,96522061.0
380,0.06953012050422419,96521933.0
381,0.06931860645914825,96521805.0
382,0.06875040429030825,96521677.0
383,0.06858360346511942,96521549.0
384,0.06841040367960902,96521421.0
385,0.06793656192975854,96521293.0
386,0.06777407998846048,96521165.0
387,0.06757511280171272,96521037.0
388,0.0675061304697284,96520909.0
389,0.06710748618890801,96520781.0
390,0.06716955423891022,96520653.0
391,0.06672738294447947,96520525.0
392,0.0665703389261012,96520397.0
393,0.06627410627057576,96520269.0
394,0.06598046044544871,96520141.0
395,0.06575189639697748,96520013.0
396,0.06571682461561204,96519885.0
397,0.06523785759240484,96519757.0
398,0.06515417499921418,96519629.0
399,0.0649062092868889,96519501.0
400,0.06476529171923857,96519373.0
401,0.06457800560564284,96519245.0
402,0.06457878258105572,96519117.0
403,0.06411181593724563,96518989.0
404,0.06389831438041456,96518861.0
405,0.0640946893071441,96518733.0
406,0.06356905078816659,96518605.0
407,0.06347846103124678,96518477.0
408,0.06349319609755091,96518349.0
409,0.06283545030112962,96518221.0
410,0.06312976527907628,96518093.0
411,0.0628607892684943,96517965.0
412,0.06273742282527248,96517837.0
413,0.06270497398220552,96517709.0
414,0.06261694670938164,96517581.0
415,0.062412796422659574,96517453.0
416,0.062219466846431606,96517325.0
417,0.06219426158111442,96517197.0
418,0.06225032056305583,96517069.0
419,0.0620425442917664,96516941.0
420,0.06200723995029879,96516813.0
421,0.061949679536059746,96516685.0
422,0.061956983059516246,96516557.0
423,0.061930156802279535,96516429.0
424,0.061677523575276005,96516301.0
425,0.061908214222902755,96516173.0
426,0.06213960379722956,96516045.0
427,0.0617433171084231,96515917.0
428,0.06174252711575663,96515789.0
429,0.06183555044174751,96515661.0
430,0.06178640663706679,96515533.0
431,0.06179309304732888,96515405.0
432,0.06172837476983964,96515277.0
433,0.061802173268075994,96515149.0
434,0.06186376447218961,96515021.0
435,0.0617700609937818,96514893.0
436,0.06162256729219533,96514765.0
437,0.061642923729660765,96514637.0
438,0.06173033376016887,96514509.0
439,0.06160865662237629,96514381.0
440,0.061562226458376945,96514253.0
441,0.061676467895311594,96514125.0
442,0.06179523236427823,96513997.0
443,0.06157586895599323,96513869.0
444,0.06200137880828219,96513741.0
445,0.06171252036012001,96513613.0
446,0.06164928733449034,96513485.0
447,0.06164772046098285,96513357.0
448,0.06171810485144963,96513229.0
449,0.06177764994674531,96513101.0
450,0.06199443587470959,96512973.0
451,0.06172231141362449,96512845.0
452,0.06169612263495955,96512717.0
453,0.06209742872911216,96512589.0
454,0.06179228396699738,96512461.0
455,0.061870254120906305,96512333.0
456,0.06197056526522955,96512205.0
457,0.06187243650508035,96512077.0
458,0.061885194380465344,96511949.0
459,0.06198539459655229,96511821.0
460,0.06166865639702346,96511693.0
461,0.062030248165606636,96511565.0
462,0.06214799855065045,96511437.0
463,0.061956688731041286,96511309.0
464,0.06200644463805984,96511181.0
465,0.06227516639256783,96511053.0
466,0.06214874348005291,96510925.0
467,0.06191815849127978,96510797.0
468,0.06210056841119775,96510669.0
469,0.06227089076840313,96510541.0
470,0.062215456528633716,96510413.0
471,0.06226586692584444,96510285.0
472,0.06207956426625707,96510157.0
473,0.06223235560037069,96510029.0
474,0.06223959119142129,96509901.0
475,0.06222949975381715,96509773.0
476,0.06211110216042508,96509645.0
477,0.06231997847110883,96509517.0
478,0.06237665233108976,96509389.0
479,0.06211994057338901,96509261.0
480,0.0621723349088701,96509133.0
481,0.06226562726357789,96509005.0
482,0.062298140186643064,96508877.0
483,0.06236676549460207,96508749.0
484,0.06192339810657518,96508621.0
485,0.06211273828377331,96508493.0
486,0.06215813298383154,96508365.0
487,0.06206124467146502,96508237.0
488,0.06198545107225855,96508109.0
489,0.062110211889019946,96507981.0
490,0.06195982403291724,96507853.0
491,0.06167140076613386,96507725.0
492,0.06203512193296591,96507597.0
493,0.061759483435193295,96507469.0
494,0.061364940735116454,96507341.0
495,0.0616115878940698,96507213.0
496,0.061496848745463344,96507085.0
497,0.06110597383430897,96506957.0
498,0.06114905690625514,96506829.0
499,0.06120938090271832,96506701.0
500,0.060994025683711026,96506573.0
501,0.06104925983472554,96506445.0
502,0.06100430294380027,96506317.0
503,0.06090882692641915,96506189.0
504,0.06078144591742258,96506061.0
505,0.06040810932291896,96505933.0
506,0.060325935600274376,96505805.0
507,0.06047138910809872,96505677.0
508,0.06009672664113714,96505549.0
509,0.0602233036280255,96505421.0
510,0.060209228622681916,96505293.0
511,0.05961398915038685,96505165.0
512,0.05956937378243714,96505037.0
513,0.06001948798198689,96504909.0
514,0.05954687351617152,96504781.0
515,0.059179666514339375,96504653.0
516,0.05944986631862816,96504525.0
517,0.059052919888073395,96504397.0
518,0.05888965503482281,96504269.0
519,0.05876195821196836,96504141.0
520,0.05883917562840745,96504013.0
521,0.05847139696169737,96503885.0
522,0.058532265092236906,96503757.0
523,0.05823388231024261,96503629.0
524,0.05828595241321291,96503501.0
525,0.057850309961196195,96503373.0
526,0.05759132024757398,96503245.0
527,0.05748079496812382,96503117.0
528,0.057644216549395326,96502989.0
529,0.05742586546855404,96502861.0
530,0.05715532232958176,96502733.0
531,0.05718594499630155,96502605.0
532,0.05688177381441104,96502477.0
533,0.05679483756069597,96502349.0
534,0.05648854891574301,96502221.0
535,0.05644519715548826,96502093.0
536,0.05615901863274764,96501965.0
537,0.05619089459960515,96501837.0
538,0.055888979121445886,96501709.0
539,0.05588889803935588,96501581.0
540,0.055850025955433154,96501453.0
541,0.05554560026394316,96501325.0
542,0.055265038017813774,96501197.0
543,0.055123724833368484,96501069.0
544,0.054964630926375595,96500941.0
545,0.05502366679680279,96500813.0
546,0.054718193732225154,96500685.0
547,0.05444396715994946,96500557.0
548,0.05434150359286915,96500429.0
549,0.0543278949241339,96500301.0
550,0.05408535647866081,96500173.0
551,0.053921221989485256,96500045.0
552,0.05399035071749361,96499917.0
553,0.05389503405678356,96499789.0
554,0.05363967967553985,96499661.0
555,0.0534855900914737,96499533.0
556,0.053368812516150645,96499405.0
557,0.053032381119916434,96499277.0
558,0.05330218939632231,96499149.0
559,0.0529954520941099,96499021.0
560,0.05314463450089205,96498893.0
561,0.0529053277859665,96498765.0
562,0.05279299658571144,96498637.0
563,0.0527872997571173,96498509.0
564,0.05288419413633737,96498381.0
565,0.05261155465755948,96498253.0
566,0.05271205291608187,96498125.0
567,0.05278520775993556,96497997.0
568,0.05258926651418539,96497869.0
569,0.05238836398216241,96497741.0
570,0.05236842636760829,96497613.0
571,0.052452929731385385,96497485.0
572,0.05226085975852593,96497357.0
573,0.05221817149626509,96497229.0
574,0.05238895300653716,96497101.0
575,0.05218162763085471,96496973.0
576,0.05237881789328134,96496845.0
577,0.051912886534503266,96496717.0
578,0.05225350698717752,96496589.0
579,0.05225060588556414,96496461.0
580,0.05207738735446714,96496333.0
581,0.052264317862466804,96496205.0
582,0.052216278449641336,96496077.0
583,0.05182170036877878,96495949.0
584,0.05171983067898541,96495821.0
585,0.05194795032651126,96495693.0
586,0.05213237153401619,96495565.0
587,0.05197410979695734,96495437.0
588,0.05203995627225297,96495309.0
589,0.051927895771690075,96495181.0
590,0.05224927037387512,96495053.0
591,0.052099958463487035,96494925.0
592,0.051953304733573104,96494797.0
593,0.05197207500681389,96494669.0
594,0.052240820431838864,96494541.0
595,0.05199823224256705,96494413.0
596,0.051950735937983404,96494285.0
597,0.052117831451596514,96494157.0
598,0.0519162941985911,96494029.0
599,0.05211552290775314,96493901.0
600,0.052053167126389625,96493773.0
601,0.05184379482171768,96493645.0
602,0.05200269511460658,96493517.0
603,0.05224764471622955,96493389.0
604,0.05196229244357491,96493261.0
605,0.051710328062618535,96493133.0
606,0.05212531679157566,96493005.0
607,0.05213248619376523,96492877.0
608,0.05223856263091934,96492749.0
609,0.05234533671535324,96492621.0
610,0.052067810360413615,96492493.0
611,0.05203504800318451,96492365.0
612,0.05207053550558676,96492237.0
613,0.0520485404142659,96492109.0
614,0.05203146319297203,96491981.0
615,0.052326668955386055,96491853.0
616,0.05232485572790019,96491725.0
617,0.052084481072186266,96491597.0
618,0.052481155235681455,96491469.0
619,0.0522512398526653,96491341.0
620,0.052521924298028155,96491213.0
621,0.052473728476011,96491085.0
622,0.05242835103319081,96490957.0
623,0.05262715613833044,96490829.0
624,0.052724494831135955,96490701.0
625,0.05226438374064635,96490573.0
626,0.05261998789031312,96490445.0
627,0.05251699556659973,96490317.0
628,0.0525556812801359,96490189.0
629,0.0523531284488389,96490061.0
630,0.0525228402190192,96489933.0
631,0.05231774841416591,96489805.0
632,0.05238283755601362,96489677.0
633,0.05237519897342534,96489549.0
634,0.052344641989067846,96489421.0
635,0.05235149757011573,96489293.0
636,0.05242493927487197,96489165.0
637,0.052068465592660075,96489037.0
638,0.05213970048173289,96488909.0
639,0.05220141060454747,96488781.0
640,0.05194337272648952,96488653.0
641,0.051936319153633094,96488525.0
642,0.05194926648442411,96488397.0
643,0.051869129505986294,96488269.0
644,0.05198686095738716,96488141.0
645,0.05199705792053673,96488013.0
646,0.05170494032179911,96487885.0
647,0.05171514108488967,96487757.0
648,0.05154941917401524,96487629.0
649,0.05152820831151061,96487501.0
650,0.05153513862589434,96487373.0
651,0.051537905738366474,96487245.0
652,0.05140132455022388,96487117.0
653,0.05140293825412857,96486989.0
654,0.05144326701338641,96486861.0
655,0.05117950971098079,96486733.0
656,0.05134700242818648,96486605.0
657,0.05122336019364098,96486477.0
658,0.05104018606890034,96486349.0
659,0.05085709428019553,96486221.0
660,0.051039765683729,96486093.0
661,0.05065723191116371,96485965.0
662,0.05070829986242248,96485837.0
663,0.05072020529518709,96485709.0
664,0.05038100590155991,96485581.0
665,0.05044681501818619,96485453.0
666,0.050532592670803546,96485325.0
667,0.05020607499513184,96485197.0
668,0.05005483310474369,96485069.0
669,0.05002391495684046,96484941.0
670,0.049788379866638595,96484813.0
671,0.04953629882542054,96484685.0
672,0.04960438249446785,96484557.0
673,0.04941150044642443,96484429.0
674,0.049477532243079714,96484301.0
675,0.049561654878979206,96484173.0
676,0.04894456286393448,96484045.0
677,0.04893915805245918,96483917.0
678,0.04902040966229354,96483789.0
679,0.04876582937958655,96483661.0
680,0.04890367674109937,96483533.0
681,0.048604080897396214,96483405.0
682,0.04856329896270896,96483277.0
683,0.04847073288008596,96483149.0
684,0.048339738884197105,96483021.0
685,0.04800024179340648,96482893.0
686,0.04823548124665195,96482765.0
687,0.048152209923688925,96482637.0
688,0.0479878936271503,96482509.0
689,0.047877332270040984,96482381.0
690,0.04802507078395529,96482253.0
691,0.04776000057042524,96482125.0
692,0.047625068590990235,96481997.0
693,0.04753493667325121,96481869.0
694,0.04726439181708811,96481741.0
695,0.047192257139756374,96481613.0
696,0.047248044903238,96481485.0
697,0.04698251932396108,96481357.0
698,0.04707007037976138,96481229.0
699,0.04688809891004572,96481101.0
700,0.046826204440812494,96480973.0
701,0.04688689325348958,96480845.0
702,0.04677853955878357,96480717.0
703,0.04642405320002748,96480589.0
704,0.04656785078626253,96480461.0
705,0.04636647181053863,96480333.0
706,0.04624142272640348,96480205.0
707,0.04626123574645665,96480077.0
708,0.046440491432474196,96479949.0
709,0.04612364535671899,96479821.0
710,0.046090699020390896,96479693.0
711,0.04612569829642288,96479565.0
712,0.04597099990409432,96479437.0
713,0.04591845088358104,96479309.0
714,0.04606826377855497,96479181.0
715,0.045776229480225396,96479053.0
716,0.04575919934425721,96478925.0
717,0.04572699028245298,96478797.0
718,0.045465604310344,96478669.0
719,0.045621051800588716,96478541.0
720,0.04549101551412714,96478413.0
721,0.04534037500579226,96478285.0
722,0.04566080240074328,96478157.0
723,0.04542653436161128,96478029.0
724,0.04540847207180407,96477901.0
725,0.04534617422603838,96477773.0
726,0.045376640078289426,96477645.0
727,0.04517630632224568,96477517.0
728,0.04515524525980812,96477389.0
729,0.04521271584276861,96477261.0
730,0.04505880458797261,96477133.0
731,0.04531693209440797,96477005.0
732,0.04533525252797056,96476877.0
733,0.04519046543395064,96476749.0
734,0.044999318988929296,96476621.0
735,0.045193532331225715,96476493.0
736,0.045139707126455514,96476365.0
737,0.04497068461996984,96476237.0
738,0.04516487006470527,96476109.0
739,0.04502801243514748,96475981.0
740,0.045130058153909296,96475853.0
741,0.04517453273332216,96475725.0
742,0.045253745087339405,96475597.0
743,0.04522785335646057,96475469.0
744,0.045437155630121275,96475341.0
745,0.04518529383717588,96475213.0
746,0.0453367148754914,96475085.0
747,0.04531922979585634,96474957.0
748,0.04516440764663266,96474829.0
749,0.04539457932669613,96474701.0
750,0.045303096334200085,96474573.0
751,0.04531260772955154,96474445.0
752,0.04552556841368893,96474317.0
753,0.04528951967867168,96474189.0
754,0.0454882505849736,96474061.0
755,0.045341873476779836,96473933.0
756,0.045844610128111925,96473805.0
757,0.04547850409894075,96473677.0
758,0.045207639986178556,96473549.0
759,0.045466480621033964,96473421.0
760,0.04564715725429691,96473293.0
761,0.04552831108714778,96473165.0
762,0.04546662062523844,96473037.0
763,0.0454684779062078,96472909.0
764,0.04530903658989728,96472781.0
765,0.045608660884840654,96472653.0
766,0.04567076975852939,96472525.0
767,0.045470651953947325,96472397.0
768,0.04566471928137176,96472269.0
769,0.04542575665504707,96472141.0
770,0.04531112500900612,96472013.0
771,0.045630461020874404,96471885.0
772,0.045578106710873076,96471757.0
773,0.045656954917653605,96471629.0
774,0.04588635062467741,96471501.0
775,0.045474227611252103,96471373.0
776,0.04576909214971948,96471245.0
777,0.04598571069455865,96471117.0
778,0.04571710017608939,96470989.0
779,0.04568821589531689,96470861.0
780,0.04583715128790785,96470733.0
781,0.04562599479524258,96470605.0
782,0.04550342308380881,96470477.0
783,0.04577232276301143,96470349.0
784,0.0454540212967347,96470221.0
785,0.04566331609295013,96470093.0
786,0.045762678046931606,96469965.0
787,0.04571410773886685,96469837.0
788,0.045594299342713474,96469709.0
789,0.04559056613102422,96469581.0
790,0.045678123220699016,96469453.0
791,0.045571922237553304,96469325.0
792,0.04553320142528456,96469197.0
793,0.045563943426775395,96469069.0
794,0.045515374016257895,96468941.0
795,0.045582852259038506,96468813.0
796,0.04545000364333304,96468685.0
797,0.045405040685847074,96468557.0
798,0.04554671844540338,96468429.0
799,0.04525843718252754,96468301.0
800,0.04563636055764772,96468173.0
801,0.04534212356310023,96468045.0
802,0.04522828248442232,96467917.0
803,0.04504303345040974,96467789.0
804,0.04548020088359552,96467661.0
805,0.04510805821952851,96467533.0
806,0.04497017979343699,96467405.0
807,0.044905749940997115,96467277.0
808,0.045211933008548026,96467149.0
809,0.04485940989720198,96467021.0
810,0.04478818454821635,96466893.0
811,0.04455360767827445,96466765.0
812,0.044881607886175644,96466637.0
813,0.04484967454743297,96466509.0
814,0.04480911972553623,96466381.0
815,0.04448163378972813,96466253.0
816,0.04466638853164362,96466125.0
817,0.04452662321463508,96465997.0
818,0.04428844765451057,96465869.0
819,0.04447829220129393,96465741.0
820,0.0443229515759756,96465613.0
821,0.04397759971577,96465485.0
822,0.044266724947393046,96465357.0
823,0.04411534008648596,96465229.0
824,0.0441968865300707,96465101.0
825,0.04421800492304521,96464973.0
826,0.04398965670566123,96464845.0
827,0.043687807887032234,96464717.0
828,0.04405867778314204,96464589.0
829,0.04385007514905728,96464461.0
830,0.04366471514955389,96464333.0
831,0.04368932656322711,96464205.0
832,0.043669472772578724,96464077.0
833,0.043486507250138945,96463949.0
834,0.04358039357923166,96463821.0
835,0.04306138140401707,96463693.0
836,0.043264032921213474,96463565.0
837,0.043170448862555034,96463437.0
838,0.04288074478700949,96463309.0
839,0.042969800515579165,96463181.0
840,0.04323915139432691,96463053.0
841,0.042799460622749336,96462925.0
842,0.04268195705900384,96462797.0
843,0.04276850571825758,96462669.0
844,0.04266230590850749,96462541.0
845,0.04232727777830776,96462413.0
846,0.04256693332304934,96462285.0
847,0.042282505760018914,96462157.0
848,0.04220396567636722,96462029.0
849,0.04245416028601128,96461901.0
850,0.04215107351525914,96461773.0
851,0.042100336748019176,96461645.0
852,0.04202020241116757,96461517.0
853,0.04191540408292074,96461389.0
854,0.041971835747635244,96461261.0
855,0.041786371609651346,96461133.0
856,0.04170553316370776,96461005.0
857,0.04167139729005379,96460877.0
858,0.041630471615087206,96460749.0
859,0.041462660290748354,96460621.0
860,0.04135254768606875,96460493.0
861,0.04134892391959006,96460365.0
862,0.04138935093746426,96460237.0
863,0.04127781748824057,96460109.0
864,0.041484550002371216,96459981.0
865,0.041219837386378695,96459853.0
866,0.04114700495414633,96459725.0
867,0.04119568540020404,96459597.0
868,0.04144194909241727,96459469.0
869,0.04109816113531483,96459341.0
870,0.041280420450196344,96459213.0
871,0.04108611906199169,96459085.0
872,0.0410769163224592,96458957.0
873,0.04114058618982304,96458829.0
874,0.040984325800177,96458701.0
875,0.040942957121306994,96458573.0
876,0.0411314657744278,96458445.0
877,0.04095377953910408,96458317.0
878,0.04089841343076128,96458189.0
879,0.04089257120038659,96458061.0
880,0.040879557162164196,96457933.0
881,0.04079337925578591,96457805.0
882,0.04091446602224502,96457677.0
883,0.04092576324926714,96457549.0
884,0.04068153232432256,96457421.0
885,0.040737430744362126,96457293.0
886,0.040699105188608246,96457165.0
887,0.0407076500375344,96457037.0
888,0.04082881390579197,96456909.0
889,0.040449533711622125,96456781.0
890,0.040612983342659975,96456653.0
891,0.04066351533559192,96456525.0
892,0.04063720602765538,96456397.0
893,0.040536142071787885,96456269.0
894,0.040853314356481,96456141.0
895,0.04078758270883435,96456013.0
896,0.04062512824572655,96455885.0
897,0.04076705277120787,96455757.0
898,0.04078380150999867,96455629.0
899,0.04096027685325379,96455501.0
900,0.04067969882153515,96455373.0
901,0.04069018087923673,96455245.0
902,0.040761260688878156,96455117.0
903,0.04078964353618705,96454989.0
904,0.04089682517722924,96454861.0
905,0.04068070938646442,96454733.0
906,0.04111541949139266,96454605.0
907,0.04097268906344624,96454477.0
908,0.04071177058966648,96454349.0
909,0.04101212812494235,96454221.0
910,0.04111338930956229,96454093.0
911,0.041104003243954315,96453965.0
912,0.040945607131393426,96453837.0
913,0.040917764047671404,96453709.0
914,0.040896946276917485,96453581.0
915,0.04112370031018352,96453453.0
916,0.041038507582229086,96453325.0
917,0.040908497795429107,96453197.0
918,0.041043703007241,96453069.0
919,0.041035841551426276,96452941.0
920,0.04106295859821234,96452813.0
921,0.04106361404391424,96452685.0
922,0.041052759829079064,96452557.0
923,0.04093127997138845,96452429.0
924,0.04107724578159496,96452301.0
925,0.04104273455518438,96452173.0
926,0.041056377612800184,96452045.0
927,0.041116176142646815,96451917.0
928,0.041167442701657744,96451789.0
929,0.041523575779338566,96451661.0
930,0.041399315482843466,96451533.0
931,0.041376963827405834,96451405.0
932,0.041345987842783205,96451277.0
933,0.041512972952126505,96451149.0
934,0.041415520282124536,96451021.0
935,0.04136019258308641,96450893.0
936,0.0414362974669725,96450765.0
937,0.041580792834519674,96450637.0
938,0.041413827811801786,96450509.0
939,0.04148470297383386,96450381.0
940,0.041454006680147294,96450253.0
941,0.04174466880223643,96450125.0
942,0.04160526572495494,96449997.0
943,0.041391317816085085,96449869.0
944,0.04149519618770419,96449741.0
945,0.041323907541181315,96449613.0
946,0.041589421578937434,96449485.0
947,0.04136346637991882,96449357.0
948,0.04131658887628499,96449229.0
949,0.041173119485291836,96449101.0
950,0.04108652214011071,96448973.0
951,0.04118005643569586,96448845.0
952,0.041212692519930316,96448717.0
953,0.041041148786525636,96448589.0
954,0.041140552787650456,96448461.0
955,0.040889932400811464,96448333.0
956,0.041096672941909926,96448205.0
957,0.04120842529792533,96448077.0
958,0.04076415301480844,96447949.0
959,0.04094483558623089,96447821.0
960,0.04111921760720605,96447693.0
961,0.04093490117911768,96447565.0
962,0.041000199669444674,96447437.0
963,0.041110540999077134,96447309.0
964,0.04094174094114887,96447181.0
965,0.04078261585773239,96447053.0
966,0.04066763383799866,96446925.0
967,0.04055758326743227,96446797.0
968,0.0405567134617407,96446669.0
969,0.04064899547649803,96446541.0
970,0.04045317878546408,96446413.0
971,0.04068718856976889,96446285.0
972,0.04050712642589339,96446157.0
973,0.04051982564108578,96446029.0
974,0.04047524377866909,96445901.0
975,0.040485313722858525,96445773.0
976,0.0403429800563899,96445645.0
977,0.03998751440138674,96445517.0
978,0.0402193501452989,96445389.0
979,0.04015073111984713,96445261.0
980,0.039985450243394935,96445133.0
981,0.04009754054888262,96445005.0
982,0.039964825324443454,96444877.0
983,0.039797057825414595,96444749.0
984,0.0402544503028518,96444621.0
985,0.03983878148470638,96444493.0
986,0.03951691156499867,96444365.0
987,0.039807463022622176,96444237.0
988,0.03949126136738475,96444109.0
989,0.03939199390522525,96443981.0
990,0.039664564179562094,96443853.0
991,0.03941549521344687,96443725.0
992,0.03948473685457934,96443597.0
993,0.03953656617343526,96443469.0
994,0.039627557378632716,96443341.0
995,0.03931576777775974,96443213.0
996,0.0392302363348634,96443085.0
997,0.03914739963944397,96442957.0
998,0.03910982753556738,96442829.0
999,0.039086214142780115,96442701.0
1000,0.03880840394342638,96442573.0
1001,0.03895973732764068,96442445.0
1002,0.03907489831120573,96442317.0
1003,0.038901526038262586,96442189.0
1004,0.039041743648343535,96442061.0
1005,0.038916354728076995,96441933.0
1006,0.0388883006241504,96441805.0
1007,0.03853251512003785,96441677.0
1008,0.0386455111708103,96441549.0
1009,0.03860654398064716,96441421.0
1010,0.03864484179439356,96441293.0
1011,0.03866400534406767,96441165.0
1012,0.03865955769994064,96441037.0
1013,0.038515038141174844,96440909.0
1014,0.03847093997070626,96440781.0
1015,0.03845439438053482,96440653.0
1016,0.038572034428714055,96440525.0
1017,0.03861797159407032,96440397.0
1018,0.03853320371421602,96440269.0
1019,0.038230239266804134,96440141.0
1020,0.038297427093680045,96440013.0
1021,0.038405431378882214,96439885.0
1022,0.038441809690866004,96439757.0
1023,0.03835054224307555,96439629.0
1024,0.03816615050542846,96439501.0
1025,0.03829428704995586,96439373.0
1026,0.03852745742055173,96439245.0
1027,0.03813030789788961,96439117.0
1028,0.03802004340015839,96438989.0
1029,0.03812778914505255,96438861.0
1030,0.0380863610073924,96438733.0
1031,0.03798808739208895,96438605.0
1032,0.03816985646353378,96438477.0
1033,0.03813793882774834,96438349.0
1034,0.038202704405066595,96438221.0
1035,0.03827225662844953,96438093.0
1036,0.03825519697031923,96437965.0
1037,0.038061949275097415,96437837.0
1038,0.038074136633929945,96437709.0
1039,0.03798525545950526,96437581.0
1040,0.03809483195438488,96437453.0
1041,0.038066908932779524,96437325.0
1042,0.03814372634995477,96437197.0
1043,0.03813711526113282,96437069.0
1044,0.03798054689591652,96436941.0
1045,0.037848162505894005,96436813.0
1046,0.038086939535403805,96436685.0
1047,0.03809785180516985,96436557.0
1048,0.038052426815347304,96436429.0
1049,0.037878655875624195,96436301.0
1050,0.03814176968382863,96436173.0
1051,0.03812986733482095,96436045.0
1052,0.03784096690807591,96435917.0
1053,0.03796560086392418,96435789.0
1054,0.03811505255530931,96435661.0
1055,0.038142066773591665,96435533.0
1056,0.0380555931063438,96435405.0
1057,0.03782627608462646,96435277.0
1058,0.03797201142548033,96435149.0
1059,0.037993771338263795,96435021.0
1060,0.037857037408604285,96434893.0
1061,0.03789821392636151,96434765.0
1062,0.038082504434893055,96434637.0
1063,0.03795564608578999,96434509.0
1064,0.03775162166985716,96434381.0
1065,0.0379198816290576,96434253.0
1066,0.03797425489170181,96434125.0
1067,0.03799536358014887,96433997.0
1068,0.03801448093277721,96433869.0
1069,0.03799174206578903,96433741.0
1070,0.038248870210214045,96433613.0
1071,0.038211683119692,96433485.0
1072,0.03836468873538287,96433357.0
1073,0.03847835475983171,96433229.0
1074,0.038221126951899796,96433101.0
1075,0.03839792202046947,96432973.0
1076,0.03846837264907686,96432845.0
1077,0.038494255208708736,96432717.0
1078,0.038450236624010085,96432589.0
1079,0.038222404312254404,96432461.0
1080,0.03871655398688867,96432333.0
1081,0.038358792664462946,96432205.0
1082,0.03834539818116916,96432077.0
1083,0.03854579157667773,96431949.0
1084,0.038395726775617964,96431821.0
1085,0.03844463194892178,96431693.0
1086,0.03854348609459197,96431565.0
1087,0.038820464455024226,96431437.0
1088,0.038748296382438055,96431309.0
1089,0.03869616752590026,96431181.0
1090,0.0386909080264617,96431053.0
1091,0.038920930426416055,96430925.0
1092,0.03874703816993542,96430797.0
1093,0.03862870413176985,96430669.0
1094,0.03845571122632275,96430541.0
1095,0.03859315045724867,96430413.0
1096,0.038870065730861714,96430285.0
1097,0.03884147331890152,96430157.0
1098,0.03889842290834466,96430029.0
1099,0.038760606482215236,96429901.0
1100,0.03848175042198541,96429773.0
1101,0.03845600304920533,96429645.0
1102,0.03867402809985689,96429517.0
1103,0.03857749997080223,96429389.0
1104,0.03851745818564109,96429261.0
1105,0.03839934598161381,96429133.0
1106,0.03848567299455445,96429005.0
1107,0.03849211487373467,96428877.0
1108,0.03843118527920696,96428749.0
1109,0.03828469062134893,96428621.0
1110,0.038557096739213995,96428493.0
1111,0.03814957396729631,96428365.0
1112,0.03826196357520953,96428237.0
1113,0.03828534397427029,96428109.0
1114,0.038254131962023194,96427981.0
1115,0.03811890098620933,96427853.0
1116,0.038172938893843,96427725.0
1117,0.0383048319878997,96427597.0
1118,0.038109313089384915,96427469.0
1119,0.03814204311329547,96427341.0
1120,0.038065834758653036,96427213.0
1121,0.03814818538813947,96427085.0
1122,0.03792142746996477,96426957.0
1123,0.03799182809768664,96426829.0
1124,0.03791241257895673,96426701.0
1125,0.0380192736100644,96426573.0
1126,0.03810268511396804,96426445.0
1127,0.038111954751004026,96426317.0
1128,0.038037882064939944,96426189.0
1129,0.037989195176247055,96426061.0
1130,0.03786791645642357,96425933.0
1131,0.03783253882756002,96425805.0
1132,0.03780529008890813,96425677.0
1133,0.03780988591498566,96425549.0
1134,0.03764238447900671,96425421.0
1135,0.03759926218992993,96425293.0
1136,0.03767714047398724,96425165.0
1137,0.03777305323229665,96425037.0
1138,0.037647549342851756,96424909.0
1139,0.03768192653574041,96424781.0
1140,0.03774287662429,96424653.0
1141,0.03762022210039374,96424525.0
1142,0.03755944817715321,96424397.0
1143,0.03761116660313115,96424269.0
1144,0.03743688276878793,96424141.0
1145,0.03736556815200067,96424013.0
1146,0.037349940413878534,96423885.0
1147,0.03706915568344205,96423757.0
1148,0.037513058661693806,96423629.0
1149,0.037282904195189065,96423501.0
1150,0.03725468823980843,96423373.0
1151,0.03722291629281356,96423245.0
1152,0.03732731558068169,96423117.0
1153,0.037121219031674195,96422989.0
1154,0.03702535868405386,96422861.0
1155,0.03702261792319044,96422733.0
1156,0.03686476076576482,96422605.0
1157,0.03691018885949121,96422477.0
1158,0.037071959884171134,96422349.0
1159,0.03690865151196416,96422221.0
1160,0.03667871194044213,96422093.0
1161,0.03662776681375622,96421965.0
1162,0.03661829681194322,96421837.0
1163,0.03662111186241814,96421709.0
1164,0.03650021247692592,96421581.0
1165,0.03614981626402866,96421453.0
1166,0.036414787493993496,96421325.0
1167,0.03655839331703768,96421197.0
1168,0.03641705783757801,96421069.0
1169,0.03629443969905426,96420941.0
1170,0.036601135624815956,96420813.0
1171,0.03625818865627552,96420685.0
1172,0.03624354015190065,96420557.0
1173,0.03632261818511923,96420429.0
1174,0.03624025574338266,96420301.0
1175,0.03606244818051499,96420173.0
1176,0.03624536256616273,96420045.0
1177,0.03613255362977852,96419917.0
1178,0.036062325681429655,96419789.0
1179,0.03608559587816283,96419661.0
1180,0.035954188290494654,96419533.0
1181,0.035869384140758055,96419405.0
1182,0.0360861904404762,96419277.0
1183,0.036030130354001697,96419149.0
1184,0.036069940395737944,96419021.0
1185,0.03607902569533651,96418893.0
1186,0.035888427654491836,96418765.0
1187,0.03588339801615653,96418637.0
1188,0.036092119734619114,96418509.0
1189,0.03608548927846518,96418381.0
1190,0.036187369505995506,96418253.0
1191,0.036039521599211144,96418125.0
1192,0.0361463917060673,96417997.0
1193,0.036002858421590594,96417869.0
1194,0.036043955463603936,96417741.0
1195,0.03610455950974018,96417613.0
1196,0.03615161041717188,96417485.0
1197,0.03589724485908434,96417357.0
1198,0.03618445310233465,96417229.0
1199,0.03602555931967017,96417101.0
1200,0.03613644629326263,96416973.0
1201,0.03602680326674712,96416845.0
1202,0.03593354004432954,96416717.0
1203,0.03614088054341484,96416589.0
1204,0.036198964753730606,96416461.0
1205,0.03586285661817445,96416333.0
1206,0.03639633422085075,96416205.0
1207,0.03619296553951005,96416077.0
1208,0.036170141001205795,96415949.0
1209,0.03640001700810409,96415821.0
1210,0.03617254057897839,96415693.0
1211,0.03605465632474289,96415565.0
1212,0.036290694471225134,96415437.0
1213,0.03601922196920674,96415309.0
1214,0.03610989563027784,96415181.0
1215,0.03616993964727071,96415053.0
1216,0.03604762411860712,96414925.0
1217,0.036245449710149105,96414797.0
1218,0.036395850699803486,96414669.0
1219,0.036254383662221404,96414541.0
1220,0.03627452451130561,96414413.0
1221,0.0362336349298309,96414285.0
1222,0.03615116469095806,96414157.0
1223,0.036357798441800884,96414029.0
1224,0.03632191770707231,96413901.0
1225,0.036255361347419975,96413773.0
1226,0.03625070128810123,96413645.0
1227,0.03636641318870438,96413517.0
1228,0.03642211236035238,96413389.0
1229,0.03642925569861182,96413261.0
1230,0.03634404216999479,96413133.0
1231,0.0363178618133317,96413005.0
1232,0.03634444220554576,96412877.0
1233,0.036336506734864785,96412749.0
1234,0.03635118537855118,96412621.0
1235,0.03629855329451386,96412493.0
1236,0.036595125764830316,96412365.0
1237,0.036515412470282886,96412237.0
1238,0.036405971588469206,96412109.0
1239,0.03635268111671059,96411981.0
1240,0.036469659977216365,96411853.0
1241,0.036356854131382746,96411725.0
1242,0.036511139766877566,96411597.0
1243,0.03657351384135547,96411469.0
1244,0.03646910050615171,96411341.0
1245,0.03635943408008204,96411213.0
1246,0.036559957036454926,96411085.0
1247,0.03636716707131176,96410957.0
1248,0.036497235557979395,96410829.0
1249,0.03650647908467782,96410701.0
1250,0.036373899064371294,96410573.0
1251,0.03648267869803122,96410445.0
1252,0.036462530172888356,96410317.0
1253,0.03653565879453632,96410189.0
1254,0.03683342185749864,96410061.0
1255,0.03653148216265856,96409933.0
1256,0.036429819612801013,96409805.0
1257,0.03643986972306253,96409677.0
1258,0.036679241305746034,96409549.0
1259,0.03665091476686237,96409421.0
1260,0.0363760019190234,96409293.0
1261,0.03637020284667995,96409165.0
1262,0.036686569556317314,96409037.0
1263,0.03665824011599927,96408909.0
1264,0.036264934121226035,96408781.0
1265,0.03629598285906654,96408653.0
1266,0.03629802176345797,96408525.0
1267,0.036682693066720146,96408397.0
1268,0.036463255905432736,96408269.0
1269,0.036302652876735085,96408141.0
1270,0.03631019473624559,96408013.0
1271,0.03652777051904767,96407885.0
1272,0.03640080613591757,96407757.0
1273,0.03627862985261686,96407629.0
1274,0.03607055040618183,96407501.0
1275,0.036168615101228326,96407373.0
1276,0.036241573313445394,96407245.0
1277,0.03626575521077984,96407117.0
1278,0.03622826944382252,96406989.0
1279,0.036142433352354744,96406861.0
1280,0.03623020557907899,96406733.0
1281,0.03611174143836681,96406605.0
1282,0.03619538010993182,96406477.0
1283,0.03603426967763095,96406349.0
1284,0.03610378843201935,96406221.0
1285,0.0358421555711778,96406093.0
1286,0.03622847032830753,96405965.0
1287,0.03623893460464527,96405837.0
1288,0.03596961576310118,96405709.0
1289,0.03597363995801659,96405581.0
1290,0.036076204697676875,96405453.0
1291,0.03580565961867473,96405325.0
1292,0.03582189622253027,96405197.0
1293,0.03582856076961706,96405069.0
1294,0.03602721037527014,96404941.0
1295,0.035841872480256685,96404813.0
1296,0.03584598998978968,96404685.0
1297,0.03578105083852127,96404557.0
1298,0.03577755792174993,96404429.0
1299,0.0357211128318471,96404301.0
1300,0.03558566679860547,96404173.0
1301,0.035666192105122965,96404045.0
1302,0.03566308839595477,96403917.0
1303,0.035414189397157285,96403789.0
1304,0.035619264835991156,96403661.0
1305,0.035489498967054584,96403533.0
1306,0.035321462539873415,96403405.0
1307,0.03521749667802599,96403277.0
1308,0.035339897761110815,96403149.0
1309,0.035237627303010007,96403021.0
1310,0.035318477902838166,96402893.0
1311,0.035078446835617436,96402765.0
1312,0.035139839736989587,96402637.0
1313,0.034975609960987655,96402509.0
1314,0.03499179527520724,96402381.0
1315,0.034774799431665934,96402253.0
1316,0.03498166518865174,96402125.0
1317,0.034960578664599444,96401997.0
1318,0.034990796732832494,96401869.0
1319,0.03480720214433718,96401741.0
1320,0.034946875604315766,96401613.0
1321,0.0346570412420009,96401485.0
1322,0.03463578084852573,96401357.0
1323,0.03467042718583483,96401229.0
1324,0.03451388868377213,96401101.0
1325,0.03455422171152735,96400973.0
1326,0.03463947799039428,96400845.0
1327,0.03457812593282777,96400717.0
1328,0.03447783367467964,96400589.0
1329,0.03451548560598068,96400461.0
1330,0.034522109228727275,96400333.0
1331,0.03466928541241597,96400205.0
1332,0.034642824957247326,96400077.0
1333,0.034340567568372365,96399949.0
1334,0.03465463356614482,96399821.0
1335,0.03459419654452171,96399693.0
1336,0.03453060331627568,96399565.0
1337,0.03440695180467545,96399437.0
1338,0.03461814753542797,96399309.0
1339,0.034297492350500544,96399181.0
1340,0.0344696309296555,96399053.0
1341,0.03444686448572848,96398925.0
1342,0.03448574110307238,96398797.0
1343,0.03449227893163088,96398669.0
1344,0.03439170726856577,96398541.0
1345,0.03442793168311039,96398413.0
1346,0.03450259952371285,96398285.0
1347,0.03438682232196295,96398157.0
1348,0.03423086616848916,96398029.0
1349,0.034181165925246684,96397901.0
1350,0.034316200606345014,96397773.0
1351,0.03420090845322505,96397645.0
1352,0.03446953403575527,96397517.0
1353,0.034460900128178686,96397389.0
1354,0.03444946125250055,96397261.0
1355,0.03453764053398909,96397133.0
1356,0.03423768715402085,96397005.0
1357,0.034493852427901414,96396877.0
1358,0.034363469858988235,96396749.0
1359,0.03437818060948672,96396621.0
1360,0.034287667244644174,96396493.0
1361,0.0342800383987407,96396365.0
1362,0.034491935375649506,96396237.0
1363,0.0344704662685265,96396109.0
1364,0.03429671573298334,96395981.0
1365,0.034372636782990025,96395853.0
1366,0.03467564330094221,96395725.0
1367,0.034584352191756325,96395597.0
1368,0.03447571867104401,96395469.0
1369,0.03447326787520647,96395341.0
1370,0.034510471008099584,96395213.0
1371,0.03435428129341753,96395085.0
1372,0.03454863075400468,96394957.0
1373,0.034730014171915284,96394829.0
1374,0.03478894492658249,96394701.0
1375,0.03473567067588792,96394573.0
1376,0.03464206970465236,96394445.0
1377,0.03464304921776254,96394317.0
1378,0.034812432819943735,96394189.0
1379,0.03464071553934289,96394061.0
1380,0.03485488846414352,96393933.0
1381,0.03445688751694127,96393805.0
1382,0.034716153260783526,96393677.0
1383,0.034917967617175014,96393549.0
1384,0.03487992639314402,96393421.0
1385,0.03467151052472986,96393293.0
1386,0.03485597527284672,96393165.0
1387,0.03486445605266701,96393037.0
1388,0.03483499450401614,96392909.0
1389,0.0348776326981581,96392781.0
1390,0.03480051047478766,96392653.0
1391,0.03482228329349047,96392525.0
1392,0.03474758489871433,96392397.0
1393,0.03483488021138761,96392269.0
1394,0.03514181480897828,96392141.0
1395,0.035048735420618954,96392013.0
1396,0.03471048485883335,96391885.0
1397,0.034939368875821344,96391757.0
1398,0.0350477918819579,96391629.0
1399,0.03510329969818682,96391501.0
1400,0.034998958651300996,96391373.0
1401,0.034997121348454174,96391245.0
1402,0.03481429438369708,96391117.0
1403,0.03499476494318219,96390989.0
1404,0.03495580980775069,96390861.0
1405,0.03483363653321911,96390733.0
1406,0.03500505376669336,96390605.0
1407,0.03494166662255528,96390477.0
1408,0.03495853655963839,96390349.0
1409,0.03500321430118089,96390221.0
1410,0.03533278582522556,96390093.0
1411,0.034912850987093604,96389965.0
1412,0.03498231201947464,96389837.0
1413,0.034966899352664914,96389709.0
1414,0.035088553126840956,96389581.0
1415,0.034901564759496954,96389453.0
1416,0.03497155576601806,96389325.0
1417,0.03507706474717208,96389197.0
1418,0.03486390318840208,96389069.0
1419,0.034875314143477665,96388941.0
1420,0.03490156915308944,96388813.0
1421,0.03479556950267595,96388685.0
1422,0.034904381907264116,96388557.0
1423,0.034767850132791524,96388429.0
1424,0.034931222425254024,96388301.0
1425,0.03441445828621967,96388173.0
1426,0.034439950618601056,96388045.0
1427,0.03460293215095165,96387917.0
1428,0.03476550405295552,96387789.0
1429,0.0344739556107944,96387661.0
1430,0.034545049825102966,96387533.0
1431,0.034593111654891255,96387405.0
1432,0.034468827778748344,96387277.0
1433,0.03436545289854254,96387149.0
1434,0.03455278672431324,96387021.0
1435,0.034560163733108946,96386893.0
1436,0.034545458620375565,96386765.0
1437,0.034341622115593134,96386637.0
1438,0.03447926125428877,96386509.0
1439,0.034246322241531686,96386381.0
1440,0.0344257087062936,96386253.0
1441,0.03423993135181249,96386125.0
1442,0.03452234072090324,96385997.0
1443,0.0343900108649991,96385869.0
1444,0.034443987340689576,96385741.0
1445,0.0341808570386275,96385613.0
1446,0.034376566605879386,96385485.0
1447,0.034331327233762796,96385357.0
1448,0.034109534465355536,96385229.0
1449,0.034220424412072514,96385101.0
1450,0.03427303716066618,96384973.0
1451,0.03403169043339973,96384845.0
1452,0.03402016521153497,96384717.0
1453,0.034016057281371526,96384589.0
1454,0.03409075310956341,96384461.0
1455,0.03393444665912974,96384333.0
1456,0.0337628750211776,96384205.0
1457,0.03379139138678432,96384077.0
1458,0.033972776543924,96383949.0
1459,0.03349440886324747,96383821.0
1460,0.03354529931018639,96383693.0
1461,0.03372533582978656,96383565.0
1462,0.03371746706352937,96383437.0
1463,0.033583337439027694,96383309.0
1464,0.03369078406248967,96383181.0
1465,0.0337234283878342,96383053.0
1466,0.033582523364845726,96382925.0
1467,0.0333648891038923,96382797.0
1468,0.033204575805997415,96382669.0
1469,0.033311813437313514,96382541.0
1470,0.03341127064284748,96382413.0
1471,0.033399731235678576,96382285.0
1472,0.03323749433481728,96382157.0
1473,0.033448190063821284,96382029.0
1474,0.03339525598012471,96381901.0
1475,0.033257969189349264,96381773.0
1476,0.0333203628050037,96381645.0
1477,0.03318795969300446,96381517.0
1478,0.03307903759860592,96381389.0
1479,0.033181265765941784,96381261.0
1480,0.0330438425532834,96381133.0
1481,0.033092125967950047,96381005.0
1482,0.03330091831991729,96380877.0
1483,0.033160281874797484,96380749.0
1484,0.03337162171746071,96380621.0
1485,0.033021251716548475,96380493.0
1486,0.0328935329118126,96380365.0
1487,0.03308526003099067,96380237.0
1488,0.033053493986881316,96380109.0
1489,0.03303766727840946,96379981.0
1490,0.03305118210951043,96379853.0
1491,0.03297637804839782,96379725.0
1492,0.03296605061068371,96379597.0
1493,0.03291658618128849,96379469.0
1494,0.033060466450835484,96379341.0
1495,0.03270958591188193,96379213.0
1496,0.03299293536047146,96379085.0
1497,0.032921937571744775,96378957.0
1498,0.032779777171246464,96378829.0
1499,0.03272358994100136,96378701.0
1500,0.03279088486013257,96378573.0
1501,0.03257471860589436,96378445.0
1502,0.03267686287850139,96378317.0
1503,0.03288829192650907,96378189.0
1504,0.032728913453719796,96378061.0
1505,0.03294829056095832,96377933.0
1506,0.03279216788991608,96377805.0
1507,0.03271357101708608,96377677.0
1508,0.03261113759593103,96377549.0
1509,0.03265101072298277,96377421.0
1510,0.032715476579604795,96377293.0
1511,0.03282914970019644,96377165.0
1512,0.0328256307797646,96377037.0
1513,0.03269552674480615,96376909.0
1514,0.032782007109993,96376781.0
1515,0.032569804014190226,96376653.0
1516,0.03272678354567433,96376525.0
1517,0.03278404815444594,96376397.0
1518,0.03264860314376954,96376269.0
1519,0.03252889454157529,96376141.0
1520,0.03257964639903635,96376013.0
1521,0.03263820423072918,96375885.0
1522,0.03268675107696616,96375757.0
1523,0.03264884364000536,96375629.0
1524,0.032733604839299234,96375501.0
1525,0.032454551831658976,96375373.0
1526,0.032582222760611367,96375245.0
1527,0.033021745581802125,96375117.0
1528,0.03255037609953908,96374989.0
1529,0.032779315463997906,96374861.0
1530,0.0326883403271867,96374733.0
1531,0.03274402776692954,96374605.0
1532,0.03293059626985331,96374477.0
1533,0.03271133904029427,96374349.0
1534,0.03282056900737304,96374221.0
1535,0.03262022250720141,96374093.0
1536,0.03287187478066081,96373965.0
1537,0.03289565299397925,96373837.0
1538,0.03278957897393779,96373709.0
1539,0.03284539745245653,96373581.0
1540,0.03298046905247206,96373453.0
1541,0.03304477237616931,96373325.0
1542,0.03305053488153191,96373197.0
1543,0.03288854196491005,96373069.0
1544,0.0329893023925293,96372941.0
1545,0.03291052866837723,96372813.0
1546,0.03323220957151386,96372685.0
1547,0.032878451902328805,96372557.0
1548,0.03283819938479421,96372429.0
1549,0.03311416042362012,96372301.0
1550,0.03305316477491392,96372173.0
1551,0.03302277773315185,96372045.0
1552,0.03309834426924302,96371917.0
1553,0.033058722877012704,96371789.0
1554,0.03313018828357204,96371661.0
1555,0.032948981819489874,96371533.0
1556,0.03306346267788821,96371405.0
1557,0.033262879017598834,96371277.0
1558,0.033174315698559886,96371149.0
1559,0.03304274504876568,96371021.0
1560,0.033246752591461766,96370893.0
1561,0.03287983514038759,96370765.0
1562,0.03307629665020689,96370637.0
1563,0.03323736016153173,96370509.0
1564,0.033204498840528514,96370381.0
1565,0.032890182260000456,96370253.0
1566,0.033111552175801584,96370125.0
1567,0.03307956456783687,96369997.0
1568,0.033064773639284485,96369869.0
1569,0.03303803347980638,96369741.0
1570,0.03311597406495676,96369613.0
1571,0.03309419250823528,96369485.0
1572,0.033450231600189256,96369357.0
1573,0.033131481794574,96369229.0
1574,0.03321643911061545,96369101.0
1575,0.03340925683457859,96368973.0
1576,0.033331787223685065,96368845.0
1577,0.033172730833190535,96368717.0
1578,0.03313687574340283,96368589.0
1579,0.03307429225543617,96368461.0
1580,0.03315221254354422,96368333.0
1581,0.03309600853884214,96368205.0
1582,0.033150888644075255,96368077.0
1583,0.03316893702707387,96367949.0
1584,0.03326149279304424,96367821.0
1585,0.03322466911222984,96367693.0
1586,0.03321834807970152,96367565.0
1587,0.03313847108777361,96367437.0
1588,0.03318985583236047,96367309.0
1589,0.03326678859782796,96367181.0
1590,0.03293605608512253,96367053.0
1591,0.03296113718314624,96366925.0
1592,0.03324688797866081,96366797.0
1593,0.03278885020890631,96366669.0
1594,0.0331743496758829,96366541.0
1595,0.0327972676193927,96366413.0
1596,0.032738568331927884,96366285.0
1597,0.032800263948787996,96366157.0
1598,0.03284924328352316,96366029.0
1599,0.03299187897955369,96365901.0
1600,0.03279928755197885,96365773.0
1601,0.03253884485146618,96365645.0
1602,0.032718272637031476,96365517.0
1603,0.03249153701933001,96365389.0
1604,0.03232443430301044,96365261.0
1605,0.032549956057685465,96365133.0
1606,0.03264334642265075,96365005.0
1607,0.032457876811203,96364877.0
1608,0.0326572477428924,96364749.0
1609,0.03230198513962828,96364621.0
1610,0.03247615074846324,96364493.0
1611,0.03234655866098686,96364365.0
1612,0.032475366036019734,96364237.0
1613,0.032504780576012735,96364109.0
1614,0.03255843950681093,96363981.0
1615,0.032003823141112664,96363853.0
1616,0.03255627140899925,96363725.0
1617,0.03240027228328331,96363597.0
1618,0.032432722156449566,96363469.0
1619,0.032329139164303626,96363341.0
1620,0.03248001228407459,96363213.0
1621,0.032352117530489735,96363085.0
1622,0.032317518948709434,96362957.0
1623,0.03236699007434389,96362829.0
1624,0.03222904460316121,96362701.0
1625,0.03224381188154138,96362573.0
1626,0.03236601121243626,96362445.0
1627,0.03219125123890615,96362317.0
1628,0.03216161301040423,96362189.0
1629,0.03206484289056238,96362061.0
1630,0.03211653349105316,96361933.0
1631,0.0321218006128875,96361805.0
1632,0.03221698846746629,96361677.0
1633,0.03178994818508046,96361549.0
1634,0.031956006032999876,96361421.0
1635,0.032036329462935255,96361293.0
1636,0.03215653914202705,96361165.0
1637,0.031871648651253595,96361037.0
1638,0.03195292459902036,96360909.0
1639,0.031771500513621785,96360781.0
1640,0.03192914033242582,96360653.0
1641,0.03169051430420271,96360525.0
1642,0.031671323538799694,96360397.0
1643,0.031740002508772194,96360269.0
1644,0.03183842075313285,96360141.0
1645,0.03169046908434096,96360013.0
1646,0.031765838148476847,96359885.0
1647,0.031608620219928746,96359757.0
1648,0.03181996862896987,96359629.0
1649,0.03158155006727765,96359501.0
1650,0.03175192888310185,96359373.0
1651,0.03155713855883921,96359245.0
1652,0.031703490519232665,96359117.0
1653,0.031589715952657506,96358989.0
1654,0.031569369609951055,96358861.0
1655,0.03151637465257318,96358733.0
1656,0.03158905100659539,96358605.0
1657,0.03138507331753051,96358477.0
1658,0.03186092227392992,96358349.0
1659,0.03140428996594594,96358221.0
1660,0.03141845618424855,96358093.0
1661,0.03150780395757236,96357965.0
1662,0.031675498353278056,96357837.0
1663,0.0313552658810912,96357709.0
1664,0.03154760515993937,96357581.0
1665,0.031528249715189006,96357453.0
1666,0.031591975776987156,96357325.0
1667,0.031395372266597124,96357197.0
1668,0.03173862059863204,96357069.0
1669,0.03163046683188169,96356941.0
1670,0.03146267416486753,96356813.0
1671,0.03142087180450274,96356685.0
1672,0.03173247059271694,96356557.0
1673,0.031527374311370766,96356429.0
1674,0.03143237153219492,96356301.0
1675,0.03156562936109191,96356173.0
1676,0.03158391051409085,96356045.0
1677,0.03162820336655415,96355917.0
1678,0.03156628022183388,96355789.0
1679,0.03152513719943912,96355661.0
1680,0.03158623342956335,96355533.0
1681,0.03160961474249603,96355405.0
1682,0.03154782142604885,96355277.0
1683,0.03161119981166578,96355149.0
1684,0.0318739982025092,96355021.0
1685,0.03178530731134855,96354893.0
1686,0.03167933509955969,96354765.0
1687,0.031772574993918896,96354637.0
1688,0.03194523071517722,96354509.0
1689,0.03188766045601321,96354381.0
1690,0.03187565371220807,96354253.0
1691,0.03193726828465315,96354125.0
1692,0.03203926469090239,96353997.0
1693,0.031961139970838034,96353869.0
1694,0.03208763391718275,96353741.0
1695,0.03194937236898941,96353613.0
1696,0.03207277822139124,96353485.0
1697,0.03192316847761456,96353357.0
1698,0.03212278718220863,96353229.0
1699,0.031933452883564147,96353101.0
1700,0.032030825119150605,96352973.0
1701,0.032151877901803315,96352845.0
1702,0.03204352064396795,96352717.0
1703,0.03201105922161268,96352589.0
1704,0.03221050193114408,96352461.0
1705,0.03199641608027646,96352333.0
1706,0.03206783577185775,96352205.0
1707,0.03218298198711431,96352077.0
1708,0.03212968770799195,96351949.0
1709,0.03227675981767773,96351821.0
1710,0.032144807550798016,96351693.0
1711,0.0320602334284979,96351565.0
1712,0.0321730074879423,96351437.0
1713,0.032104156192281845,96351309.0
1714,0.03207056255205806,96351181.0
1715,0.03203789011522654,96351053.0
1716,0.03246779537023691,96350925.0
1717,0.032265455371173556,96350797.0
1718,0.03233423386454067,96350669.0
1719,0.0322387987267599,96350541.0
1720,0.032125052663267185,96350413.0
1721,0.03214664595169845,96350285.0
1722,0.03208290197441615,96350157.0
1723,0.03229970435685098,96350029.0
1724,0.03242020696277485,96349901.0
1725,0.03231116010184497,96349773.0
1726,0.0322569525601018,96349645.0
1727,0.032379904808791715,96349517.0
1728,0.03226275184118131,96349389.0
1729,0.03230876449868941,96349261.0
1730,0.032369312490746115,96349133.0
1731,0.0320507283815343,96349005.0
1732,0.03229601649028436,96348877.0
1733,0.032208700283904074,96348749.0
1734,0.03215913048532697,96348621.0
1735,0.03218529961751282,96348493.0
1736,0.03234889861783811,96348365.0
1737,0.03233612989694264,96348237.0
1738,0.03230568657889955,96348109.0
1739,0.03214430748738432,96347981.0
1740,0.03193972849525718,96347853.0
1741,0.03230715920086609,96347725.0
1742,0.03200615611976546,96347597.0
1743,0.0322190377424024,96347469.0
1744,0.03198577574622216,96347341.0
1745,0.03217054951705001,96347213.0
1746,0.03214072100376685,96347085.0
1747,0.032125359514565084,96346957.0
1748,0.032266341787085664,96346829.0
1749,0.03208237293855446,96346701.0
1750,0.03198028031901529,96346573.0
1751,0.03198890131995928,96346445.0
1752,0.03211782933181689,96346317.0
1753,0.03177217895515988,96346189.0
1754,0.03193008381466886,96346061.0
1755,0.031820079276719045,96345933.0
1756,0.03174784701307185,96345805.0
1757,0.03188851932622302,96345677.0
1758,0.03196771416686816,96345549.0
1759,0.03177383540780596,96345421.0
1760,0.031726319365632784,96345293.0
1761,0.031758375547228136,96345165.0
1762,0.031690017405827185,96345037.0
1763,0.03182960061426104,96344909.0
1764,0.031882666498525336,96344781.0
1765,0.03181505690932964,96344653.0
1766,0.03166287204157532,96344525.0
1767,0.03151079019308334,96344397.0
1768,0.03170335454285575,96344269.0
1769,0.03165225202395728,96344141.0
1770,0.03163208370838949,96344013.0
1771,0.03160457581095562,96343885.0
1772,0.03157865796859676,96343757.0
1773,0.03146422777063266,96343629.0
1774,0.031508046700327044,96343501.0
1775,0.03150008536895955,96343373.0
1776,0.03156388188530674,96343245.0
1777,0.03144866421315551,96343117.0
1778,0.03131353297735951,96342989.0
1779,0.03133113549612281,96342861.0
1780,0.0313660447405516,96342733.0
1781,0.031138058453310927,96342605.0
1782,0.031489751719875836,96342477.0
1783,0.03110276596463825,96342349.0
1784,0.031162703249396913,96342221.0
1785,0.03127719212971841,96342093.0
1786,0.03124600142396369,96341965.0
1787,0.031032269290511443,96341837.0
1788,0.031212187357806866,96341709.0
1789,0.030801886323208554,96341581.0
1790,0.03099325496175697,96341453.0
1791,0.031169258215217783,96341325.0
1792,0.030925835169341238,96341197.0
1793,0.031038114724266132,96341069.0
1794,0.03076179544746576,96340941.0
1795,0.030794701477705393,96340813.0
1796,0.030951420397119327,96340685.0
1797,0.031056491111900016,96340557.0
1798,0.030832042461285552,96340429.0
1799,0.030920191895470725,96340301.0
1800,0.030805851873042644,96340173.0
1801,0.03072211373320085,96340045.0
1802,0.0307192648984705,96339917.0
1803,0.03064522402699471,96339789.0
1804,0.030571563844927114,96339661.0
1805,0.03077035793028407,96339533.0
1806,0.03068766531518401,96339405.0
1807,0.030596717665241528,96339277.0
1808,0.03062604205867723,96339149.0
1809,0.030498054770877466,96339021.0
1810,0.03057250609750594,96338893.0
1811,0.03025277033534273,96338765.0
1812,0.03049160626014056,96338637.0
1813,0.030388443495969517,96338509.0
1814,0.030529724040917687,96338381.0
1815,0.030330779143478762,96338253.0
1816,0.030451648338524265,96338125.0
1817,0.0303061238063745,96337997.0
1818,0.030495451796475222,96337869.0
1819,0.030301109849997294,96337741.0
1820,0.030375925872976148,96337613.0
1821,0.030085882396835427,96337485.0
1822,0.03019017046013316,96337357.0
1823,0.030212193987308653,96337229.0
1824,0.030222054764791506,96337101.0
1825,0.03012993800961883,96336973.0
1826,0.030308787059500315,96336845.0
1827,0.030391485369342323,96336717.0
1828,0.03028687893291649,96336589.0
1829,0.03013526964219413,96336461.0
1830,0.030284286001223508,96336333.0
1831,0.030357360855661545,96336205.0
1832,0.030142333610199724,96336077.0
1833,0.0300272838766502,96335949.0
1834,0.030351459465259436,96335821.0
1835,0.030202244075731407,96335693.0
1836,0.030365427137714604,96335565.0
1837,0.030159366183849037,96335437.0
1838,0.030282463297753318,96335309.0
1839,0.030528084154716858,96335181.0
1840,0.029997921591414702,96335053.0
1841,0.03024292362396543,96334925.0
1842,0.030316768290365514,96334797.0
1843,0.030235711606145122,96334669.0
1844,0.03020029314313904,96334541.0
1845,0.030266412494125226,96334413.0
1846,0.0302532967268855,96334285.0
1847,0.03024297051767632,96334157.0
1848,0.030171540797730677,96334029.0
1849,0.03031662914586729,96333901.0
1850,0.030288028608031526,96333773.0
1851,0.030251946722348762,96333645.0
1852,0.030300169725375522,96333517.0
1853,0.030255696392042848,96333389.0
1854,0.030224536467143785,96333261.0
1855,0.030091308784191896,96333133.0
1856,0.03021125543865846,96333005.0
1857,0.03023675598109782,96332877.0
1858,0.030336394331651154,96332749.0
1859,0.030258999982532075,96332621.0
1860,0.030255424632296416,96332493.0
1861,0.030230537546354828,96332365.0
1862,0.030328351918674824,96332237.0
1863,0.030327251602032257,96332109.0
1864,0.03022418073262992,96331981.0
1865,0.030041716590282277,96331853.0
1866,0.030215778425976378,96331725.0
1867,0.030319529744600365,96331597.0
1868,0.03042667892424233,96331469.0
1869,0.03024568783229339,96331341.0
1870,0.03031695786949393,96331213.0
1871,0.030224915606126845,96331085.0
1872,0.03052646932812219,96330957.0
1873,0.030223522706145967,96330829.0
1874,0.030273888021025364,96330701.0
1875,0.030208576096395445,96330573.0
1876,0.03029717874486185,96330445.0
1877,0.030342635435307908,96330317.0
1878,0.030380339976710878,96330189.0
1879,0.030463138370443007,96330061.0
1880,0.03035029928243725,96329933.0
1881,0.030272505221226462,96329805.0
1882,0.030295252298193312,96329677.0
1883,0.030184742081414726,96329549.0
1884,0.03021635594801184,96329421.0
1885,0.030204990020778148,96329293.0
1886,0.03021781463051997,96329165.0
1887,0.030321049830123296,96329037.0
1888,0.029992661327358477,96328909.0
1889,0.030166023385781643,96328781.0
1890,0.030209230107953684,96328653.0
1891,0.03023700431020805,96328525.0
1892,0.030257106784051673,96328397.0
1893,0.030288876968202424,96328269.0
1894,0.030079531179631327,96328141.0
1895,0.03028875401244799,96328013.0
1896,0.030163497936958036,96327885.0
1897,0.030284431435407527,96327757.0
1898,0.030126681104455873,96327629.0
1899,0.030269021415593598,96327501.0
1900,0.030160358798079843,96327373.0
1901,0.03030282751014266,96327245.0
1902,0.030328374068968454,96327117.0
1903,0.030224559316646776,96326989.0
1904,0.03024911313217486,96326861.0
1905,0.03040381153436393,96326733.0
1906,0.03029847413725464,96326605.0
1907,0.030088240914755964,96326477.0
1908,0.030089601932945423,96326349.0
1909,0.03012696453351706,96326221.0
1910,0.030093924606177283,96326093.0
1911,0.03012184481561408,96325965.0
1912,0.03015154340379825,96325837.0
1913,0.03024679603585057,96325709.0
1914,0.03027399851323043,96325581.0
1915,0.029997939931445484,96325453.0
1916,0.030046968282867077,96325325.0
1917,0.029982022524620514,96325197.0
1918,0.02997965521322432,96325069.0
1919,0.02990591312050143,96324941.0
1920,0.03004125268693935,96324813.0
1921,0.030001480136440054,96324685.0
1922,0.029860138227209697,96324557.0
1923,0.02993737685592024,96324429.0
1924,0.030031982914516316,96324301.0
1925,0.029982899391519626,96324173.0
1926,0.029920661148012687,96324045.0
1927,0.029916302020343455,96323917.0
1928,0.030211872312832733,96323789.0
1929,0.029844171916706387,96323661.0
1930,0.029760754328450868,96323533.0
1931,0.02980593170937285,96323405.0
1932,0.029916624571695787,96323277.0
1933,0.02993469200688854,96323149.0
1934,0.029836309284712,96323021.0
1935,0.030003416342469322,96322893.0
1936,0.030090062505726413,96322765.0
1937,0.029753889543351314,96322637.0
1938,0.02980358193567104,96322509.0
1939,0.029921682829097875,96322381.0
1940,0.029847611827296974,96322253.0
1941,0.029881029484263407,96322125.0
1942,0.029791445027018363,96321997.0
1943,0.029972374413918753,96321869.0
1944,0.029923751810372344,96321741.0
1945,0.029981056550370703,96321613.0
1946,0.029996107394199382,96321485.0
1947,0.03005926633004459,96321357.0
1948,0.030124370925479645,96321229.0
1949,0.029848338799180685,96321101.0
1950,0.02997170129945526,96320973.0
1951,0.02991514323324067,96320845.0
1952,0.02993465987455232,96320717.0
1953,0.02993993002054644,96320589.0
1954,0.029951088882707186,96320461.0
1955,0.029974720046317835,96320333.0
1956,0.029831261446388386,96320205.0
1957,0.02984440319976478,96320077.0
1958,0.02984694013757564,96319949.0
1959,0.029975067131393408,96319821.0
1960,0.029769917599195405,96319693.0
1961,0.029846737111584733,96319565.0
1962,0.029802419553447736,96319437.0
1963,0.02984467478401785,96319309.0
1964,0.029913945515319028,96319181.0
1965,0.029875271224499983,96319053.0
1966,0.030017613182141793,96318925.0
1967,0.02997932955422825,96318797.0
1968,0.029942562507253943,96318669.0
1969,0.029708220861935357,96318541.0
1970,0.02992563507367766,96318413.0
1971,0.030046213480044104,96318285.0
1972,0.029846581427972262,96318157.0
1973,0.029825021660544945,96318029.0
1974,0.03003457460007622,96317901.0
1975,0.02997532914632632,96317773.0
1976,0.02995081150360593,96317645.0
1977,0.030052600178234853,96317517.0
1978,0.02992435734928104,96317389.0
1979,0.02995234946639899,96317261.0
1980,0.03002715284718671,96317133.0
1981,0.029799200884671258,96317005.0
1982,0.02973559574719623,96316877.0
1983,0.029793529262324665,96316749.0
1984,0.030038740058500706,96316621.0
1985,0.02990902303549127,96316493.0
1986,0.029984053791732312,96316365.0
1987,0.029892629152294816,96316237.0
1988,0.029935272886912653,96316109.0
1989,0.029837860136812357,96315981.0
1990,0.029772994466364767,96315853.0
1991,0.02960768818820822,96315725.0
1992,0.02977006880273216,96315597.0
1993,0.029665396068454215,96315469.0
1994,0.02983931263708257,96315341.0
1995,0.029828727667051587,96315213.0
1996,0.029885314907625995,96315085.0
1997,0.02991680911477588,96314957.0
1998,0.030241369871079393,96314829.0
1999,0.029794678480016636,96314701.0
2000,0.02987655560394441,96314573.0
