distance,mean_nonzero,std_nonzero,count_nonzero
0,3.454258675078864,4.824642293682442,317.0
1,3.370084269662921,4.682197302784183,712.0
2,3.138571428571429,4.474064279282111,700.0
3,3.4501445086705202,4.770876127500014,692.0
4,3.201854493580599,4.611892637388435,701.0
5,3.389526542324247,4.906012254472365,697.0
6,3.229224376731302,4.522300018334319,722.0
7,3.237465181058496,4.559120732142368,718.0
8,3.452064896755162,4.950895075833477,678.0
9,3.5032765399737875,4.978660737689463,763.0
10,3.6341145833333335,5.1645272628434,768.0
11,3.381542699724518,4.5242355303450195,726.0
12,3.417134831460674,4.588190514920255,712.0
13,3.361997226074896,4.681378406337776,721.0
14,3.6013888888888888,4.972678987816407,720.0
15,3.4113372093023258,4.835065929950554,688.0
16,3.280325443786982,4.743514610169593,676.0
17,3.189631650750341,4.713606800718931,733.0
18,3.275631500742942,4.38809610599344,673.0
19,3.2427184466019416,4.649152293077597,721.0
20,3.536,5.271409141692458,750.0
21,3.5496350364963503,5.117167014903831,685.0
22,3.3588410104011888,4.717556794265984,673.0
23,3.297602256699577,4.637982759046786,709.0
24,3.1638297872340426,4.520679702322037,705.0
25,3.377862595419847,4.964896500369224,655.0
26,3.49302649930265,4.937453080534654,717.0
27,3.511461318051576,5.033946215866877,698.0
28,3.2524544179523143,4.617391738565355,713.0
29,3.477110157367668,5.026595993467573,699.0
30,3.4654178674351583,4.741236318820952,694.0
31,3.9051841746248295,5.398423709945241,733.0
32,3.2023809523809526,4.723342701162393,714.0
33,3.6253581661891117,5.2723230623810835,698.0
34,3.2574468085106383,4.354990509242237,705.0
35,3.3858108108108107,4.681189290254727,740.0
36,3.62311901504788,4.94807549258664,731.0
37,3.269588313413015,4.764852698653258,753.0
38,3.3464140730717187,4.549236511972235,739.0
39,3.52,4.935322672312297,750.0
40,3.678045515394913,5.152606767121384,747.0
41,3.716710182767624,5.170811254748722,766.0
42,3.8584779706275034,5.419870682506081,749.0
43,3.5160051216389245,4.785602062166224,781.0
44,3.9038461538461537,5.497633378678872,806.0
45,3.6705729166666665,4.928981285842806,768.0
46,3.7800511508951407,5.098287327343974,782.0
47,3.6157760814249365,5.2595033037375245,786.0
48,3.522952853598015,5.04382352406127,806.0
49,3.8685258964143427,5.219960165300163,753.0
50,3.770884520884521,5.1610615109904945,814.0
51,3.7856191744340877,5.575958475106484,751.0
52,3.6597222222222223,4.8329287107034755,792.0
53,3.827720207253886,4.920059629140616,772.0
54,3.957124842370744,5.5929973176963275,793.0
55,3.801470588235294,5.189458195450082,816.0
56,3.82277628032345,5.477588380674527,742.0
57,4.141347424042272,5.549128324896974,757.0
58,3.8066841415465267,5.12152012462893,763.0
59,3.7569637883008355,5.2298414445991055,718.0
60,4.142764857881137,5.74731778187916,774.0
61,4.05234899328859,5.463768539408815,745.0
62,3.968152866242038,5.399027196679014,785.0
63,3.9953271028037385,5.3777410179084395,749.0
64,4.088859416445623,5.4682527440830215,754.0
65,3.76949860724234,5.108119991335727,718.0
66,3.7411242603550297,5.089669529483351,676.0
67,3.9186046511627906,5.379490093565826,731.0
68,3.9558383233532934,5.473042458170218,668.0
69,4.289986091794159,5.766980244622622,719.0
70,4.199697428139183,5.534073509204705,661.0
71,4.378358208955224,5.914985174739149,670.0
72,4.523706896551724,5.978361320702624,696.0
73,3.753030303030303,4.912472735334832,660.0
74,4.391952309985097,5.950218426001288,671.0
75,4.163793103448276,5.432204339724694,638.0
76,4.345406360424028,5.797348044395237,566.0
77,4.035114503816794,5.271989389205594,655.0
78,4.416385135135135,5.744284449008022,592.0
79,3.7254697286012526,4.721899764236419,479.0
80,3.924440298507463,4.973986504025064,536.0
81,4.6099365750528545,5.587949219438166,473.0
82,4.953436807095343,6.173153736219257,451.0
83,4.375,5.525946423735543,460.0
84,4.3382978723404255,5.985895048135036,470.0
85,4.795774647887324,6.31249599079499,426.0
86,4.788951841359774,6.068624346180979,353.0
87,4.994475138121547,6.36537311801226,362.0
88,5.101744186046512,6.526563562424598,344.0
89,4.861111111111111,5.787323790006458,342.0
90,5.069565217391304,6.826297992847859,345.0
91,5.615384615384615,6.8888026133381395,299.0
92,4.703947368421052,6.124897860846468,304.0
93,5.606227106227106,6.538888029995727,273.0
94,4.970370370370371,6.474790393749052,270.0
95,5.432727272727273,6.880631192015075,275.0
96,4.522184300341297,5.77758594242279,293.0
97,5.0,5.910672255473811,259.0
98,5.148471615720524,6.64908381931317,229.0
99,5.657676348547718,6.826574390679409,241.0
100,5.090128755364807,6.732290720506621,233.0
101,5.519911504424779,6.183188820676084,226.0
102,4.472222222222222,5.393291842578593,216.0
103,5.741150442477876,6.903656776869922,226.0
104,5.177966101694915,6.19413398626099,177.0
105,5.657407407407407,6.926742295523634,216.0
106,4.281420765027322,5.708946531349564,183.0
107,5.0492610837438425,6.063405649068945,203.0
108,4.682926829268292,6.197917815375333,164.0
109,4.980487804878049,6.339814260600948,205.0
110,4.817647058823529,6.245399281261986,170.0
111,6.238095238095238,6.8292113639776355,147.0
112,5.158291457286432,5.904014991997795,199.0
113,5.484567901234568,6.304248503272453,162.0
114,5.274305555555555,6.3195306824038004,144.0
115,4.835714285714285,5.5208704275224845,140.0
116,6.074829931972789,6.909481707832994,147.0
117,5.25,6.037238475300054,158.0
118,6.648854961832061,7.696076586979125,131.0
119,5.528169014084507,6.381704414468207,142.0
120,6.066433566433567,7.384375816889506,143.0
121,4.955223880597015,6.551835731553411,134.0
122,6.173611111111111,7.516489901218549,144.0
123,5.3565891472868215,6.094052491995275,129.0
124,5.235074626865671,6.380094248987855,134.0
125,6.241228070175438,7.212400965145862,114.0
126,6.285046728971962,7.854848325383306,107.0
127,6.051282051282051,6.671925423700151,117.0
128,6.652777777777778,7.603939686366147,108.0
129,6.127551020408164,6.873417802751735,98.0
130,5.028301886792453,6.027646697343531,106.0
131,6.516483516483516,7.673348736391486,91.0
132,5.5989010989010985,6.494963766993188,91.0
133,5.835106382978723,6.564972339356651,94.0
134,5.494845360824742,6.656174626083735,97.0
135,6.284810126582278,7.26322116517562,79.0
136,4.657534246575342,5.921287346144962,73.0
137,6.15,6.87343444891966,90.0
138,5.936708860759493,7.136654700319132,79.0
139,5.757142857142857,6.085586950329501,70.0
140,5.10625,6.0361221466782995,80.0
141,5.542253521126761,6.7874603281520125,71.0
142,5.191780821917808,6.402923668672719,73.0
143,6.411764705882353,7.914989502426987,51.0
144,5.632352941176471,6.167208448940071,68.0
145,5.508474576271187,7.399028084720345,59.0
146,4.966216216216216,7.089608004060611,74.0
147,3.465909090909091,4.711931573604824,44.0
148,6.56,7.484432823793502,50.0
149,4.884615384615385,5.7714776921626605,52.0
150,5.288135593220339,6.68580804560502,59.0
151,4.883928571428571,6.677636402356594,56.0
152,5.0,6.062636023674483,46.0
153,5.8173076923076925,7.110492692833712,52.0
154,6.855769230769231,6.794127033091139,52.0
155,5.265625,6.669604107562375,32.0
156,5.313725490196078,5.87363667953145,51.0
157,4.966666666666667,6.50908456068761,45.0
158,4.625,4.948845464203891,36.0
159,5.24468085106383,5.705520153501927,47.0
160,5.511363636363637,7.453334384427469,44.0
161,6.2560975609756095,6.5813391031190545,41.0
162,4.926470588235294,5.421802720639416,34.0
163,4.869565217391305,5.498923917568575,46.0
164,6.965909090909091,8.570092484964539,44.0
165,3.9054054054054053,3.4996782348878512,37.0
166,3.8142857142857145,6.046493532090598,35.0
167,5.027027027027027,5.433877715501798,37.0
168,5.848484848484849,7.294566522938546,33.0
169,5.7272727272727275,7.446780878644507,33.0
170,7.166666666666667,6.81879277873654,42.0
171,5.071428571428571,6.857969526889575,28.0
172,5.282608695652174,7.017552809265494,23.0
173,8.097560975609756,8.269839412131232,41.0
174,5.6923076923076925,7.577700077301717,26.0
175,4.578125,5.939356670658053,32.0
176,3.875,3.9991318502339426,28.0
177,5.366666666666666,7.149793020073033,30.0
178,4.021739130434782,4.872180445395071,23.0
179,4.34,4.836320915737499,25.0
180,6.612903225806452,6.301732139419229,31.0
181,5.5344827586206895,7.454542041221243,29.0
182,6.741935483870968,8.676472946750824,31.0
183,4.609375,5.46651740141747,32.0
184,4.741379310344827,5.683027188880645,29.0
185,5.757575757575758,7.172126179829377,33.0
186,4.690476190476191,5.316192694203697,21.0
187,7.868421052631579,8.188477855538432,19.0
188,3.8285714285714287,4.6934604961128015,35.0
189,6.72,7.98707288894582,25.0
190,4.896551724137931,6.857450732004709,29.0
191,5.5,6.3672338316310215,25.0
192,4.913043478260869,5.426475865255971,23.0
193,7.214285714285714,7.817562645370084,21.0
194,5.092592592592593,5.697565331986174,27.0
195,4.208333333333333,4.761523017824797,24.0
196,3.9393939393939394,5.326463378378951,33.0
197,3.7857142857142856,4.220697301902343,21.0
198,4.3125,4.720835765262401,32.0
199,4.717391304347826,4.152836070787052,23.0
200,5.863636363636363,7.716990867685931,22.0
201,3.7142857142857144,4.195759240518408,14.0
202,5.117647058823529,6.660352401911408,17.0
203,4.8125,6.126940686338741,24.0
204,12.923076923076923,9.71649403901718,13.0
205,6.0227272727272725,5.9009225927720355,22.0
206,3.857142857142857,3.2547513873422953,14.0
207,4.891304347826087,6.714902899418323,23.0
208,6.543478260869565,7.8173947117343,23.0
209,5.478260869565218,6.244048549818468,23.0
210,4.7,5.99210006240673,20.0
211,5.913043478260869,8.04907133818024,23.0
212,6.111111111111111,7.053483819144133,18.0
213,4.725,6.2100830573308246,20.0
214,5.131578947368421,5.264773143955012,19.0
215,6.1,6.722032005704398,15.0
216,8.766666666666667,9.600719219090282,15.0
217,7.275,10.041329069086633,20.0
218,6.565217391304348,6.611464470946878,23.0
219,2.473684210526316,2.9129675791122467,19.0
220,6.75,6.093712606722877,16.0
221,4.0,3.3680483963268695,17.0
222,5.583333333333333,8.167817045827952,18.0
223,4.176470588235294,6.136319072921965,17.0
224,6.2272727272727275,7.831145499021188,22.0
225,4.725,6.600388744532201,20.0
226,4.222222222222222,5.472450312090614,18.0
227,5.833333333333333,6.670832032063166,18.0
228,3.9285714285714284,5.249489771124701,21.0
229,3.75,4.444766853385269,22.0
230,3.6666666666666665,4.025218124820188,15.0
231,4.0,4.59813626840888,15.0
232,4.190476190476191,5.370000443380313,21.0
233,3.5,4.700096710803842,12.0
234,4.555555555555555,4.952552652701209,9.0
235,5.230769230769231,4.418782753840816,13.0
236,4.690476190476191,4.918018377548498,21.0
237,5.4,6.9261409580969815,15.0
238,7.222222222222222,8.713110848232954,18.0
239,6.6,8.53260002331615,20.0
240,4.694444444444445,7.014981633636787,18.0
241,5.461538461538462,6.372014132326144,13.0
242,8.153846153846153,8.264846780654334,13.0
243,4.8125,4.819664580307085,16.0
244,5.0,6.7117523082738275,22.0
245,6.28125,8.242104808037002,16.0
246,3.7941176470588234,4.042967750958955,17.0
247,3.875,4.868376213535858,24.0
248,7.0,7.3484692283495345,17.0
249,7.25,6.6783231428256,16.0
250,2.764705882352941,2.2016871872698527,17.0
251,3.5384615384615383,3.821330148333706,13.0
252,5.5,6.60710573200143,14.0
253,6.5,6.701989754294367,13.0
254,5.875,6.836150564861379,12.0
255,5.333333333333333,5.652643713553947,15.0
256,7.681818181818182,9.204001106238328,11.0
257,6.466666666666667,8.078778785600374,15.0
258,5.911764705882353,7.84664596762059,17.0
259,2.9,3.1859064644147983,15.0
260,4.318181818181818,5.178188521446121,11.0
261,2.5625,3.0543684562715527,16.0
262,4.5,4.12776713714104,14.0
263,3.6,3.204163957519444,10.0
264,4.066666666666666,5.444088099773482,15.0
265,5.15,4.014210867516664,10.0
266,6.3076923076923075,8.449700343647454,13.0
267,10.15625,11.108133281519446,16.0
268,5.7,6.18331087147762,10.0
269,4.75,8.389658135845801,12.0
270,4.033333333333333,4.417767158493833,15.0
271,7.142857142857143,7.145274316283809,14.0
272,11.0,11.189280584559492,6.0
273,10.5,10.606601717798213,2.0
274,5.392857142857143,8.110246537627502,14.0
275,9.25,10.880549785574425,12.0
276,5.433333333333334,6.82136000962802,15.0
277,6.25,5.678908345800274,4.0
278,6.416666666666667,6.570710952723642,12.0
279,3.5,4.092676385936225,9.0
280,6.0,5.621387729022079,6.0
281,6.142857142857143,8.132825901423018,7.0
282,3.75,7.3824115301167,8.0
283,9.25,5.678908345800274,4.0
284,8.3125,7.065699338555041,8.0
285,3.6,3.2041639575194445,10.0
286,6.333333333333333,8.227816824466238,12.0
287,6.0,7.44983221287567,10.0
288,2.772727272727273,2.4835824564893794,11.0
289,5.9,4.817791102892602,10.0
290,6.090909090909091,8.814244669335489,11.0
291,5.071428571428571,5.6893802491174394,7.0
292,5.0,3.4641016151377544,7.0
293,5.4,5.699902533279748,10.0
294,8.0,10.274023338281628,10.0
295,4.8,8.941787044856055,10.0
296,11.833333333333334,12.270560976038,6.0
297,4.785714285714286,5.226990393278772,7.0
298,9.25,9.742518497116988,4.0
299,10.363636363636363,12.257836083687263,11.0
300,5.1,3.8715486421958962,10.0
301,6.722222222222222,7.68566486677922,9.0
302,7.785714285714286,11.05990183371573,7.0
303,3.2,4.381780460041329,5.0
304,5.4,6.985699678629192,5.0
305,4.0,5.0990195135927845,5.0
306,4.142857142857143,4.6700667885506535,7.0
307,13.916666666666666,9.656172464629382,6.0
308,7.75,9.067209367511357,8.0
309,1.9444444444444444,1.6666666666666667,9.0
310,2.3333333333333335,2.3380903889000244,6.0
311,2.3333333333333335,1.7511900715418263,6.0
312,5.111111111111111,9.006170724070865,9.0
313,2.375,1.5059406173077154,8.0
314,2.7083333333333335,3.0634081832119104,12.0
315,7.166666666666667,9.368386556214825,6.0
316,5.666666666666667,9.114091653404998,6.0
317,7.625,9.148575220843329,8.0
318,3.0,2.8284271247461903,2.0
319,5.636363636363637,7.0323925839322605,11.0
320,9.2,7.628892449104261,5.0
321,5.285714285714286,8.42049653552342,7.0
322,4.5,7.973915809270458,7.0
323,12.666666666666666,12.30717947649528,6.0
324,2.875,4.120939559996343,8.0
325,7.5,10.193134944657606,6.0
326,9.0,8.524474568362947,7.0
327,6.636363636363637,7.593059031414509,11.0
328,5.625,3.9256482631170977,8.0
329,2.2,1.6431676725154982,5.0
330,2.6666666666666665,2.0816659994661326,3.0
331,2.6,2.5099800796022262,5.0
332,9.357142857142858,10.330836872015281,7.0
333,3.8333333333333335,4.3089055068157,6.0
334,1.25,0.5,4.0
335,7.75,5.922113522335466,8.0
336,8.333333333333334,9.003702941938204,6.0
337,9.35,10.692806512376025,10.0
338,6.4,5.366563145999495,5.0
339,4.142857142857143,5.429197958832454,7.0
340,4.888888888888889,7.524035560197142,9.0
341,2.2,2.16794833886788,5.0
342,8.8,8.012490249604053,5.0
343,3.5,3.5355339059327378,2.0
344,9.666666666666666,9.260129588726068,9.0
345,2.6666666666666665,0.5773502691896258,3.0
346,6.2,9.418067742376884,5.0
347,5.6,3.9749213828703582,5.0
348,4.8,3.8340579025361627,5.0
349,4.75,7.5,4.0
350,1.5,0.8366600265340756,6.0
351,5.8,7.049822692805827,5.0
352,6.0,9.83192080250175,7.0
353,3.5,3.5355339059327378,2.0
354,3.5,2.0816659994661326,4.0
355,15.875,7.754031209635411,8.0
356,5.428571428571429,9.571783930858846,7.0
357,2.75,3.5,4.0
358,7.0,11.247221879201993,5.0
359,12.75,12.731195282978474,4.0
360,19.166666666666668,12.829003598617211,3.0
361,4.0,0,1.0
362,6.333333333333333,7.571877794400366,3.0
363,5.75,8.845903006477068,4.0
364,10.222222222222221,7.395569244111263,9.0
365,3.6666666666666665,3.7859388972001824,3.0
366,10.75,10.307764064044152,4.0
367,6.5,8.916277250063503,5.0
368,5.0,4.358898943540674,3.0
369,7.777777777777778,9.640769909319713,9.0
370,2.625,2.0658792662827956,8.0
371,1.3333333333333333,0.5773502691896257,3.0
372,2.8,2.16794833886788,5.0
373,1.3333333333333333,0.5773502691896258,3.0
374,1.3333333333333333,0.5773502691896257,3.0
375,8.25,5.852349955359813,4.0
376,6.0,7.690439333539868,8.0
377,4.833333333333333,3.5449494589721118,6.0
378,4.0,4.760952285695233,4.0
379,3.7777777777777777,3.5978388574871505,9.0
380,5.5,6.5,3.0
381,10.666666666666666,9.688481133111972,6.0
382,2.0,0,1.0
383,3.6,4.722287581247038,5.0
384,1.5,1.0,4.0
385,5.0,4.96655480858378,4.0
386,4.666666666666667,5.573747990954262,6.0
387,11.0,11.16542281629615,4.0
388,11.0,17.320508075688775,3.0
389,3.6666666666666665,6.531972647421808,6.0
390,3.375,4.75,4.0
391,1.5,0.5773502691896257,4.0
392,4.166666666666667,5.484827557301445,3.0
393,3.0,2.8284271247461903,2.0
394,9.0,11.313708498984761,2.0
395,6.25,7.19374728496908,4.0
396,11.0,0,1.0
397,8.0,7.788880963698615,4.0
398,8.666666666666666,8.066132902450839,9.0
399,2.0,0.0,2.0
400,9.833333333333334,9.745084230865666,6.0
401,20.333333333333332,8.082903768654761,3.0
402,3.8,5.215361924162119,5.0
403,12.5,9.987492177719089,3.0
404,6.5,7.7781745930520225,2.0
405,3.0,2.8284271247461903,2.0
406,7.75,12.84198842339716,4.0
407,1.5,0.5773502691896257,4.0
408,2.6,1.3416407864998738,5.0
409,6.666666666666667,6.788470618138767,3.0
410,5.75,6.898067362191626,4.0
411,6.25,9.844626283748239,4.0
412,1.6666666666666667,0.5773502691896257,3.0
413,11.0,0,1.0
414,11.5,10.376254944182254,4.0
415,10.0,8.906926143924924,4.0
416,1.5,0.7071067811865476,2.0
417,8.25,8.261355820929154,4.0
418,4.0,4.242640687119285,2.0
419,8.0,8.48528137423857,2.0
420,4.8,7.429670248402684,5.0
421,5.388888888888889,7.557189365836423,9.0
422,4.666666666666667,3.7859388972001824,3.0
423,1.0,0,1.0
424,4.0,5.656854249492381,5.0
425,2.0,1.7320508075688772,3.0
426,3.0,3.4641016151377544,3.0
427,3.75,4.272001872658766,4.0
428,5.0,8.854377448471462,6.0
429,4.666666666666667,0.5773502691896258,3.0
430,21.5,13.435028842544403,2.0
431,1.5,0.7071067811865476,2.0
432,3.625,2.286737122335374,4.0
433,4.0,2.70801280154532,4.0
434,3.0,3.366501646120693,4.0
435,3.25,3.3128537546954893,6.0
436,6.0,7.571877794400365,4.0
437,6.0,3.6514837167011076,4.0
438,9.25,8.460693430998036,4.0
439,8.333333333333334,8.736894948054104,3.0
440,2.6666666666666665,2.0816659994661326,3.0
441,3.25,2.6299556396765835,4.0
442,1.5,0.7071067811865476,2.0
443,4.0,0,1.0
444,1.5,0.7071067811865476,2.0
445,1.5,0,1.0
446,9.5,4.949747468305833,2.0
447,2.3333333333333335,1.5275252316519468,3.0
448,1.0,0.0,2.0
449,1.3333333333333333,0.5773502691896257,3.0
450,5.333333333333333,4.041451884327381,3.0
451,2.0,1.7320508075688772,3.0
452,11.25,11.528949070347508,4.0
453,4.0,5.196152422706632,3.0
454,2.6666666666666665,2.886751345948129,3.0
455,1.0,0,1.0
456,1.0,0,1.0
457,19.5,16.263455967290593,2.0
458,4.5,3.5355339059327378,2.0
459,1.0,0.0,2.0
460,3.0,0,1.0
461,10.5,12.662279942148386,4.0
463,5.666666666666667,4.725815626252609,3.0
464,4.714285714285714,5.55920515044749,7.0
465,1.0,0,1.0
466,1.0,0,1.0
467,3.6666666666666665,4.618802153517007,3.0
468,2.0,0,1.0
469,6.0,5.597618541248888,4.0
470,13.0,9.899494936611665,2.0
472,7.0,10.03327796219494,4.0
473,1.0,0.0,3.0
474,2.25,1.0606601717798212,2.0
475,10.75,8.421203397773187,4.0
476,5.142857142857143,9.668308563352252,7.0
477,2.0,1.4142135623730951,4.0
478,16.0,21.213203435596427,2.0
479,5.0,0,1.0
480,14.0,0,1.0
481,2.8,2.6832815729997477,5.0
482,2.0,1.7320508075688772,3.0
483,1.5,0.7071067811865476,2.0
484,2.0,1.7320508075688772,3.0
485,2.1666666666666665,1.9407902170679516,6.0
486,3.5,2.0816659994661326,4.0
487,1.0,0,1.0
488,9.0,0.0,2.0
489,5.25,2.8722813232690143,4.0
490,5.0,7.314369419163897,5.0
491,4.5,3.1091263510296048,4.0
492,3.5,2.1213203435596424,2.0
493,9.25,12.120918557051139,4.0
494,9.333333333333334,5.507570547286102,3.0
495,16.666666666666668,13.576941236277534,3.0
496,3.4,2.5099800796022267,5.0
497,10.25,12.311918344975057,4.0
499,3.0,2.8284271247461903,2.0
500,1.0,0,1.0
501,6.0,7.0710678118654755,2.0
502,1.5,0.7071067811865476,2.0
503,2.0,0,1.0
504,11.833333333333334,7.182153808805082,3.0
505,11.0,5.656854249492381,2.0
506,8.333333333333334,10.214368964029708,3.0
507,1.0,0,1.0
509,11.25,10.3400515794974,4.0
510,8.333333333333334,12.701705922171767,3.0
511,2.5,2.1213203435596424,2.0
512,6.333333333333333,6.110100926607787,3.0
513,2.5,2.1213203435596424,2.0
515,2.5,2.1213203435596424,2.0
516,15.5,0.7071067811865476,2.0
519,1.0,0,1.0
520,23.0,0,1.0
521,1.0,0,1.0
522,3.5,3.5355339059327378,2.0
523,4.333333333333333,5.773502691896257,3.0
524,14.166666666666666,15.3324275094759,3.0
525,5.0,0,1.0
526,15.5,4.949747468305833,2.0
528,4.0,2.0,3.0
529,2.0,0,1.0
531,6.333333333333333,9.237604307034013,3.0
532,3.3333333333333335,4.041451884327381,3.0
533,22.0,0,1.0
534,2.0,0,1.0
535,11.0,0,1.0
536,11.0,4.242640687119285,2.0
537,7.0,0,1.0
538,2.5,0.7071067811865476,2.0
539,13.0,0,1.0
540,3.0,0,1.0
542,2.0,0,1.0
543,10.333333333333334,16.165807537309522,3.0
544,5.0,1.4142135623730951,2.0
546,4.5,3.5355339059327378,2.0
547,2.0,1.4142135623730951,2.0
548,10.0,11.63328557774343,4.0
549,8.0,0,1.0
551,1.0,0,1.0
553,9.0,0,1.0
554,4.0,3.0,3.0
556,1.0,0,1.0
558,1.0,0,1.0
559,2.75,0.3535533905932738,2.0
560,1.0,0,1.0
561,12.0,0,1.0
562,1.0,0,1.0
563,1.0,0,1.0
565,19.0,0,1.0
566,3.5,2.1213203435596424,2.0
567,1.0,0,1.0
570,2.0,0,1.0
571,20.0,0,1.0
572,1.5,0.7071067811865476,2.0
573,5.0,4.242640687119285,2.0
576,4.5,4.949747468305833,2.0
579,3.75,2.4748737341529163,2.0
582,1.0,0,1.0
584,1.0,0,1.0
585,16.0,19.79898987322333,2.0
586,2.3333333333333335,1.1547005383792515,3.0
587,1.0,0.0,2.0
588,1.0,0.0,2.0
591,2.0,0,1.0
592,1.3333333333333333,0.5773502691896257,3.0
594,1.0,0,1.0
595,17.0,0,1.0
596,8.5,3.5355339059327378,2.0
597,19.0,0,1.0
598,29.0,0,1.0
599,19.0,0,1.0
602,9.25,8.460693430998036,4.0
603,1.0,0,1.0
604,7.0,7.211102550927978,3.0
606,1.0,0.0,2.0
607,1.0,0,1.0
608,1.0,0,1.0
611,1.0,0,1.0
614,1.0,0,1.0
615,6.5,7.7781745930520225,2.0
616,1.0,0,1.0
619,1.0,0,1.0
623,10.0,12.727922061357855,2.0
624,13.0,16.97056274847714,2.0
625,4.0,0,1.0
626,8.0,0,1.0
627,16.0,0,1.0
629,1.0,0,1.0
632,26.0,0,1.0
638,3.0,0,1.0
639,1.0,0,1.0
641,10.0,0,1.0
643,6.0,0,1.0
647,5.5,0,1.0
655,1.0,0.0,2.0
657,1.0,0,1.0
660,1.0,0,1.0
667,5.0,0,1.0
674,1.0,0,1.0
688,5.0,0,1.0
704,6.0,0,1.0
705,1.0,0,1.0
708,2.0,0,1.0
710,21.0,0,1.0
717,17.0,0,1.0
721,28.0,0,1.0
726,1.0,0,1.0
743,1.0,0,1.0
747,3.0,0,1.0
752,1.0,0,1.0
755,1.0,0,1.0
756,13.0,0,1.0
759,1.0,0,1.0
769,1.0,0,1.0
776,1.5,0.7071067811865476,2.0
779,1.0,0,1.0
462,0,0,0
471,0,0,0
498,0,0,0
508,0,0,0
514,0,0,0
517,0,0,0
518,0,0,0
527,0,0,0
530,0,0,0
541,0,0,0
545,0,0,0
550,0,0,0
552,0,0,0
555,0,0,0
557,0,0,0
564,0,0,0
568,0,0,0
569,0,0,0
574,0,0,0
575,0,0,0
577,0,0,0
578,0,0,0
580,0,0,0
581,0,0,0
583,0,0,0
589,0,0,0
590,0,0,0
593,0,0,0
600,0,0,0
601,0,0,0
605,0,0,0
609,0,0,0
610,0,0,0
612,0,0,0
613,0,0,0
617,0,0,0
618,0,0,0
620,0,0,0
621,0,0,0
622,0,0,0
628,0,0,0
630,0,0,0
631,0,0,0
633,0,0,0
634,0,0,0
635,0,0,0
636,0,0,0
637,0,0,0
640,0,0,0
642,0,0,0
644,0,0,0
645,0,0,0
646,0,0,0
648,0,0,0
649,0,0,0
650,0,0,0
651,0,0,0
652,0,0,0
653,0,0,0
654,0,0,0
656,0,0,0
658,0,0,0
659,0,0,0
661,0,0,0
662,0,0,0
663,0,0,0
664,0,0,0
665,0,0,0
666,0,0,0
668,0,0,0
669,0,0,0
670,0,0,0
671,0,0,0
672,0,0,0
673,0,0,0
675,0,0,0
676,0,0,0
677,0,0,0
678,0,0,0
679,0,0,0
680,0,0,0
681,0,0,0
682,0,0,0
683,0,0,0
684,0,0,0
685,0,0,0
686,0,0,0
687,0,0,0
689,0,0,0
690,0,0,0
691,0,0,0
692,0,0,0
693,0,0,0
694,0,0,0
695,0,0,0
696,0,0,0
697,0,0,0
698,0,0,0
699,0,0,0
700,0,0,0
701,0,0,0
702,0,0,0
703,0,0,0
706,0,0,0
707,0,0,0
709,0,0,0
711,0,0,0
712,0,0,0
713,0,0,0
714,0,0,0
715,0,0,0
716,0,0,0
718,0,0,0
719,0,0,0
720,0,0,0
722,0,0,0
723,0,0,0
724,0,0,0
725,0,0,0
727,0,0,0
728,0,0,0
729,0,0,0
730,0,0,0
731,0,0,0
732,0,0,0
733,0,0,0
734,0,0,0
735,0,0,0
736,0,0,0
737,0,0,0
738,0,0,0
739,0,0,0
740,0,0,0
741,0,0,0
742,0,0,0
744,0,0,0
745,0,0,0
746,0,0,0
748,0,0,0
749,0,0,0
750,0,0,0
751,0,0,0
753,0,0,0
754,0,0,0
757,0,0,0
758,0,0,0
760,0,0,0
761,0,0,0
762,0,0,0
763,0,0,0
764,0,0,0
765,0,0,0
766,0,0,0
767,0,0,0
768,0,0,0
770,0,0,0
771,0,0,0
772,0,0,0
773,0,0,0
774,0,0,0
775,0,0,0
777,0,0,0
778,0,0,0
780,0,0,0
781,0,0,0
782,0,0,0
783,0,0,0
784,0,0,0
785,0,0,0
