distance,density
78.0,0.06086414624013294
77.0,0.06248731994319334
76.0,0.05150383330057008
75.0,0.057588705182983466
74.0,0.056576833839014816
73.0,0.05727715877437326
72.0,0.05693280902718413
71.0,0.0608187134502924
70.0,0.05734243014944769
69.0,0.054945054945054944
68.0,0.0610062893081761
67.0,0.05979189315111042
66.0,0.05898575149379501
65.0,0.05436746987951807
64.0,0.056693380825170676
63.0,0.05826099749889657
62.0,0.05250841012139827
61.0,0.05346820809248555
60.0,0.05462844102125232
59.0,0.057534633870511734
58.0,0.054575986565911
57.0,0.06191135734072022
56.0,0.056554564172958136
55.0,0.05307566684812194
54.0,0.04988539840906027
53.0,0.05361930294906166
52.0,0.050670241286863274
51.0,0.05187667560321716
50.0,0.05294906166219839
49.0,0.058176943699731906
48.0,0.0564343163538874
47.0,0.05348525469168901
46.0,0.05549597855227882
45.0,0.055361930294906166
44.0,0.05026809651474531
43.0,0.05134048257372654
42.0,0.051072386058981234
41.0,0.048927613941018765
40.0,0.05201072386058981
39.0,0.05335120643431635
38.0,0.04839142091152815
37.0,0.05026809651474531
36.0,0.05120643431635389
35.0,0.05013404825737265
34.0,0.052144772117962465
33.0,0.052412868632707776
32.0,0.04973190348525469
31.0,0.049597855227882036
30.0,0.05308310991957105
29.0,0.04932975871313673
28.0,0.05120643431635389
27.0,0.05093833780160858
26.0,0.05616621983914209
25.0,0.05187667560321716
24.0,0.04865951742627346
23.0,0.051474530831099194
22.0,0.05040214477211796
21.0,0.0467828418230563
20.0,0.049195710455764076
19.0,0.05187667560321716
18.0,0.049195710455764076
17.0,0.046380697050938335
16.0,0.05563002680965148
15.0,0.053217158176943696
14.0,0.05361930294906166
13.0,0.045308310991957104
12.0,0.05227882037533512
11.0,0.05160857908847185
10.0,0.045308310991957104
9.0,0.052412868632707776
8.0,0.045978552278820375
7.0,0.051474530831099194
6.0,0.05388739946380697
5.0,0.04624664879356569
4.0,0.048123324396782845
3.0,0.05361930294906166
2.0,0.05013404825737265
1.0,0.051742627345844505
0.0,0.04718498659517426
79.0,0.061654135338345864
80.0,0.05776255707762557
81.0,0.055196419691695676
82.0,0.06344571276878153
83.0,0.05975984361910081
84.0,0.06039488966318235
85.0,0.06290076335877863
86.0,0.06262425447316103
87.0,0.0645506419400856
88.0,0.052393516773464
89.0,0.06035171862509992
90.0,0.058174097664543525
91.0,0.060550458715596334
92.0,0.06388206388206388
93.0,0.06347554630593132
94.0,0.05534454693434617
95.0,0.057855927396483264
96.0,0.058823529411764705
97.0,0.06024844720496894
98.0,0.06347150259067358
99.0,0.06680161943319839
100.0,0.056962025316455694
101.0,0.06387665198237885
102.0,0.06867283950617284
103.0,0.0568
104.0,0.07551867219917012
105.0,0.0644883920894239
106.0,0.05665467625899281
107.0,0.07136150234741784
108.0,0.06207565470417071
109.0,0.06594488188976377
110.0,0.06585612968591692
111.0,0.06519453207150368
112.0,0.06652360515021459
113.0,0.07007786429365963
114.0,0.07622298065984073
115.0,0.05744431418522861
116.0,0.06463414634146342
117.0,0.06768837803320563
118.0,0.06612685560053981
119.0,0.07222222222222222
120.0,0.05555555555555555
121.0,0.07027818448023426
122.0,0.06554878048780488
123.0,0.061806656101426306
124.0,0.06260296540362438
125.0,0.061224489795918366
126.0,0.06794425087108014
127.0,0.08791208791208792
128.0,0.08045977011494253
129.0,0.07114624505928854
130.0,0.053169734151329244
131.0,0.06369426751592357
132.0,0.06768558951965066
133.0,0.07657657657657657
134.0,0.08009153318077804
135.0,0.0645933014354067
136.0,0.0707070707070707
137.0,0.06299212598425197
138.0,0.07567567567567568
139.0,0.07756232686980609
140.0,0.09302325581395349
141.0,0.05688622754491018
142.0,0.0759493670886076
143.0,0.0781758957654723
144.0,0.09556313993174062
145.0,0.08741258741258741
146.0,0.1039426523297491
147.0,0.056179775280898875
148.0,0.0933852140077821
149.0,0.06772908366533864
150.0,0.07851239669421488
151.0,0.08438818565400844
152.0,0.08583690987124463
153.0,0.10267857142857142
154.0,0.11059907834101383
155.0,0.09047619047619047
156.0,0.1323529411764706
157.0,0.08040201005025126
158.0,0.09230769230769231
159.0,0.07407407407407407
160.0,0.09042553191489362
161.0,0.08333333333333333
162.0,0.05747126436781609
163.0,0.08670520231213873
164.0,0.08187134502923976
165.0,0.10119047619047619
166.0,0.08982035928143713
167.0,0.0875
168.0,0.08860759493670886
169.0,0.09740259740259741
170.0,0.09933774834437085
171.0,0.039735099337748346
172.0,0.10067114093959731
173.0,0.08843537414965986
174.0,0.07692307692307693
175.0,0.05755395683453238
176.0,0.05755395683453238
177.0,0.06569343065693431
178.0,0.08759124087591241
179.0,0.10948905109489052
180.0,0.03676470588235294
181.0,0.09774436090225563
182.0,0.09230769230769231
183.0,0.09302325581395349
184.0,0.0873015873015873
185.0,0.10483870967741936
186.0,0.09090909090909091
187.0,0.11570247933884298
188.0,0.11016949152542373
189.0,0.061946902654867256
190.0,0.11504424778761062
191.0,0.11711711711711711
192.0,0.11009174311926606
193.0,0.0660377358490566
194.0,0.0761904761904762
195.0,0.08571428571428572
196.0,0.16346153846153846
197.0,0.0891089108910891
198.0,0.09900990099009901
199.0,0.1188118811881188
200.0,0.0891089108910891
201.0,0.0891089108910891
202.0,0.1
203.0,0.14432989690721648
204.0,0.10638297872340426
205.0,0.10989010989010989
206.0,0.13333333333333333
207.0,0.0898876404494382
208.0,0.07865168539325842
209.0,0.06896551724137931
210.0,0.09411764705882353
211.0,0.09411764705882353
212.0,0.13253012048192772
213.0,0.11392405063291139
214.0,0.11392405063291139
215.0,0.06329113924050633
216.0,0.10126582278481013
217.0,0.10126582278481013
218.0,0.10256410256410256
219.0,0.12987012987012986
220.0,0.06666666666666667
221.0,0.08
222.0,0.136986301369863
223.0,0.0958904109589041
224.0,0.0958904109589041
225.0,0.1111111111111111
226.0,0.1267605633802817
227.0,0.09859154929577464
228.0,0.15492957746478872
229.0,0.056338028169014086
230.0,0.057971014492753624
231.0,0.057971014492753624
232.0,0.057971014492753624
233.0,0.13043478260869565
234.0,0.08695652173913043
235.0,0.14492753623188406
236.0,0.057971014492753624
237.0,0.14492753623188406
238.0,0.10144927536231885
239.0,0.07246376811594203
240.0,0.07246376811594203
241.0,0.07352941176470588
242.0,0.07462686567164178
243.0,0.09836065573770492
244.0,0.09836065573770492
245.0,0.13114754098360656
246.0,0.06557377049180328
247.0,0.16393442622950818
248.0,0.06557377049180328
249.0,0.09836065573770492
250.0,0.14754098360655737
251.0,0.09836065573770492
252.0,0.13114754098360656
253.0,0.15254237288135594
254.0,0.1016949152542373
255.0,0.10344827586206896
256.0,0.12280701754385964
257.0,0.19298245614035087
258.0,0.12280701754385964
259.0,0.125
260.0,0.09090909090909091
261.0,0.1320754716981132
262.0,0.2641509433962264
263.0,0.11320754716981132
264.0,0.13725490196078433
265.0,0.1
266.0,0.20833333333333334
267.0,0.13636363636363635
268.0,0.23255813953488372
269.0,0.23255813953488372
270.0,0.13953488372093023
271.0,0.23255813953488372
272.0,0.09302325581395349
273.0,0.16666666666666666
274.0,0.0975609756097561
275.0,0.12195121951219512
276.0,0.15
277.0,0.05128205128205128
278.0,0.13513513513513514
279.0,0.10810810810810811
280.0,0.1891891891891892
281.0,0.08108108108108109
282.0,0.10810810810810811
283.0,0.16216216216216217
284.0,0.13513513513513514
285.0,0.13513513513513514
286.0,0.21621621621621623
287.0,0.16216216216216217
288.0,0.1891891891891892
289.0,0.10810810810810811
290.0,0.08108108108108109
291.0,0.21621621621621623
292.0,0.21621621621621623
293.0,0.13513513513513514
294.0,0.13513513513513514
295.0,0.24324324324324326
296.0,0.1891891891891892
297.0,0.1891891891891892
298.0,0.13513513513513514
299.0,0.08108108108108109
300.0,0.13513513513513514
301.0,0.21621621621621623
302.0,0.16216216216216217
303.0,0.16216216216216217
304.0,0.16216216216216217
305.0,0.21621621621621623
306.0,0.10810810810810811
307.0,0.08108108108108109
308.0,0.13513513513513514
309.0,0.16216216216216217
310.0,0.10810810810810811
311.0,0.2702702702702703
312.0,0.08333333333333333
313.0,0.14285714285714285
314.0,0.22857142857142856
315.0,0.029411764705882353
316.0,0.15151515151515152
317.0,0.15151515151515152
318.0,0.09090909090909091
319.0,0.15151515151515152
320.0,0.12121212121212122
321.0,0.12121212121212122
322.0,0.24242424242424243
323.0,0.21875
324.0,0.0967741935483871
325.0,0.12903225806451613
326.0,0.16129032258064516
327.0,0.16129032258064516
328.0,0.1724137931034483
329.0,0.06896551724137931
330.0,0.27586206896551724
331.0,0.20689655172413793
332.0,0.1724137931034483
333.0,0.20689655172413793
334.0,0.20689655172413793
335.0,0.20689655172413793
336.0,0.27586206896551724
337.0,0.10344827586206896
338.0,0.034482758620689655
339.0,0.13793103448275862
340.0,0.20689655172413793
341.0,0.13793103448275862
342.0,0.06896551724137931
343.0,0.06896551724137931
344.0,0.10344827586206896
345.0,0.13793103448275862
346.0,0.20689655172413793
347.0,0.1111111111111111
348.0,0.1111111111111111
349.0,0.14814814814814814
350.0,0.07407407407407407
351.0,0.14814814814814814
352.0,0.07407407407407407
353.0,0.1111111111111111
354.0,0.2222222222222222
355.0,0.2222222222222222
356.0,0.2222222222222222
357.0,0.037037037037037035
358.0,0.14814814814814814
359.0,0.0
360.0,0.12
361.0,0.12
362.0,0.04
363.0,0.16
364.0,0.08
365.0,0.08
366.0,0.08333333333333333
367.0,0.17391304347826086
368.0,0.043478260869565216
369.0,0.043478260869565216
370.0,0.043478260869565216
371.0,0.08695652173913043
372.0,0.08695652173913043
373.0,0.0
374.0,0.09523809523809523
375.0,0.19047619047619047
376.0,0.14285714285714285
377.0,0.09523809523809523
378.0,0.09523809523809523
379.0,0.14285714285714285
380.0,0.047619047619047616
381.0,0.14285714285714285
382.0,0.047619047619047616
383.0,0.10526315789473684
384.0,0.0
385.0,0.10526315789473684
386.0,0.23529411764705882
387.0,0.0
388.0,0.0
389.0,0.11764705882352941
390.0,0.058823529411764705
391.0,0.11764705882352941
392.0,0.058823529411764705
393.0,0.0
394.0,0.23529411764705882
395.0,0.11764705882352941
396.0,0.0
397.0,0.17647058823529413
398.0,0.17647058823529413
399.0,0.058823529411764705
400.0,0.11764705882352941
401.0,0.058823529411764705
402.0,0.058823529411764705
403.0,0.058823529411764705
404.0,0.11764705882352941
405.0,0.0
406.0,0.11764705882352941
407.0,0.11764705882352941
408.0,0.058823529411764705
409.0,0.0
410.0,0.11764705882352941
411.0,0.11764705882352941
412.0,0.1875
413.0,0.13333333333333333
414.0,0.13333333333333333
415.0,0.13333333333333333
416.0,0.14285714285714285
417.0,0.07692307692307693
418.0,0.07692307692307693
419.0,0.15384615384615385
420.0,0.0
421.0,0.25
422.0,0.09090909090909091
423.0,0.0
424.0,0.18181818181818182
425.0,0.09090909090909091
426.0,0.0
427.0,0.0
428.0,0.2
429.0,0.2
430.0,0.2
431.0,0.0
432.0,0.0
433.0,0.2
434.0,0.3
435.0,0.0
436.0,0.0
437.0,0.1
438.0,0.0
439.0,0.3
440.0,0.1
441.0,0.1
442.0,0.2
443.0,0.0
444.0,0.1
445.0,0.1
446.0,0.1
447.0,0.3
448.0,0.1
449.0,0.1
450.0,0.1
451.0,0.0
452.0,0.0
453.0,0.2
454.0,0.0
455.0,0.1
456.0,0.2
457.0,0.1
458.0,0.2
459.0,0.0
460.0,0.0
461.0,0.1
462.0,0.3
463.0,0.2
464.0,0.3
465.0,0.0
466.0,0.2
467.0,0.1
468.0,0.1
469.0,0.3
470.0,0.1
471.0,0.2
472.0,0.0
473.0,0.0
474.0,0.3
475.0,0.0
476.0,0.3
477.0,0.2
478.0,0.1
479.0,0.3
480.0,0.1
481.0,0.0
482.0,0.0
483.0,0.1
484.0,0.3
485.0,0.2
486.0,0.1
487.0,0.2
488.0,0.0
489.0,0.1
490.0,0.0
491.0,0.0
492.0,0.2
493.0,0.2
494.0,0.2
495.0,0.0
496.0,0.2
497.0,0.2
498.0,0.1
499.0,0.0
500.0,0.1
501.0,0.2
502.0,0.0
503.0,0.1
504.0,0.1
505.0,0.0
506.0,0.0
507.0,0.2
508.0,0.0
509.0,0.1
510.0,0.1
511.0,0.2
512.0,0.1
513.0,0.2
514.0,0.1
515.0,0.0
516.0,0.1
517.0,0.2
518.0,0.0
519.0,0.0
520.0,0.2
521.0,0.1
522.0,0.2
523.0,0.1
524.0,0.1
525.0,0.1
526.0,0.1
527.0,0.1111111111111111
528.0,0.25
529.0,0.125
530.0,0.0
531.0,0.16666666666666666
532.0,0.16666666666666666
533.0,0.0
534.0,0.16666666666666666
535.0,0.3333333333333333
536.0,0.0
537.0,0.5
538.0,0.0
539.0,0.0
540.0,0.0
541.0,0.0
542.0,0.3333333333333333
543.0,0.0
544.0,0.16666666666666666
545.0,0.16666666666666666
546.0,0.3333333333333333
547.0,0.16666666666666666
548.0,0.3333333333333333
549.0,0.2
550.0,0.25
551.0,0.25
552.0,0.25
553.0,0.0
554.0,0.25
555.0,0.25
556.0,0.5
557.0,0.5
558.0,0.0
559.0,0.0
560.0,0.0
561.0,0.5
562.0,0.0
563.0,0.0
564.0,0.0
565.0,0.0
566.0,0.5
567.0,0.0
568.0,0.0
569.0,0.0
570.0,0.0
571.0,0.0
572.0,0.0
573.0,0.0
574.0,0.5
575.0,0.5
576.0,0.0
577.0,0.0
578.0,0.0
579.0,0.0
580.0,0.5
581.0,0.0
582.0,0.0
583.0,0.0
584.0,0.0
585.0,0.0
586.0,0.0
587.0,0.0
588.0,0.5
589.0,0.5
590.0,0.0
591.0,0.0
592.0,0.0
593.0,0.0
594.0,0.5
595.0,0.0
