Distance_Bin,Value,Bin_Center,Density_per_bp
"[-929500.0, -928500.0)",0,-929000.0,0.0
"[-928500.0, -927500.0)",0,-928000.0,0.0
"[-927500.0, -926500.0)",0,-927000.0,0.0
"[-926500.0, -925500.0)",0,-926000.0,0.0
"[-925500.0, -924500.0)",0,-925000.0,0.0
"[-924500.0, -923500.0)",0,-924000.0,0.0
"[-923500.0, -922500.0)",0,-923000.0,0.0
"[-922500.0, -921500.0)",0,-922000.0,0.0
"[-921500.0, -920500.0)",0,-921000.0,0.0
"[-920500.0, -919500.0)",0,-920000.0,0.0
"[-919500.0, -918500.0)",0,-919000.0,0.0
"[-918500.0, -917500.0)",0,-918000.0,0.0
"[-917500.0, -916500.0)",0,-917000.0,0.0
"[-916500.0, -915500.0)",0,-916000.0,0.0
"[-915500.0, -914500.0)",0,-915000.0,0.0
"[-914500.0, -913500.0)",0,-914000.0,0.0
"[-913500.0, -912500.0)",0,-913000.0,0.0
"[-912500.0, -911500.0)",0,-912000.0,0.0
"[-911500.0, -910500.0)",0,-911000.0,0.0
"[-910500.0, -909500.0)",0,-910000.0,0.0
"[-909500.0, -908500.0)",0,-909000.0,0.0
"[-908500.0, -907500.0)",0,-908000.0,0.0
"[-907500.0, -906500.0)",0,-907000.0,0.0
"[-906500.0, -905500.0)",0,-906000.0,0.0
"[-905500.0, -904500.0)",0,-905000.0,0.0
"[-904500.0, -903500.0)",0,-904000.0,0.0
"[-903500.0, -902500.0)",0,-903000.0,0.0
"[-902500.0, -901500.0)",0,-902000.0,0.0
"[-901500.0, -900500.0)",0,-901000.0,0.0
"[-900500.0, -899500.0)",0,-900000.0,0.0
"[-899500.0, -898500.0)",0,-899000.0,0.0
"[-898500.0, -897500.0)",0,-898000.0,0.0
"[-897500.0, -896500.0)",0,-897000.0,0.0
"[-896500.0, -895500.0)",0,-896000.0,0.0
"[-895500.0, -894500.0)",0,-895000.0,0.0
"[-894500.0, -893500.0)",0,-894000.0,0.0
"[-893500.0, -892500.0)",0,-893000.0,0.0
"[-892500.0, -891500.0)",0,-892000.0,0.0
"[-891500.0, -890500.0)",0,-891000.0,0.0
"[-890500.0, -889500.0)",0,-890000.0,0.0
"[-889500.0, -888500.0)",0,-889000.0,0.0
"[-888500.0, -887500.0)",0,-888000.0,0.0
"[-887500.0, -886500.0)",0,-887000.0,0.0
"[-886500.0, -885500.0)",0,-886000.0,0.0
"[-885500.0, -884500.0)",0,-885000.0,0.0
"[-884500.0, -883500.0)",0,-884000.0,0.0
"[-883500.0, -882500.0)",0,-883000.0,0.0
"[-882500.0, -881500.0)",0,-882000.0,0.0
"[-881500.0, -880500.0)",0,-881000.0,0.0
"[-880500.0, -879500.0)",0,-880000.0,0.0
"[-879500.0, -878500.0)",0,-879000.0,0.0
"[-878500.0, -877500.0)",0,-878000.0,0.0
"[-877500.0, -876500.0)",0,-877000.0,0.0
"[-876500.0, -875500.0)",0,-876000.0,0.0
"[-875500.0, -874500.0)",0,-875000.0,0.0
"[-874500.0, -873500.0)",0,-874000.0,0.0
"[-873500.0, -872500.0)",0,-873000.0,0.0
"[-872500.0, -871500.0)",0,-872000.0,0.0
"[-871500.0, -870500.0)",0,-871000.0,0.0
"[-870500.0, -869500.0)",0,-870000.0,0.0
"[-869500.0, -868500.0)",0,-869000.0,0.0
"[-868500.0, -867500.0)",0,-868000.0,0.0
"[-867500.0, -866500.0)",0,-867000.0,0.0
"[-866500.0, -865500.0)",0,-866000.0,0.0
"[-865500.0, -864500.0)",0,-865000.0,0.0
"[-864500.0, -863500.0)",0,-864000.0,0.0
"[-863500.0, -862500.0)",0,-863000.0,0.0
"[-862500.0, -861500.0)",0,-862000.0,0.0
"[-861500.0, -860500.0)",0,-861000.0,0.0
"[-860500.0, -859500.0)",0,-860000.0,0.0
"[-859500.0, -858500.0)",0,-859000.0,0.0
"[-858500.0, -857500.0)",0,-858000.0,0.0
"[-857500.0, -856500.0)",0,-857000.0,0.0
"[-856500.0, -855500.0)",0,-856000.0,0.0
"[-855500.0, -854500.0)",0,-855000.0,0.0
"[-854500.0, -853500.0)",0,-854000.0,0.0
"[-853500.0, -852500.0)",0,-853000.0,0.0
"[-852500.0, -851500.0)",0,-852000.0,0.0
"[-851500.0, -850500.0)",0,-851000.0,0.0
"[-850500.0, -849500.0)",0,-850000.0,0.0
"[-849500.0, -848500.0)",0,-849000.0,0.0
"[-848500.0, -847500.0)",0,-848000.0,0.0
"[-847500.0, -846500.0)",0,-847000.0,0.0
"[-846500.0, -845500.0)",0,-846000.0,0.0
"[-845500.0, -844500.0)",0,-845000.0,0.0
"[-844500.0, -843500.0)",0,-844000.0,0.0
"[-843500.0, -842500.0)",0,-843000.0,0.0
"[-842500.0, -841500.0)",0,-842000.0,0.0
"[-841500.0, -840500.0)",0,-841000.0,0.0
"[-840500.0, -839500.0)",0,-840000.0,0.0
"[-839500.0, -838500.0)",0,-839000.0,0.0
"[-838500.0, -837500.0)",0,-838000.0,0.0
"[-837500.0, -836500.0)",0,-837000.0,0.0
"[-836500.0, -835500.0)",0,-836000.0,0.0
"[-835500.0, -834500.0)",0,-835000.0,0.0
"[-834500.0, -833500.0)",0,-834000.0,0.0
"[-833500.0, -832500.0)",0,-833000.0,0.0
"[-832500.0, -831500.0)",0,-832000.0,0.0
"[-831500.0, -830500.0)",0,-831000.0,0.0
"[-830500.0, -829500.0)",0,-830000.0,0.0
"[-829500.0, -828500.0)",0,-829000.0,0.0
"[-828500.0, -827500.0)",0,-828000.0,0.0
"[-827500.0, -826500.0)",0,-827000.0,0.0
"[-826500.0, -825500.0)",0,-826000.0,0.0
"[-825500.0, -824500.0)",0,-825000.0,0.0
"[-824500.0, -823500.0)",0,-824000.0,0.0
"[-823500.0, -822500.0)",0,-823000.0,0.0
"[-822500.0, -821500.0)",0,-822000.0,0.0
"[-821500.0, -820500.0)",0,-821000.0,0.0
"[-820500.0, -819500.0)",0,-820000.0,0.0
"[-819500.0, -818500.0)",0,-819000.0,0.0
"[-818500.0, -817500.0)",0,-818000.0,0.0
"[-817500.0, -816500.0)",0,-817000.0,0.0
"[-816500.0, -815500.0)",0,-816000.0,0.0
"[-815500.0, -814500.0)",0,-815000.0,0.0
"[-814500.0, -813500.0)",0,-814000.0,0.0
"[-813500.0, -812500.0)",0,-813000.0,0.0
"[-812500.0, -811500.0)",0,-812000.0,0.0
"[-811500.0, -810500.0)",0,-811000.0,0.0
"[-810500.0, -809500.0)",0,-810000.0,0.0
"[-809500.0, -808500.0)",0,-809000.0,0.0
"[-808500.0, -807500.0)",0,-808000.0,0.0
"[-807500.0, -806500.0)",0,-807000.0,0.0
"[-806500.0, -805500.0)",0,-806000.0,0.0
"[-805500.0, -804500.0)",0,-805000.0,0.0
"[-804500.0, -803500.0)",0,-804000.0,0.0
"[-803500.0, -802500.0)",0,-803000.0,0.0
"[-802500.0, -801500.0)",0,-802000.0,0.0
"[-801500.0, -800500.0)",0,-801000.0,0.0
"[-800500.0, -799500.0)",0,-800000.0,0.0
"[-799500.0, -798500.0)",0,-799000.0,0.0
"[-798500.0, -797500.0)",0,-798000.0,0.0
"[-797500.0, -796500.0)",0,-797000.0,0.0
"[-796500.0, -795500.0)",0,-796000.0,0.0
"[-795500.0, -794500.0)",0,-795000.0,0.0
"[-794500.0, -793500.0)",0,-794000.0,0.0
"[-793500.0, -792500.0)",0,-793000.0,0.0
"[-792500.0, -791500.0)",0,-792000.0,0.0
"[-791500.0, -790500.0)",0,-791000.0,0.0
"[-790500.0, -789500.0)",0,-790000.0,0.0
"[-789500.0, -788500.0)",0,-789000.0,0.0
"[-788500.0, -787500.0)",0,-788000.0,0.0
"[-787500.0, -786500.0)",0,-787000.0,0.0
"[-786500.0, -785500.0)",0,-786000.0,0.0
"[-785500.0, -784500.0)",0,-785000.0,0.0
"[-784500.0, -783500.0)",0,-784000.0,0.0
"[-783500.0, -782500.0)",0,-783000.0,0.0
"[-782500.0, -781500.0)",0,-782000.0,0.0
"[-781500.0, -780500.0)",0,-781000.0,0.0
"[-780500.0, -779500.0)",0,-780000.0,0.0
"[-779500.0, -778500.0)",0,-779000.0,0.0
"[-778500.0, -777500.0)",0,-778000.0,0.0
"[-777500.0, -776500.0)",0,-777000.0,0.0
"[-776500.0, -775500.0)",0,-776000.0,0.0
"[-775500.0, -774500.0)",0,-775000.0,0.0
"[-774500.0, -773500.0)",0,-774000.0,0.0
"[-773500.0, -772500.0)",0,-773000.0,0.0
"[-772500.0, -771500.0)",0,-772000.0,0.0
"[-771500.0, -770500.0)",0,-771000.0,0.0
"[-770500.0, -769500.0)",0,-770000.0,0.0
"[-769500.0, -768500.0)",0,-769000.0,0.0
"[-768500.0, -767500.0)",0,-768000.0,0.0
"[-767500.0, -766500.0)",0,-767000.0,0.0
"[-766500.0, -765500.0)",0,-766000.0,0.0
"[-765500.0, -764500.0)",0,-765000.0,0.0
"[-764500.0, -763500.0)",0,-764000.0,0.0
"[-763500.0, -762500.0)",0,-763000.0,0.0
"[-762500.0, -761500.0)",0,-762000.0,0.0
"[-761500.0, -760500.0)",0,-761000.0,0.0
"[-760500.0, -759500.0)",0,-760000.0,0.0
"[-759500.0, -758500.0)",0,-759000.0,0.0
"[-758500.0, -757500.0)",0,-758000.0,0.0
"[-757500.0, -756500.0)",0,-757000.0,0.0
"[-756500.0, -755500.0)",0,-756000.0,0.0
"[-755500.0, -754500.0)",0,-755000.0,0.0
"[-754500.0, -753500.0)",0,-754000.0,0.0
"[-753500.0, -752500.0)",0,-753000.0,0.0
"[-752500.0, -751500.0)",0,-752000.0,0.0
"[-751500.0, -750500.0)",0,-751000.0,0.0
"[-750500.0, -749500.0)",0,-750000.0,0.0
"[-749500.0, -748500.0)",0,-749000.0,0.0
"[-748500.0, -747500.0)",0,-748000.0,0.0
"[-747500.0, -746500.0)",0,-747000.0,0.0
"[-746500.0, -745500.0)",0,-746000.0,0.0
"[-745500.0, -744500.0)",0,-745000.0,0.0
"[-744500.0, -743500.0)",0,-744000.0,0.0
"[-743500.0, -742500.0)",0,-743000.0,0.0
"[-742500.0, -741500.0)",0,-742000.0,0.0
"[-741500.0, -740500.0)",0,-741000.0,0.0
"[-740500.0, -739500.0)",0,-740000.0,0.0
"[-739500.0, -738500.0)",0,-739000.0,0.0
"[-738500.0, -737500.0)",0,-738000.0,0.0
"[-737500.0, -736500.0)",0,-737000.0,0.0
"[-736500.0, -735500.0)",0,-736000.0,0.0
"[-735500.0, -734500.0)",0,-735000.0,0.0
"[-734500.0, -733500.0)",0,-734000.0,0.0
"[-733500.0, -732500.0)",0,-733000.0,0.0
"[-732500.0, -731500.0)",0,-732000.0,0.0
"[-731500.0, -730500.0)",0,-731000.0,0.0
"[-730500.0, -729500.0)",0,-730000.0,0.0
"[-729500.0, -728500.0)",0,-729000.0,0.0
"[-728500.0, -727500.0)",0,-728000.0,0.0
"[-727500.0, -726500.0)",0,-727000.0,0.0
"[-726500.0, -725500.0)",0,-726000.0,0.0
"[-725500.0, -724500.0)",0,-725000.0,0.0
"[-724500.0, -723500.0)",0,-724000.0,0.0
"[-723500.0, -722500.0)",0,-723000.0,0.0
"[-722500.0, -721500.0)",0,-722000.0,0.0
"[-721500.0, -720500.0)",0,-721000.0,0.0
"[-720500.0, -719500.0)",0,-720000.0,0.0
"[-719500.0, -718500.0)",0,-719000.0,0.0
"[-718500.0, -717500.0)",0,-718000.0,0.0
"[-717500.0, -716500.0)",0,-717000.0,0.0
"[-716500.0, -715500.0)",0,-716000.0,0.0
"[-715500.0, -714500.0)",0,-715000.0,0.0
"[-714500.0, -713500.0)",0,-714000.0,0.0
"[-713500.0, -712500.0)",0,-713000.0,0.0
"[-712500.0, -711500.0)",0,-712000.0,0.0
"[-711500.0, -710500.0)",0,-711000.0,0.0
"[-710500.0, -709500.0)",0,-710000.0,0.0
"[-709500.0, -708500.0)",0,-709000.0,0.0
"[-708500.0, -707500.0)",0,-708000.0,0.0
"[-707500.0, -706500.0)",0,-707000.0,0.0
"[-706500.0, -705500.0)",0,-706000.0,0.0
"[-705500.0, -704500.0)",0,-705000.0,0.0
"[-704500.0, -703500.0)",0,-704000.0,0.0
"[-703500.0, -702500.0)",0,-703000.0,0.0
"[-702500.0, -701500.0)",0,-702000.0,0.0
"[-701500.0, -700500.0)",0,-701000.0,0.0
"[-700500.0, -699500.0)",0,-700000.0,0.0
"[-699500.0, -698500.0)",0,-699000.0,0.0
"[-698500.0, -697500.0)",0,-698000.0,0.0
"[-697500.0, -696500.0)",0,-697000.0,0.0
"[-696500.0, -695500.0)",0,-696000.0,0.0
"[-695500.0, -694500.0)",0,-695000.0,0.0
"[-694500.0, -693500.0)",0,-694000.0,0.0
"[-693500.0, -692500.0)",0,-693000.0,0.0
"[-692500.0, -691500.0)",0,-692000.0,0.0
"[-691500.0, -690500.0)",0,-691000.0,0.0
"[-690500.0, -689500.0)",0,-690000.0,0.0
"[-689500.0, -688500.0)",0,-689000.0,0.0
"[-688500.0, -687500.0)",0,-688000.0,0.0
"[-687500.0, -686500.0)",0,-687000.0,0.0
"[-686500.0, -685500.0)",0,-686000.0,0.0
"[-685500.0, -684500.0)",0,-685000.0,0.0
"[-684500.0, -683500.0)",0,-684000.0,0.0
"[-683500.0, -682500.0)",0,-683000.0,0.0
"[-682500.0, -681500.0)",0,-682000.0,0.0
"[-681500.0, -680500.0)",0,-681000.0,0.0
"[-680500.0, -679500.0)",0,-680000.0,0.0
"[-679500.0, -678500.0)",0,-679000.0,0.0
"[-678500.0, -677500.0)",0,-678000.0,0.0
"[-677500.0, -676500.0)",0,-677000.0,0.0
"[-676500.0, -675500.0)",0,-676000.0,0.0
"[-675500.0, -674500.0)",0,-675000.0,0.0
"[-674500.0, -673500.0)",0,-674000.0,0.0
"[-673500.0, -672500.0)",0,-673000.0,0.0
"[-672500.0, -671500.0)",0,-672000.0,0.0
"[-671500.0, -670500.0)",0,-671000.0,0.0
"[-670500.0, -669500.0)",0,-670000.0,0.0
"[-669500.0, -668500.0)",0,-669000.0,0.0
"[-668500.0, -667500.0)",0,-668000.0,0.0
"[-667500.0, -666500.0)",0,-667000.0,0.0
"[-666500.0, -665500.0)",0,-666000.0,0.0
"[-665500.0, -664500.0)",0,-665000.0,0.0
"[-664500.0, -663500.0)",0,-664000.0,0.0
"[-663500.0, -662500.0)",0,-663000.0,0.0
"[-662500.0, -661500.0)",0,-662000.0,0.0
"[-661500.0, -660500.0)",0,-661000.0,0.0
"[-660500.0, -659500.0)",0,-660000.0,0.0
"[-659500.0, -658500.0)",0,-659000.0,0.0
"[-658500.0, -657500.0)",0,-658000.0,0.0
"[-657500.0, -656500.0)",0,-657000.0,0.0
"[-656500.0, -655500.0)",0,-656000.0,0.0
"[-655500.0, -654500.0)",0,-655000.0,0.0
"[-654500.0, -653500.0)",0,-654000.0,0.0
"[-653500.0, -652500.0)",0,-653000.0,0.0
"[-652500.0, -651500.0)",0,-652000.0,0.0
"[-651500.0, -650500.0)",0,-651000.0,0.0
"[-650500.0, -649500.0)",0,-650000.0,0.0
"[-649500.0, -648500.0)",0,-649000.0,0.0
"[-648500.0, -647500.0)",0,-648000.0,0.0
"[-647500.0, -646500.0)",0,-647000.0,0.0
"[-646500.0, -645500.0)",0,-646000.0,0.0
"[-645500.0, -644500.0)",0,-645000.0,0.0
"[-644500.0, -643500.0)",0,-644000.0,0.0
"[-643500.0, -642500.0)",0,-643000.0,0.0
"[-642500.0, -641500.0)",0,-642000.0,0.0
"[-641500.0, -640500.0)",0,-641000.0,0.0
"[-640500.0, -639500.0)",0,-640000.0,0.0
"[-639500.0, -638500.0)",0,-639000.0,0.0
"[-638500.0, -637500.0)",0,-638000.0,0.0
"[-637500.0, -636500.0)",0,-637000.0,0.0
"[-636500.0, -635500.0)",0,-636000.0,0.0
"[-635500.0, -634500.0)",0,-635000.0,0.0
"[-634500.0, -633500.0)",0,-634000.0,0.0
"[-633500.0, -632500.0)",0,-633000.0,0.0
"[-632500.0, -631500.0)",0,-632000.0,0.0
"[-631500.0, -630500.0)",0,-631000.0,0.0
"[-630500.0, -629500.0)",0,-630000.0,0.0
"[-629500.0, -628500.0)",0,-629000.0,0.0
"[-628500.0, -627500.0)",0,-628000.0,0.0
"[-627500.0, -626500.0)",0,-627000.0,0.0
"[-626500.0, -625500.0)",0,-626000.0,0.0
"[-625500.0, -624500.0)",0,-625000.0,0.0
"[-624500.0, -623500.0)",0,-624000.0,0.0
"[-623500.0, -622500.0)",0,-623000.0,0.0
"[-622500.0, -621500.0)",0,-622000.0,0.0
"[-621500.0, -620500.0)",0,-621000.0,0.0
"[-620500.0, -619500.0)",0,-620000.0,0.0
"[-619500.0, -618500.0)",0,-619000.0,0.0
"[-618500.0, -617500.0)",0,-618000.0,0.0
"[-617500.0, -616500.0)",0,-617000.0,0.0
"[-616500.0, -615500.0)",0,-616000.0,0.0
"[-615500.0, -614500.0)",0,-615000.0,0.0
"[-614500.0, -613500.0)",0,-614000.0,0.0
"[-613500.0, -612500.0)",0,-613000.0,0.0
"[-612500.0, -611500.0)",0,-612000.0,0.0
"[-611500.0, -610500.0)",0,-611000.0,0.0
"[-610500.0, -609500.0)",0,-610000.0,0.0
"[-609500.0, -608500.0)",0,-609000.0,0.0
"[-608500.0, -607500.0)",0,-608000.0,0.0
"[-607500.0, -606500.0)",0,-607000.0,0.0
"[-606500.0, -605500.0)",0,-606000.0,0.0
"[-605500.0, -604500.0)",0,-605000.0,0.0
"[-604500.0, -603500.0)",0,-604000.0,0.0
"[-603500.0, -602500.0)",0,-603000.0,0.0
"[-602500.0, -601500.0)",0,-602000.0,0.0
"[-601500.0, -600500.0)",0,-601000.0,0.0
"[-600500.0, -599500.0)",0,-600000.0,0.0
"[-599500.0, -598500.0)",0,-599000.0,0.0
"[-598500.0, -597500.0)",0,-598000.0,0.0
"[-597500.0, -596500.0)",0,-597000.0,0.0
"[-596500.0, -595500.0)",0,-596000.0,0.0
"[-595500.0, -594500.0)",0,-595000.0,0.0
"[-594500.0, -593500.0)",0,-594000.0,0.0
"[-593500.0, -592500.0)",0,-593000.0,0.0
"[-592500.0, -591500.0)",0,-592000.0,0.0
"[-591500.0, -590500.0)",0,-591000.0,0.0
"[-590500.0, -589500.0)",0,-590000.0,0.0
"[-589500.0, -588500.0)",0,-589000.0,0.0
"[-588500.0, -587500.0)",0,-588000.0,0.0
"[-587500.0, -586500.0)",0,-587000.0,0.0
"[-586500.0, -585500.0)",0,-586000.0,0.0
"[-585500.0, -584500.0)",0,-585000.0,0.0
"[-584500.0, -583500.0)",0,-584000.0,0.0
"[-583500.0, -582500.0)",0,-583000.0,0.0
"[-582500.0, -581500.0)",0,-582000.0,0.0
"[-581500.0, -580500.0)",0,-581000.0,0.0
"[-580500.0, -579500.0)",0,-580000.0,0.0
"[-579500.0, -578500.0)",0,-579000.0,0.0
"[-578500.0, -577500.0)",0,-578000.0,0.0
"[-577500.0, -576500.0)",0,-577000.0,0.0
"[-576500.0, -575500.0)",0,-576000.0,0.0
"[-575500.0, -574500.0)",0,-575000.0,0.0
"[-574500.0, -573500.0)",0,-574000.0,0.0
"[-573500.0, -572500.0)",0,-573000.0,0.0
"[-572500.0, -571500.0)",0,-572000.0,0.0
"[-571500.0, -570500.0)",0,-571000.0,0.0
"[-570500.0, -569500.0)",0,-570000.0,0.0
"[-569500.0, -568500.0)",0,-569000.0,0.0
"[-568500.0, -567500.0)",0,-568000.0,0.0
"[-567500.0, -566500.0)",0,-567000.0,0.0
"[-566500.0, -565500.0)",0,-566000.0,0.0
"[-565500.0, -564500.0)",0,-565000.0,0.0
"[-564500.0, -563500.0)",0,-564000.0,0.0
"[-563500.0, -562500.0)",0,-563000.0,0.0
"[-562500.0, -561500.0)",0,-562000.0,0.0
"[-561500.0, -560500.0)",0,-561000.0,0.0
"[-560500.0, -559500.0)",0,-560000.0,0.0
"[-559500.0, -558500.0)",0,-559000.0,0.0
"[-558500.0, -557500.0)",0,-558000.0,0.0
"[-557500.0, -556500.0)",0,-557000.0,0.0
"[-556500.0, -555500.0)",0,-556000.0,0.0
"[-555500.0, -554500.0)",0,-555000.0,0.0
"[-554500.0, -553500.0)",0,-554000.0,0.0
"[-553500.0, -552500.0)",0,-553000.0,0.0
"[-552500.0, -551500.0)",0,-552000.0,0.0
"[-551500.0, -550500.0)",0,-551000.0,0.0
"[-550500.0, -549500.0)",0,-550000.0,0.0
"[-549500.0, -548500.0)",0,-549000.0,0.0
"[-548500.0, -547500.0)",0,-548000.0,0.0
"[-547500.0, -546500.0)",0,-547000.0,0.0
"[-546500.0, -545500.0)",0,-546000.0,0.0
"[-545500.0, -544500.0)",0,-545000.0,0.0
"[-544500.0, -543500.0)",0,-544000.0,0.0
"[-543500.0, -542500.0)",0,-543000.0,0.0
"[-542500.0, -541500.0)",0,-542000.0,0.0
"[-541500.0, -540500.0)",0,-541000.0,0.0
"[-540500.0, -539500.0)",0,-540000.0,0.0
"[-539500.0, -538500.0)",0,-539000.0,0.0
"[-538500.0, -537500.0)",0,-538000.0,0.0
"[-537500.0, -536500.0)",0,-537000.0,0.0
"[-536500.0, -535500.0)",0,-536000.0,0.0
"[-535500.0, -534500.0)",0,-535000.0,0.0
"[-534500.0, -533500.0)",0,-534000.0,0.0
"[-533500.0, -532500.0)",0,-533000.0,0.0
"[-532500.0, -531500.0)",0,-532000.0,0.0
"[-531500.0, -530500.0)",0,-531000.0,0.0
"[-530500.0, -529500.0)",0,-530000.0,0.0
"[-529500.0, -528500.0)",0,-529000.0,0.0
"[-528500.0, -527500.0)",0,-528000.0,0.0
"[-527500.0, -526500.0)",0,-527000.0,0.0
"[-526500.0, -525500.0)",0,-526000.0,0.0
"[-525500.0, -524500.0)",0,-525000.0,0.0
"[-524500.0, -523500.0)",0,-524000.0,0.0
"[-523500.0, -522500.0)",0,-523000.0,0.0
"[-522500.0, -521500.0)",0,-522000.0,0.0
"[-521500.0, -520500.0)",0,-521000.0,0.0
"[-520500.0, -519500.0)",0,-520000.0,0.0
"[-519500.0, -518500.0)",0,-519000.0,0.0
"[-518500.0, -517500.0)",0,-518000.0,0.0
"[-517500.0, -516500.0)",0,-517000.0,0.0
"[-516500.0, -515500.0)",0,-516000.0,0.0
"[-515500.0, -514500.0)",0,-515000.0,0.0
"[-514500.0, -513500.0)",0,-514000.0,0.0
"[-513500.0, -512500.0)",0,-513000.0,0.0
"[-512500.0, -511500.0)",0,-512000.0,0.0
"[-511500.0, -510500.0)",0,-511000.0,0.0
"[-510500.0, -509500.0)",0,-510000.0,0.0
"[-509500.0, -508500.0)",0,-509000.0,0.0
"[-508500.0, -507500.0)",0,-508000.0,0.0
"[-507500.0, -506500.0)",0,-507000.0,0.0
"[-506500.0, -505500.0)",0,-506000.0,0.0
"[-505500.0, -504500.0)",0,-505000.0,0.0
"[-504500.0, -503500.0)",0,-504000.0,0.0
"[-503500.0, -502500.0)",0,-503000.0,0.0
"[-502500.0, -501500.0)",0,-502000.0,0.0
"[-501500.0, -500500.0)",0,-501000.0,0.0
"[-500500.0, -499500.0)",0,-500000.0,0.0
"[-499500.0, -498500.0)",0,-499000.0,0.0
"[-498500.0, -497500.0)",0,-498000.0,0.0
"[-497500.0, -496500.0)",0,-497000.0,0.0
"[-496500.0, -495500.0)",0,-496000.0,0.0
"[-495500.0, -494500.0)",0,-495000.0,0.0
"[-494500.0, -493500.0)",0,-494000.0,0.0
"[-493500.0, -492500.0)",0,-493000.0,0.0
"[-492500.0, -491500.0)",0,-492000.0,0.0
"[-491500.0, -490500.0)",0,-491000.0,0.0
"[-490500.0, -489500.0)",0,-490000.0,0.0
"[-489500.0, -488500.0)",0,-489000.0,0.0
"[-488500.0, -487500.0)",0,-488000.0,0.0
"[-487500.0, -486500.0)",0,-487000.0,0.0
"[-486500.0, -485500.0)",0,-486000.0,0.0
"[-485500.0, -484500.0)",0,-485000.0,0.0
"[-484500.0, -483500.0)",0,-484000.0,0.0
"[-483500.0, -482500.0)",0,-483000.0,0.0
"[-482500.0, -481500.0)",0,-482000.0,0.0
"[-481500.0, -480500.0)",0,-481000.0,0.0
"[-480500.0, -479500.0)",0,-480000.0,0.0
"[-479500.0, -478500.0)",0,-479000.0,0.0
"[-478500.0, -477500.0)",0,-478000.0,0.0
"[-477500.0, -476500.0)",0,-477000.0,0.0
"[-476500.0, -475500.0)",0,-476000.0,0.0
"[-475500.0, -474500.0)",0,-475000.0,0.0
"[-474500.0, -473500.0)",0,-474000.0,0.0
"[-473500.0, -472500.0)",0,-473000.0,0.0
"[-472500.0, -471500.0)",0,-472000.0,0.0
"[-471500.0, -470500.0)",0,-471000.0,0.0
"[-470500.0, -469500.0)",0,-470000.0,0.0
"[-469500.0, -468500.0)",0,-469000.0,0.0
"[-468500.0, -467500.0)",0,-468000.0,0.0
"[-467500.0, -466500.0)",0,-467000.0,0.0
"[-466500.0, -465500.0)",0,-466000.0,0.0
"[-465500.0, -464500.0)",0,-465000.0,0.0
"[-464500.0, -463500.0)",0,-464000.0,0.0
"[-463500.0, -462500.0)",0,-463000.0,0.0
"[-462500.0, -461500.0)",0,-462000.0,0.0
"[-461500.0, -460500.0)",0,-461000.0,0.0
"[-460500.0, -459500.0)",0,-460000.0,0.0
"[-459500.0, -458500.0)",0,-459000.0,0.0
"[-458500.0, -457500.0)",0,-458000.0,0.0
"[-457500.0, -456500.0)",0,-457000.0,0.0
"[-456500.0, -455500.0)",0,-456000.0,0.0
"[-455500.0, -454500.0)",0,-455000.0,0.0
"[-454500.0, -453500.0)",0,-454000.0,0.0
"[-453500.0, -452500.0)",0,-453000.0,0.0
"[-452500.0, -451500.0)",0,-452000.0,0.0
"[-451500.0, -450500.0)",0,-451000.0,0.0
"[-450500.0, -449500.0)",0,-450000.0,0.0
"[-449500.0, -448500.0)",0,-449000.0,0.0
"[-448500.0, -447500.0)",0,-448000.0,0.0
"[-447500.0, -446500.0)",0,-447000.0,0.0
"[-446500.0, -445500.0)",0,-446000.0,0.0
"[-445500.0, -444500.0)",0,-445000.0,0.0
"[-444500.0, -443500.0)",0,-444000.0,0.0
"[-443500.0, -442500.0)",0,-443000.0,0.0
"[-442500.0, -441500.0)",0,-442000.0,0.0
"[-441500.0, -440500.0)",0,-441000.0,0.0
"[-440500.0, -439500.0)",0,-440000.0,0.0
"[-439500.0, -438500.0)",0,-439000.0,0.0
"[-438500.0, -437500.0)",0,-438000.0,0.0
"[-437500.0, -436500.0)",0,-437000.0,0.0
"[-436500.0, -435500.0)",0,-436000.0,0.0
"[-435500.0, -434500.0)",0,-435000.0,0.0
"[-434500.0, -433500.0)",0,-434000.0,0.0
"[-433500.0, -432500.0)",0,-433000.0,0.0
"[-432500.0, -431500.0)",0,-432000.0,0.0
"[-431500.0, -430500.0)",0,-431000.0,0.0
"[-430500.0, -429500.0)",0,-430000.0,0.0
"[-429500.0, -428500.0)",0,-429000.0,0.0
"[-428500.0, -427500.0)",0,-428000.0,0.0
"[-427500.0, -426500.0)",0,-427000.0,0.0
"[-426500.0, -425500.0)",0,-426000.0,0.0
"[-425500.0, -424500.0)",0,-425000.0,0.0
"[-424500.0, -423500.0)",0,-424000.0,0.0
"[-423500.0, -422500.0)",0,-423000.0,0.0
"[-422500.0, -421500.0)",0,-422000.0,0.0
"[-421500.0, -420500.0)",0,-421000.0,0.0
"[-420500.0, -419500.0)",0,-420000.0,0.0
"[-419500.0, -418500.0)",0,-419000.0,0.0
"[-418500.0, -417500.0)",0,-418000.0,0.0
"[-417500.0, -416500.0)",0,-417000.0,0.0
"[-416500.0, -415500.0)",0,-416000.0,0.0
"[-415500.0, -414500.0)",0,-415000.0,0.0
"[-414500.0, -413500.0)",0,-414000.0,0.0
"[-413500.0, -412500.0)",0,-413000.0,0.0
"[-412500.0, -411500.0)",0,-412000.0,0.0
"[-411500.0, -410500.0)",0,-411000.0,0.0
"[-410500.0, -409500.0)",0,-410000.0,0.0
"[-409500.0, -408500.0)",0,-409000.0,0.0
"[-408500.0, -407500.0)",0,-408000.0,0.0
"[-407500.0, -406500.0)",0,-407000.0,0.0
"[-406500.0, -405500.0)",0,-406000.0,0.0
"[-405500.0, -404500.0)",0,-405000.0,0.0
"[-404500.0, -403500.0)",0,-404000.0,0.0
"[-403500.0, -402500.0)",0,-403000.0,0.0
"[-402500.0, -401500.0)",0,-402000.0,0.0
"[-401500.0, -400500.0)",0,-401000.0,0.0
"[-400500.0, -399500.0)",0,-400000.0,0.0
"[-399500.0, -398500.0)",0,-399000.0,0.0
"[-398500.0, -397500.0)",0,-398000.0,0.0
"[-397500.0, -396500.0)",0,-397000.0,0.0
"[-396500.0, -395500.0)",0,-396000.0,0.0
"[-395500.0, -394500.0)",0,-395000.0,0.0
"[-394500.0, -393500.0)",0,-394000.0,0.0
"[-393500.0, -392500.0)",0,-393000.0,0.0
"[-392500.0, -391500.0)",0,-392000.0,0.0
"[-391500.0, -390500.0)",0,-391000.0,0.0
"[-390500.0, -389500.0)",0,-390000.0,0.0
"[-389500.0, -388500.0)",0,-389000.0,0.0
"[-388500.0, -387500.0)",0,-388000.0,0.0
"[-387500.0, -386500.0)",0,-387000.0,0.0
"[-386500.0, -385500.0)",0,-386000.0,0.0
"[-385500.0, -384500.0)",0,-385000.0,0.0
"[-384500.0, -383500.0)",0,-384000.0,0.0
"[-383500.0, -382500.0)",0,-383000.0,0.0
"[-382500.0, -381500.0)",0,-382000.0,0.0
"[-381500.0, -380500.0)",0,-381000.0,0.0
"[-380500.0, -379500.0)",0,-380000.0,0.0
"[-379500.0, -378500.0)",0,-379000.0,0.0
"[-378500.0, -377500.0)",0,-378000.0,0.0
"[-377500.0, -376500.0)",0,-377000.0,0.0
"[-376500.0, -375500.0)",0,-376000.0,0.0
"[-375500.0, -374500.0)",0,-375000.0,0.0
"[-374500.0, -373500.0)",0,-374000.0,0.0
"[-373500.0, -372500.0)",0,-373000.0,0.0
"[-372500.0, -371500.0)",0,-372000.0,0.0
"[-371500.0, -370500.0)",0,-371000.0,0.0
"[-370500.0, -369500.0)",0,-370000.0,0.0
"[-369500.0, -368500.0)",0,-369000.0,0.0
"[-368500.0, -367500.0)",0,-368000.0,0.0
"[-367500.0, -366500.0)",0,-367000.0,0.0
"[-366500.0, -365500.0)",0,-366000.0,0.0
"[-365500.0, -364500.0)",0,-365000.0,0.0
"[-364500.0, -363500.0)",0,-364000.0,0.0
"[-363500.0, -362500.0)",0,-363000.0,0.0
"[-362500.0, -361500.0)",0,-362000.0,0.0
"[-361500.0, -360500.0)",0,-361000.0,0.0
"[-360500.0, -359500.0)",0,-360000.0,0.0
"[-359500.0, -358500.0)",0,-359000.0,0.0
"[-358500.0, -357500.0)",0,-358000.0,0.0
"[-357500.0, -356500.0)",0,-357000.0,0.0
"[-356500.0, -355500.0)",0,-356000.0,0.0
"[-355500.0, -354500.0)",0,-355000.0,0.0
"[-354500.0, -353500.0)",0,-354000.0,0.0
"[-353500.0, -352500.0)",0,-353000.0,0.0
"[-352500.0, -351500.0)",0,-352000.0,0.0
"[-351500.0, -350500.0)",0,-351000.0,0.0
"[-350500.0, -349500.0)",0,-350000.0,0.0
"[-349500.0, -348500.0)",0,-349000.0,0.0
"[-348500.0, -347500.0)",0,-348000.0,0.0
"[-347500.0, -346500.0)",0,-347000.0,0.0
"[-346500.0, -345500.0)",0,-346000.0,0.0
"[-345500.0, -344500.0)",0,-345000.0,0.0
"[-344500.0, -343500.0)",0,-344000.0,0.0
"[-343500.0, -342500.0)",0,-343000.0,0.0
"[-342500.0, -341500.0)",0,-342000.0,0.0
"[-341500.0, -340500.0)",0,-341000.0,0.0
"[-340500.0, -339500.0)",0,-340000.0,0.0
"[-339500.0, -338500.0)",0,-339000.0,0.0
"[-338500.0, -337500.0)",0,-338000.0,0.0
"[-337500.0, -336500.0)",0,-337000.0,0.0
"[-336500.0, -335500.0)",0,-336000.0,0.0
"[-335500.0, -334500.0)",0,-335000.0,0.0
"[-334500.0, -333500.0)",0,-334000.0,0.0
"[-333500.0, -332500.0)",0,-333000.0,0.0
"[-332500.0, -331500.0)",0,-332000.0,0.0
"[-331500.0, -330500.0)",0,-331000.0,0.0
"[-330500.0, -329500.0)",0,-330000.0,0.0
"[-329500.0, -328500.0)",0,-329000.0,0.0
"[-328500.0, -327500.0)",0,-328000.0,0.0
"[-327500.0, -326500.0)",0,-327000.0,0.0
"[-326500.0, -325500.0)",0,-326000.0,0.0
"[-325500.0, -324500.0)",0,-325000.0,0.0
"[-324500.0, -323500.0)",0,-324000.0,0.0
"[-323500.0, -322500.0)",0,-323000.0,0.0
"[-322500.0, -321500.0)",0,-322000.0,0.0
"[-321500.0, -320500.0)",0,-321000.0,0.0
"[-320500.0, -319500.0)",0,-320000.0,0.0
"[-319500.0, -318500.0)",0,-319000.0,0.0
"[-318500.0, -317500.0)",0,-318000.0,0.0
"[-317500.0, -316500.0)",0,-317000.0,0.0
"[-316500.0, -315500.0)",0,-316000.0,0.0
"[-315500.0, -314500.0)",0,-315000.0,0.0
"[-314500.0, -313500.0)",0,-314000.0,0.0
"[-313500.0, -312500.0)",0,-313000.0,0.0
"[-312500.0, -311500.0)",0,-312000.0,0.0
"[-311500.0, -310500.0)",0,-311000.0,0.0
"[-310500.0, -309500.0)",0,-310000.0,0.0
"[-309500.0, -308500.0)",0,-309000.0,0.0
"[-308500.0, -307500.0)",0,-308000.0,0.0
"[-307500.0, -306500.0)",0,-307000.0,0.0
"[-306500.0, -305500.0)",0,-306000.0,0.0
"[-305500.0, -304500.0)",0,-305000.0,0.0
"[-304500.0, -303500.0)",0,-304000.0,0.0
"[-303500.0, -302500.0)",0,-303000.0,0.0
"[-302500.0, -301500.0)",0,-302000.0,0.0
"[-301500.0, -300500.0)",0,-301000.0,0.0
"[-300500.0, -299500.0)",0,-300000.0,0.0
"[-299500.0, -298500.0)",0,-299000.0,0.0
"[-298500.0, -297500.0)",0,-298000.0,0.0
"[-297500.0, -296500.0)",0,-297000.0,0.0
"[-296500.0, -295500.0)",0,-296000.0,0.0
"[-295500.0, -294500.0)",0,-295000.0,0.0
"[-294500.0, -293500.0)",0,-294000.0,0.0
"[-293500.0, -292500.0)",0,-293000.0,0.0
"[-292500.0, -291500.0)",0,-292000.0,0.0
"[-291500.0, -290500.0)",0,-291000.0,0.0
"[-290500.0, -289500.0)",0,-290000.0,0.0
"[-289500.0, -288500.0)",0,-289000.0,0.0
"[-288500.0, -287500.0)",0,-288000.0,0.0
"[-287500.0, -286500.0)",0,-287000.0,0.0
"[-286500.0, -285500.0)",0,-286000.0,0.0
"[-285500.0, -284500.0)",0,-285000.0,0.0
"[-284500.0, -283500.0)",0,-284000.0,0.0
"[-283500.0, -282500.0)",0,-283000.0,0.0
"[-282500.0, -281500.0)",0,-282000.0,0.0
"[-281500.0, -280500.0)",0,-281000.0,0.0
"[-280500.0, -279500.0)",0,-280000.0,0.0
"[-279500.0, -278500.0)",0,-279000.0,0.0
"[-278500.0, -277500.0)",0,-278000.0,0.0
"[-277500.0, -276500.0)",0,-277000.0,0.0
"[-276500.0, -275500.0)",0,-276000.0,0.0
"[-275500.0, -274500.0)",0,-275000.0,0.0
"[-274500.0, -273500.0)",0,-274000.0,0.0
"[-273500.0, -272500.0)",0,-273000.0,0.0
"[-272500.0, -271500.0)",0,-272000.0,0.0
"[-271500.0, -270500.0)",0,-271000.0,0.0
"[-270500.0, -269500.0)",0,-270000.0,0.0
"[-269500.0, -268500.0)",0,-269000.0,0.0
"[-268500.0, -267500.0)",0,-268000.0,0.0
"[-267500.0, -266500.0)",0,-267000.0,0.0
"[-266500.0, -265500.0)",0,-266000.0,0.0
"[-265500.0, -264500.0)",0,-265000.0,0.0
"[-264500.0, -263500.0)",0,-264000.0,0.0
"[-263500.0, -262500.0)",0,-263000.0,0.0
"[-262500.0, -261500.0)",0,-262000.0,0.0
"[-261500.0, -260500.0)",0,-261000.0,0.0
"[-260500.0, -259500.0)",0,-260000.0,0.0
"[-259500.0, -258500.0)",0,-259000.0,0.0
"[-258500.0, -257500.0)",0,-258000.0,0.0
"[-257500.0, -256500.0)",0,-257000.0,0.0
"[-256500.0, -255500.0)",0,-256000.0,0.0
"[-255500.0, -254500.0)",0,-255000.0,0.0
"[-254500.0, -253500.0)",0,-254000.0,0.0
"[-253500.0, -252500.0)",0,-253000.0,0.0
"[-252500.0, -251500.0)",0,-252000.0,0.0
"[-251500.0, -250500.0)",0,-251000.0,0.0
"[-250500.0, -249500.0)",0,-250000.0,0.0
"[-249500.0, -248500.0)",0,-249000.0,0.0
"[-248500.0, -247500.0)",0,-248000.0,0.0
"[-247500.0, -246500.0)",0,-247000.0,0.0
"[-246500.0, -245500.0)",0,-246000.0,0.0
"[-245500.0, -244500.0)",0,-245000.0,0.0
"[-244500.0, -243500.0)",0,-244000.0,0.0
"[-243500.0, -242500.0)",0,-243000.0,0.0
"[-242500.0, -241500.0)",0,-242000.0,0.0
"[-241500.0, -240500.0)",0,-241000.0,0.0
"[-240500.0, -239500.0)",0,-240000.0,0.0
"[-239500.0, -238500.0)",0,-239000.0,0.0
"[-238500.0, -237500.0)",0,-238000.0,0.0
"[-237500.0, -236500.0)",0,-237000.0,0.0
"[-236500.0, -235500.0)",0,-236000.0,0.0
"[-235500.0, -234500.0)",0,-235000.0,0.0
"[-234500.0, -233500.0)",0,-234000.0,0.0
"[-233500.0, -232500.0)",0,-233000.0,0.0
"[-232500.0, -231500.0)",0,-232000.0,0.0
"[-231500.0, -230500.0)",0,-231000.0,0.0
"[-230500.0, -229500.0)",0,-230000.0,0.0
"[-229500.0, -228500.0)",0,-229000.0,0.0
"[-228500.0, -227500.0)",0,-228000.0,0.0
"[-227500.0, -226500.0)",0,-227000.0,0.0
"[-226500.0, -225500.0)",0,-226000.0,0.0
"[-225500.0, -224500.0)",0,-225000.0,0.0
"[-224500.0, -223500.0)",0,-224000.0,0.0
"[-223500.0, -222500.0)",0,-223000.0,0.0
"[-222500.0, -221500.0)",0,-222000.0,0.0
"[-221500.0, -220500.0)",0,-221000.0,0.0
"[-220500.0, -219500.0)",0,-220000.0,0.0
"[-219500.0, -218500.0)",0,-219000.0,0.0
"[-218500.0, -217500.0)",0,-218000.0,0.0
"[-217500.0, -216500.0)",0,-217000.0,0.0
"[-216500.0, -215500.0)",0,-216000.0,0.0
"[-215500.0, -214500.0)",0,-215000.0,0.0
"[-214500.0, -213500.0)",0,-214000.0,0.0
"[-213500.0, -212500.0)",0,-213000.0,0.0
"[-212500.0, -211500.0)",0,-212000.0,0.0
"[-211500.0, -210500.0)",0,-211000.0,0.0
"[-210500.0, -209500.0)",0,-210000.0,0.0
"[-209500.0, -208500.0)",0,-209000.0,0.0
"[-208500.0, -207500.0)",0,-208000.0,0.0
"[-207500.0, -206500.0)",0,-207000.0,0.0
"[-206500.0, -205500.0)",0,-206000.0,0.0
"[-205500.0, -204500.0)",0,-205000.0,0.0
"[-204500.0, -203500.0)",0,-204000.0,0.0
"[-203500.0, -202500.0)",0,-203000.0,0.0
"[-202500.0, -201500.0)",0,-202000.0,0.0
"[-201500.0, -200500.0)",0,-201000.0,0.0
"[-200500.0, -199500.0)",0,-200000.0,0.0
"[-199500.0, -198500.0)",0,-199000.0,0.0
"[-198500.0, -197500.0)",0,-198000.0,0.0
"[-197500.0, -196500.0)",0,-197000.0,0.0
"[-196500.0, -195500.0)",0,-196000.0,0.0
"[-195500.0, -194500.0)",0,-195000.0,0.0
"[-194500.0, -193500.0)",0,-194000.0,0.0
"[-193500.0, -192500.0)",0,-193000.0,0.0
"[-192500.0, -191500.0)",0,-192000.0,0.0
"[-191500.0, -190500.0)",0,-191000.0,0.0
"[-190500.0, -189500.0)",0,-190000.0,0.0
"[-189500.0, -188500.0)",0,-189000.0,0.0
"[-188500.0, -187500.0)",0,-188000.0,0.0
"[-187500.0, -186500.0)",0,-187000.0,0.0
"[-186500.0, -185500.0)",0,-186000.0,0.0
"[-185500.0, -184500.0)",0,-185000.0,0.0
"[-184500.0, -183500.0)",0,-184000.0,0.0
"[-183500.0, -182500.0)",0,-183000.0,0.0
"[-182500.0, -181500.0)",0,-182000.0,0.0
"[-181500.0, -180500.0)",0,-181000.0,0.0
"[-180500.0, -179500.0)",0,-180000.0,0.0
"[-179500.0, -178500.0)",0,-179000.0,0.0
"[-178500.0, -177500.0)",0,-178000.0,0.0
"[-177500.0, -176500.0)",0,-177000.0,0.0
"[-176500.0, -175500.0)",0,-176000.0,0.0
"[-175500.0, -174500.0)",0,-175000.0,0.0
"[-174500.0, -173500.0)",0,-174000.0,0.0
"[-173500.0, -172500.0)",0,-173000.0,0.0
"[-172500.0, -171500.0)",0,-172000.0,0.0
"[-171500.0, -170500.0)",0,-171000.0,0.0
"[-170500.0, -169500.0)",0,-170000.0,0.0
"[-169500.0, -168500.0)",0,-169000.0,0.0
"[-168500.0, -167500.0)",0,-168000.0,0.0
"[-167500.0, -166500.0)",0,-167000.0,0.0
"[-166500.0, -165500.0)",0,-166000.0,0.0
"[-165500.0, -164500.0)",0,-165000.0,0.0
"[-164500.0, -163500.0)",0,-164000.0,0.0
"[-163500.0, -162500.0)",0,-163000.0,0.0
"[-162500.0, -161500.0)",0,-162000.0,0.0
"[-161500.0, -160500.0)",0,-161000.0,0.0
"[-160500.0, -159500.0)",0,-160000.0,0.0
"[-159500.0, -158500.0)",0,-159000.0,0.0
"[-158500.0, -157500.0)",0,-158000.0,0.0
"[-157500.0, -156500.0)",0,-157000.0,0.0
"[-156500.0, -155500.0)",0,-156000.0,0.0
"[-155500.0, -154500.0)",0,-155000.0,0.0
"[-154500.0, -153500.0)",0,-154000.0,0.0
"[-153500.0, -152500.0)",0,-153000.0,0.0
"[-152500.0, -151500.0)",0,-152000.0,0.0
"[-151500.0, -150500.0)",117,-151000.0,0.117
"[-150500.0, -149500.0)",187,-150000.0,0.187
"[-149500.0, -148500.0)",158,-149000.0,0.158
"[-148500.0, -147500.0)",217,-148000.0,0.217
"[-147500.0, -146500.0)",332,-147000.0,0.332
"[-146500.0, -145500.0)",261,-146000.0,0.261
"[-145500.0, -144500.0)",301,-145000.0,0.301
"[-144500.0, -143500.0)",183,-144000.0,0.183
"[-143500.0, -142500.0)",218,-143000.0,0.218
"[-142500.0, -141500.0)",296,-142000.0,0.296
"[-141500.0, -140500.0)",245,-141000.0,0.245
"[-140500.0, -139500.0)",296,-140000.0,0.296
"[-139500.0, -138500.0)",131,-139000.0,0.131
"[-138500.0, -137500.0)",83,-138000.0,0.083
"[-137500.0, -136500.0)",77,-137000.0,0.077
"[-136500.0, -135500.0)",46,-136000.0,0.046
"[-135500.0, -134500.0)",76,-135000.0,0.076
"[-134500.0, -133500.0)",137,-134000.0,0.137
"[-133500.0, -132500.0)",123,-133000.0,0.123
"[-132500.0, -131500.0)",72,-132000.0,0.072
"[-131500.0, -130500.0)",50,-131000.0,0.05
"[-130500.0, -129500.0)",112,-130000.0,0.112
"[-129500.0, -128500.0)",171,-129000.0,0.171
"[-128500.0, -127500.0)",162,-128000.0,0.162
"[-127500.0, -126500.0)",68,-127000.0,0.068
"[-126500.0, -125500.0)",42,-126000.0,0.042
"[-125500.0, -124500.0)",109,-125000.0,0.109
"[-124500.0, -123500.0)",88,-124000.0,0.088
"[-123500.0, -122500.0)",80,-123000.0,0.08
"[-122500.0, -121500.0)",189,-122000.0,0.189
"[-121500.0, -120500.0)",224,-121000.0,0.224
"[-120500.0, -119500.0)",52,-120000.0,0.052
"[-119500.0, -118500.0)",83,-119000.0,0.083
"[-118500.0, -117500.0)",51,-118000.0,0.051
"[-117500.0, -116500.0)",34,-117000.0,0.034
"[-116500.0, -115500.0)",49,-116000.0,0.049
"[-115500.0, -114500.0)",91,-115000.0,0.091
"[-114500.0, -113500.0)",164,-114000.0,0.164
"[-113500.0, -112500.0)",63,-113000.0,0.063
"[-112500.0, -111500.0)",61,-112000.0,0.061
"[-111500.0, -110500.0)",75,-111000.0,0.075
"[-110500.0, -109500.0)",87,-110000.0,0.087
"[-109500.0, -108500.0)",57,-109000.0,0.057
"[-108500.0, -107500.0)",53,-108000.0,0.053
"[-107500.0, -106500.0)",60,-107000.0,0.06
"[-106500.0, -105500.0)",36,-106000.0,0.036
"[-105500.0, -104500.0)",36,-105000.0,0.036
"[-104500.0, -103500.0)",113,-104000.0,0.113
"[-103500.0, -102500.0)",79,-103000.0,0.079
"[-102500.0, -101500.0)",153,-102000.0,0.153
"[-101500.0, -100500.0)",106,-101000.0,0.106
"[-100500.0, -99500.0)",21,-100000.0,0.021
"[-99500.0, -98500.0)",56,-99000.0,0.056
"[-98500.0, -97500.0)",53,-98000.0,0.053
"[-97500.0, -96500.0)",110,-97000.0,0.11
"[-96500.0, -95500.0)",92,-96000.0,0.092
"[-95500.0, -94500.0)",40,-95000.0,0.04
"[-94500.0, -93500.0)",13,-94000.0,0.013
"[-93500.0, -92500.0)",31,-93000.0,0.031
"[-92500.0, -91500.0)",32,-92000.0,0.032
"[-91500.0, -90500.0)",36,-91000.0,0.036
"[-90500.0, -89500.0)",16,-90000.0,0.016
"[-89500.0, -88500.0)",36,-89000.0,0.036
"[-88500.0, -87500.0)",33,-88000.0,0.033
"[-87500.0, -86500.0)",129,-87000.0,0.129
"[-86500.0, -85500.0)",65,-86000.0,0.065
"[-85500.0, -84500.0)",216,-85000.0,0.216
"[-84500.0, -83500.0)",41,-84000.0,0.041
"[-83500.0, -82500.0)",44,-83000.0,0.044
"[-82500.0, -81500.0)",37,-82000.0,0.037
"[-81500.0, -80500.0)",5,-81000.0,0.005
"[-80500.0, -79500.0)",23,-80000.0,0.023
"[-79500.0, -78500.0)",6,-79000.0,0.006
"[-78500.0, -77500.0)",74,-78000.0,0.074
"[-77500.0, -76500.0)",48,-77000.0,0.048
"[-76500.0, -75500.0)",30,-76000.0,0.03
"[-75500.0, -74500.0)",45,-75000.0,0.045
"[-74500.0, -73500.0)",78,-74000.0,0.078
"[-73500.0, -72500.0)",1,-73000.0,0.001
"[-72500.0, -71500.0)",15,-72000.0,0.015
"[-71500.0, -70500.0)",44,-71000.0,0.044
"[-70500.0, -69500.0)",114,-70000.0,0.114
"[-69500.0, -68500.0)",100,-69000.0,0.1
"[-68500.0, -67500.0)",74,-68000.0,0.074
"[-67500.0, -66500.0)",221,-67000.0,0.221
"[-66500.0, -65500.0)",125,-66000.0,0.125
"[-65500.0, -64500.0)",108,-65000.0,0.108
"[-64500.0, -63500.0)",117,-64000.0,0.117
"[-63500.0, -62500.0)",54,-63000.0,0.054
"[-62500.0, -61500.0)",81,-62000.0,0.081
"[-61500.0, -60500.0)",87,-61000.0,0.087
"[-60500.0, -59500.0)",120,-60000.0,0.12
"[-59500.0, -58500.0)",164,-59000.0,0.164
"[-58500.0, -57500.0)",160,-58000.0,0.16
"[-57500.0, -56500.0)",166,-57000.0,0.166
"[-56500.0, -55500.0)",116,-56000.0,0.116
"[-55500.0, -54500.0)",137,-55000.0,0.137
"[-54500.0, -53500.0)",135,-54000.0,0.135
"[-53500.0, -52500.0)",134,-53000.0,0.134
"[-52500.0, -51500.0)",164,-52000.0,0.164
"[-51500.0, -50500.0)",118,-51000.0,0.118
"[-50500.0, -49500.0)",97,-50000.0,0.097
"[-49500.0, -48500.0)",36,-49000.0,0.036
"[-48500.0, -47500.0)",20,-48000.0,0.02
"[-47500.0, -46500.0)",37,-47000.0,0.037
"[-46500.0, -45500.0)",56,-46000.0,0.056
"[-45500.0, -44500.0)",69,-45000.0,0.069
"[-44500.0, -43500.0)",54,-44000.0,0.054
"[-43500.0, -42500.0)",120,-43000.0,0.12
"[-42500.0, -41500.0)",211,-42000.0,0.211
"[-41500.0, -40500.0)",90,-41000.0,0.09
"[-40500.0, -39500.0)",10,-40000.0,0.01
"[-39500.0, -38500.0)",104,-39000.0,0.104
"[-38500.0, -37500.0)",52,-38000.0,0.052
"[-37500.0, -36500.0)",47,-37000.0,0.047
"[-36500.0, -35500.0)",108,-36000.0,0.108
"[-35500.0, -34500.0)",124,-35000.0,0.124
"[-34500.0, -33500.0)",58,-34000.0,0.058
"[-33500.0, -32500.0)",41,-33000.0,0.041
"[-32500.0, -31500.0)",48,-32000.0,0.048
"[-31500.0, -30500.0)",53,-31000.0,0.053
"[-30500.0, -29500.0)",127,-30000.0,0.127
"[-29500.0, -28500.0)",112,-29000.0,0.112
"[-28500.0, -27500.0)",68,-28000.0,0.068
"[-27500.0, -26500.0)",53,-27000.0,0.053
"[-26500.0, -25500.0)",106,-26000.0,0.106
"[-25500.0, -24500.0)",117,-25000.0,0.117
"[-24500.0, -23500.0)",115,-24000.0,0.115
"[-23500.0, -22500.0)",48,-23000.0,0.048
"[-22500.0, -21500.0)",65,-22000.0,0.065
"[-21500.0, -20500.0)",130,-21000.0,0.13
"[-20500.0, -19500.0)",142,-20000.0,0.142
"[-19500.0, -18500.0)",117,-19000.0,0.117
"[-18500.0, -17500.0)",12,-18000.0,0.012
"[-17500.0, -16500.0)",37,-17000.0,0.037
"[-16500.0, -15500.0)",47,-16000.0,0.047
"[-15500.0, -14500.0)",79,-15000.0,0.079
"[-14500.0, -13500.0)",91,-14000.0,0.091
"[-13500.0, -12500.0)",28,-13000.0,0.028
"[-12500.0, -11500.0)",43,-12000.0,0.043
"[-11500.0, -10500.0)",79,-11000.0,0.079
"[-10500.0, -9500.0)",97,-10000.0,0.097
"[-9500.0, -8500.0)",5,-9000.0,0.005
"[-8500.0, -7500.0)",69,-8000.0,0.069
"[-7500.0, -6500.0)",1,-7000.0,0.001
"[-6500.0, -5500.0)",2,-6000.0,0.002
"[-5500.0, -4500.0)",126,-5000.0,0.126
"[-4500.0, -3500.0)",61,-4000.0,0.061
"[-3500.0, -2500.0)",166,-3000.0,0.166
"[-2500.0, -1500.0)",98,-2000.0,0.098
"[-1500.0, -500.0)",79,-1000.0,0.079
"[-500.0, 500.0)",95,0.0,0.095
"[500.0, 1500.0)",123,1000.0,0.123
"[1500.0, 2500.0)",102,2000.0,0.102
"[2500.0, 3500.0)",160,3000.0,0.16
"[3500.0, 4500.0)",23,4000.0,0.023
"[4500.0, 5500.0)",18,5000.0,0.018
"[5500.0, 6500.0)",194,6000.0,0.194
"[6500.0, 7500.0)",160,7000.0,0.16
"[7500.0, 8500.0)",124,8000.0,0.124
"[8500.0, 9500.0)",226,9000.0,0.226
"[9500.0, 10500.0)",11,10000.0,0.011
"[10500.0, 11500.0)",100,11000.0,0.1
"[11500.0, 12500.0)",158,12000.0,0.158
"[12500.0, 13500.0)",217,13000.0,0.217
"[13500.0, 14500.0)",35,14000.0,0.035
"[14500.0, 15500.0)",111,15000.0,0.111
"[15500.0, 16500.0)",19,16000.0,0.019
"[16500.0, 17500.0)",64,17000.0,0.064
"[17500.0, 18500.0)",175,18000.0,0.175
"[18500.0, 19500.0)",72,19000.0,0.072
"[19500.0, 20500.0)",58,20000.0,0.058
"[20500.0, 21500.0)",59,21000.0,0.059
"[21500.0, 22500.0)",56,22000.0,0.056
"[22500.0, 23500.0)",75,23000.0,0.075
"[23500.0, 24500.0)",108,24000.0,0.108
"[24500.0, 25500.0)",15,25000.0,0.015
"[25500.0, 26500.0)",63,26000.0,0.063
"[26500.0, 27500.0)",133,27000.0,0.133
"[27500.0, 28500.0)",91,28000.0,0.091
"[28500.0, 29500.0)",100,29000.0,0.1
"[29500.0, 30500.0)",99,30000.0,0.099
"[30500.0, 31500.0)",76,31000.0,0.076
"[31500.0, 32500.0)",66,32000.0,0.066
"[32500.0, 33500.0)",89,33000.0,0.089
"[33500.0, 34500.0)",83,34000.0,0.083
"[34500.0, 35500.0)",69,35000.0,0.069
"[35500.0, 36500.0)",82,36000.0,0.082
"[36500.0, 37500.0)",241,37000.0,0.241
"[37500.0, 38500.0)",61,38000.0,0.061
"[38500.0, 39500.0)",61,39000.0,0.061
"[39500.0, 40500.0)",37,40000.0,0.037
"[40500.0, 41500.0)",49,41000.0,0.049
"[41500.0, 42500.0)",69,42000.0,0.069
"[42500.0, 43500.0)",120,43000.0,0.12
"[43500.0, 44500.0)",38,44000.0,0.038
"[44500.0, 45500.0)",12,45000.0,0.012
"[45500.0, 46500.0)",71,46000.0,0.071
"[46500.0, 47500.0)",100,47000.0,0.1
"[47500.0, 48500.0)",91,48000.0,0.091
"[48500.0, 49500.0)",100,49000.0,0.1
"[49500.0, 50500.0)",99,50000.0,0.099
"[50500.0, 51500.0)",126,51000.0,0.126
"[51500.0, 52500.0)",82,52000.0,0.082
"[52500.0, 53500.0)",62,53000.0,0.062
"[53500.0, 54500.0)",80,54000.0,0.08
"[54500.0, 55500.0)",31,55000.0,0.031
"[55500.0, 56500.0)",25,56000.0,0.025
"[56500.0, 57500.0)",38,57000.0,0.038
"[57500.0, 58500.0)",59,58000.0,0.059
"[58500.0, 59500.0)",13,59000.0,0.013
"[59500.0, 60500.0)",56,60000.0,0.056
"[60500.0, 61500.0)",133,61000.0,0.133
"[61500.0, 62500.0)",100,62000.0,0.1
"[62500.0, 63500.0)",37,63000.0,0.037
"[63500.0, 64500.0)",170,64000.0,0.17
"[64500.0, 65500.0)",151,65000.0,0.151
"[65500.0, 66500.0)",107,66000.0,0.107
"[66500.0, 67500.0)",221,67000.0,0.221
"[67500.0, 68500.0)",243,68000.0,0.243
"[68500.0, 69500.0)",425,69000.0,0.425
"[69500.0, 70500.0)",156,70000.0,0.156
"[70500.0, 71500.0)",63,71000.0,0.063
"[71500.0, 72500.0)",101,72000.0,0.101
"[72500.0, 73500.0)",75,73000.0,0.075
"[73500.0, 74500.0)",121,74000.0,0.121
"[74500.0, 75500.0)",28,75000.0,0.028
"[75500.0, 76500.0)",8,76000.0,0.008
"[76500.0, 77500.0)",12,77000.0,0.012
"[77500.0, 78500.0)",84,78000.0,0.084
"[78500.0, 79500.0)",79,79000.0,0.079
"[79500.0, 80500.0)",121,80000.0,0.121
"[80500.0, 81500.0)",127,81000.0,0.127
"[81500.0, 82500.0)",104,82000.0,0.104
"[82500.0, 83500.0)",108,83000.0,0.108
"[83500.0, 84500.0)",198,84000.0,0.198
"[84500.0, 85500.0)",16,85000.0,0.016
"[85500.0, 86500.0)",23,86000.0,0.023
"[86500.0, 87500.0)",71,87000.0,0.071
"[87500.0, 88500.0)",103,88000.0,0.103
"[88500.0, 89500.0)",58,89000.0,0.058
"[89500.0, 90500.0)",54,90000.0,0.054
"[90500.0, 91500.0)",103,91000.0,0.103
"[91500.0, 92500.0)",24,92000.0,0.024
"[92500.0, 93500.0)",30,93000.0,0.03
"[93500.0, 94500.0)",53,94000.0,0.053
"[94500.0, 95500.0)",121,95000.0,0.121
"[95500.0, 96500.0)",72,96000.0,0.072
"[96500.0, 97500.0)",26,97000.0,0.026
"[97500.0, 98500.0)",122,98000.0,0.122
"[98500.0, 99500.0)",54,99000.0,0.054
"[99500.0, 100500.0)",60,100000.0,0.06
"[100500.0, 101500.0)",26,101000.0,0.026
"[101500.0, 102500.0)",106,102000.0,0.106
"[102500.0, 103500.0)",80,103000.0,0.08
"[103500.0, 104500.0)",84,104000.0,0.084
"[104500.0, 105500.0)",50,105000.0,0.05
"[105500.0, 106500.0)",53,106000.0,0.053
"[106500.0, 107500.0)",75,107000.0,0.075
"[107500.0, 108500.0)",10,108000.0,0.01
"[108500.0, 109500.0)",189,109000.0,0.189
"[109500.0, 110500.0)",85,110000.0,0.085
"[110500.0, 111500.0)",7,111000.0,0.007
"[111500.0, 112500.0)",41,112000.0,0.041
"[112500.0, 113500.0)",31,113000.0,0.031
"[113500.0, 114500.0)",65,114000.0,0.065
"[114500.0, 115500.0)",46,115000.0,0.046
"[115500.0, 116500.0)",33,116000.0,0.033
"[116500.0, 117500.0)",33,117000.0,0.033
"[117500.0, 118500.0)",17,118000.0,0.017
"[118500.0, 119500.0)",17,119000.0,0.017
"[119500.0, 120500.0)",86,120000.0,0.086
"[120500.0, 121500.0)",32,121000.0,0.032
"[121500.0, 122500.0)",17,122000.0,0.017
"[122500.0, 123500.0)",53,123000.0,0.053
"[123500.0, 124500.0)",94,124000.0,0.094
"[124500.0, 125500.0)",14,125000.0,0.014
"[125500.0, 126500.0)",15,126000.0,0.015
"[126500.0, 127500.0)",16,127000.0,0.016
"[127500.0, 128500.0)",89,128000.0,0.089
"[128500.0, 129500.0)",21,129000.0,0.021
"[129500.0, 130500.0)",80,130000.0,0.08
"[130500.0, 131500.0)",83,131000.0,0.083
"[131500.0, 132500.0)",54,132000.0,0.054
"[132500.0, 133500.0)",62,133000.0,0.062
"[133500.0, 134500.0)",45,134000.0,0.045
"[134500.0, 135500.0)",50,135000.0,0.05
"[135500.0, 136500.0)",89,136000.0,0.089
"[136500.0, 137500.0)",40,137000.0,0.04
"[137500.0, 138500.0)",82,138000.0,0.082
"[138500.0, 139500.0)",166,139000.0,0.166
"[139500.0, 140500.0)",65,140000.0,0.065
"[140500.0, 141500.0)",102,141000.0,0.102
"[141500.0, 142500.0)",73,142000.0,0.073
"[142500.0, 143500.0)",90,143000.0,0.09
"[143500.0, 144500.0)",38,144000.0,0.038
"[144500.0, 145500.0)",45,145000.0,0.045
"[145500.0, 146500.0)",55,146000.0,0.055
"[146500.0, 147500.0)",34,147000.0,0.034
"[147500.0, 148500.0)",32,148000.0,0.032
"[148500.0, 149500.0)",37,149000.0,0.037
"[149500.0, 150500.0)",86,150000.0,0.086
"[150500.0, 151500.0)",88,151000.0,0.088
"[151500.0, 152500.0)",11,152000.0,0.011
"[152500.0, 153500.0)",11,153000.0,0.011
"[153500.0, 154500.0)",7,154000.0,0.007
"[154500.0, 155500.0)",7,155000.0,0.007
"[155500.0, 156500.0)",51,156000.0,0.051
"[156500.0, 157500.0)",53,157000.0,0.053
"[157500.0, 158500.0)",37,158000.0,0.037
"[158500.0, 159500.0)",18,159000.0,0.018
"[159500.0, 160500.0)",31,160000.0,0.031
"[160500.0, 161500.0)",23,161000.0,0.023
"[161500.0, 162500.0)",23,162000.0,0.023
"[162500.0, 163500.0)",38,163000.0,0.038
"[163500.0, 164500.0)",19,164000.0,0.019
"[164500.0, 165500.0)",68,165000.0,0.068
"[165500.0, 166500.0)",16,166000.0,0.016
"[166500.0, 167500.0)",13,167000.0,0.013
"[167500.0, 168500.0)",31,168000.0,0.031
"[168500.0, 169500.0)",70,169000.0,0.07
"[169500.0, 170500.0)",97,170000.0,0.097
"[170500.0, 171500.0)",104,171000.0,0.104
"[171500.0, 172500.0)",136,172000.0,0.136
"[172500.0, 173500.0)",53,173000.0,0.053
"[173500.0, 174500.0)",53,174000.0,0.053
"[174500.0, 175500.0)",81,175000.0,0.081
"[175500.0, 176500.0)",69,176000.0,0.069
"[176500.0, 177500.0)",161,177000.0,0.161
"[177500.0, 178500.0)",120,178000.0,0.12
"[178500.0, 179500.0)",91,179000.0,0.091
"[179500.0, 180500.0)",43,180000.0,0.043
"[180500.0, 181500.0)",74,181000.0,0.074
"[181500.0, 182500.0)",37,182000.0,0.037
"[182500.0, 183500.0)",31,183000.0,0.031
"[183500.0, 184500.0)",49,184000.0,0.049
"[184500.0, 185500.0)",48,185000.0,0.048
"[185500.0, 186500.0)",51,186000.0,0.051
"[186500.0, 187500.0)",69,187000.0,0.069
"[187500.0, 188500.0)",52,188000.0,0.052
"[188500.0, 189500.0)",84,189000.0,0.084
"[189500.0, 190500.0)",135,190000.0,0.135
"[190500.0, 191500.0)",87,191000.0,0.087
"[191500.0, 192500.0)",27,192000.0,0.027
"[192500.0, 193500.0)",52,193000.0,0.052
"[193500.0, 194500.0)",4,194000.0,0.004
"[194500.0, 195500.0)",55,195000.0,0.055
"[195500.0, 196500.0)",43,196000.0,0.043
"[196500.0, 197500.0)",37,197000.0,0.037
"[197500.0, 198500.0)",106,198000.0,0.106
"[198500.0, 199500.0)",16,199000.0,0.016
"[199500.0, 200500.0)",13,200000.0,0.013
"[200500.0, 201500.0)",8,201000.0,0.008
"[201500.0, 202500.0)",0,202000.0,0.0
"[202500.0, 203500.0)",11,203000.0,0.011
"[203500.0, 204500.0)",6,204000.0,0.006
"[204500.0, 205500.0)",4,205000.0,0.004
"[205500.0, 206500.0)",16,206000.0,0.016
"[206500.0, 207500.0)",9,207000.0,0.009
"[207500.0, 208500.0)",6,208000.0,0.006
"[208500.0, 209500.0)",3,209000.0,0.003
"[209500.0, 210500.0)",3,210000.0,0.003
"[210500.0, 211500.0)",5,211000.0,0.005
"[211500.0, 212500.0)",4,212000.0,0.004
"[212500.0, 213500.0)",72,213000.0,0.072
"[213500.0, 214500.0)",74,214000.0,0.074
"[214500.0, 215500.0)",69,215000.0,0.069
"[215500.0, 216500.0)",65,216000.0,0.065
"[216500.0, 217500.0)",77,217000.0,0.077
"[217500.0, 218500.0)",149,218000.0,0.149
"[218500.0, 219500.0)",108,219000.0,0.108
"[219500.0, 220500.0)",150,220000.0,0.15
"[220500.0, 221500.0)",97,221000.0,0.097
"[221500.0, 222500.0)",108,222000.0,0.108
"[222500.0, 223500.0)",108,223000.0,0.108
"[223500.0, 224500.0)",75,224000.0,0.075
"[224500.0, 225500.0)",33,225000.0,0.033
"[225500.0, 226500.0)",35,226000.0,0.035
"[226500.0, 227500.0)",63,227000.0,0.063
"[227500.0, 228500.0)",7,228000.0,0.007
"[228500.0, 229500.0)",7,229000.0,0.007
"[229500.0, 230500.0)",67,230000.0,0.067
"[230500.0, 231500.0)",60,231000.0,0.06
"[231500.0, 232500.0)",51,232000.0,0.051
"[232500.0, 233500.0)",17,233000.0,0.017
"[233500.0, 234500.0)",79,234000.0,0.079
"[234500.0, 235500.0)",109,235000.0,0.109
"[235500.0, 236500.0)",53,236000.0,0.053
"[236500.0, 237500.0)",74,237000.0,0.074
"[237500.0, 238500.0)",182,238000.0,0.182
"[238500.0, 239500.0)",86,239000.0,0.086
"[239500.0, 240500.0)",176,240000.0,0.176
"[240500.0, 241500.0)",76,241000.0,0.076
"[241500.0, 242500.0)",32,242000.0,0.032
"[242500.0, 243500.0)",44,243000.0,0.044
"[243500.0, 244500.0)",46,244000.0,0.046
"[244500.0, 245500.0)",82,245000.0,0.082
"[245500.0, 246500.0)",17,246000.0,0.017
"[246500.0, 247500.0)",8,247000.0,0.008
"[247500.0, 248500.0)",43,248000.0,0.043
"[248500.0, 249500.0)",50,249000.0,0.05
"[249500.0, 250500.0)",13,250000.0,0.013
"[250500.0, 251500.0)",1,251000.0,0.001
"[251500.0, 252500.0)",81,252000.0,0.081
"[252500.0, 253500.0)",146,253000.0,0.146
"[253500.0, 254500.0)",181,254000.0,0.181
"[254500.0, 255500.0)",25,255000.0,0.025
"[255500.0, 256500.0)",96,256000.0,0.096
"[256500.0, 257500.0)",59,257000.0,0.059
"[257500.0, 258500.0)",39,258000.0,0.039
"[258500.0, 259500.0)",34,259000.0,0.034
"[259500.0, 260500.0)",74,260000.0,0.074
"[260500.0, 261500.0)",57,261000.0,0.057
"[261500.0, 262500.0)",84,262000.0,0.084
"[262500.0, 263500.0)",28,263000.0,0.028
"[263500.0, 264500.0)",31,264000.0,0.031
"[264500.0, 265500.0)",97,265000.0,0.097
"[265500.0, 266500.0)",218,266000.0,0.218
"[266500.0, 267500.0)",149,267000.0,0.149
"[267500.0, 268500.0)",49,268000.0,0.049
"[268500.0, 269500.0)",45,269000.0,0.045
"[269500.0, 270500.0)",49,270000.0,0.049
"[270500.0, 271500.0)",26,271000.0,0.026
"[271500.0, 272500.0)",14,272000.0,0.014
"[272500.0, 273500.0)",65,273000.0,0.065
"[273500.0, 274500.0)",121,274000.0,0.121
"[274500.0, 275500.0)",61,275000.0,0.061
"[275500.0, 276500.0)",111,276000.0,0.111
"[276500.0, 277500.0)",47,277000.0,0.047
"[277500.0, 278500.0)",35,278000.0,0.035
"[278500.0, 279500.0)",57,279000.0,0.057
"[279500.0, 280500.0)",57,280000.0,0.057
"[280500.0, 281500.0)",67,281000.0,0.067
"[281500.0, 282500.0)",22,282000.0,0.022
"[282500.0, 283500.0)",54,283000.0,0.054
"[283500.0, 284500.0)",62,284000.0,0.062
"[284500.0, 285500.0)",19,285000.0,0.019
"[285500.0, 286500.0)",7,286000.0,0.007
"[286500.0, 287500.0)",48,287000.0,0.048
"[287500.0, 288500.0)",29,288000.0,0.029
"[288500.0, 289500.0)",126,289000.0,0.126
"[289500.0, 290500.0)",36,290000.0,0.036
"[290500.0, 291500.0)",79,291000.0,0.079
"[291500.0, 292500.0)",76,292000.0,0.076
"[292500.0, 293500.0)",42,293000.0,0.042
"[293500.0, 294500.0)",157,294000.0,0.157
"[294500.0, 295500.0)",22,295000.0,0.022
"[295500.0, 296500.0)",15,296000.0,0.015
"[296500.0, 297500.0)",112,297000.0,0.112
"[297500.0, 298500.0)",135,298000.0,0.135
"[298500.0, 299500.0)",146,299000.0,0.146
"[299500.0, 300500.0)",69,300000.0,0.069
"[300500.0, 301500.0)",701,301000.0,0.701
"[301500.0, 302500.0)",655,302000.0,0.655
"[302500.0, 303500.0)",676,303000.0,0.676
"[303500.0, 304500.0)",665,304000.0,0.665
"[304500.0, 305500.0)",615,305000.0,0.615
"[305500.0, 306500.0)",634,306000.0,0.634
"[306500.0, 307500.0)",616,307000.0,0.616
"[307500.0, 308500.0)",551,308000.0,0.551
"[308500.0, 309500.0)",566,309000.0,0.566
"[309500.0, 310500.0)",710,310000.0,0.71
"[310500.0, 311500.0)",681,311000.0,0.681
"[311500.0, 312500.0)",666,312000.0,0.666
"[312500.0, 313500.0)",687,313000.0,0.687
"[313500.0, 314500.0)",593,314000.0,0.593
"[314500.0, 315500.0)",597,315000.0,0.597
"[315500.0, 316500.0)",629,316000.0,0.629
"[316500.0, 317500.0)",616,317000.0,0.616
"[317500.0, 318500.0)",412,318000.0,0.412
"[318500.0, 319500.0)",222,319000.0,0.222
"[319500.0, 320500.0)",180,320000.0,0.18
"[320500.0, 321500.0)",162,321000.0,0.162
"[321500.0, 322500.0)",319,322000.0,0.319
"[322500.0, 323500.0)",221,323000.0,0.221
"[323500.0, 324500.0)",110,324000.0,0.11
"[324500.0, 325500.0)",204,325000.0,0.204
"[325500.0, 326500.0)",186,326000.0,0.186
"[326500.0, 327500.0)",219,327000.0,0.219
"[327500.0, 328500.0)",255,328000.0,0.255
"[328500.0, 329500.0)",234,329000.0,0.234
"[329500.0, 330500.0)",471,330000.0,0.471
"[330500.0, 331500.0)",390,331000.0,0.39
"[331500.0, 332500.0)",222,332000.0,0.222
"[332500.0, 333500.0)",217,333000.0,0.217
"[333500.0, 334500.0)",126,334000.0,0.126
"[334500.0, 335500.0)",345,335000.0,0.345
"[335500.0, 336500.0)",218,336000.0,0.218
"[336500.0, 337500.0)",187,337000.0,0.187
"[337500.0, 338500.0)",224,338000.0,0.224
"[338500.0, 339500.0)",459,339000.0,0.459
"[339500.0, 340500.0)",138,340000.0,0.138
"[340500.0, 341500.0)",24,341000.0,0.024
"[341500.0, 342500.0)",33,342000.0,0.033
"[342500.0, 343500.0)",139,343000.0,0.139
"[343500.0, 344500.0)",70,344000.0,0.07
"[344500.0, 345500.0)",6,345000.0,0.006
"[345500.0, 346500.0)",7,346000.0,0.007
"[346500.0, 347500.0)",44,347000.0,0.044
"[347500.0, 348500.0)",19,348000.0,0.019
"[348500.0, 349500.0)",58,349000.0,0.058
"[349500.0, 350500.0)",148,350000.0,0.148
"[350500.0, 351500.0)",82,351000.0,0.082
"[351500.0, 352500.0)",44,352000.0,0.044
"[352500.0, 353500.0)",96,353000.0,0.096
"[353500.0, 354500.0)",75,354000.0,0.075
"[354500.0, 355500.0)",65,355000.0,0.065
"[355500.0, 356500.0)",18,356000.0,0.018
"[356500.0, 357500.0)",6,357000.0,0.006
"[357500.0, 358500.0)",15,358000.0,0.015
"[358500.0, 359500.0)",57,359000.0,0.057
"[359500.0, 360500.0)",98,360000.0,0.098
"[360500.0, 361500.0)",42,361000.0,0.042
"[361500.0, 362500.0)",72,362000.0,0.072
"[362500.0, 363500.0)",112,363000.0,0.112
"[363500.0, 364500.0)",122,364000.0,0.122
"[364500.0, 365500.0)",66,365000.0,0.066
"[365500.0, 366500.0)",55,366000.0,0.055
"[366500.0, 367500.0)",46,367000.0,0.046
"[367500.0, 368500.0)",13,368000.0,0.013
"[368500.0, 369500.0)",11,369000.0,0.011
"[369500.0, 370500.0)",68,370000.0,0.068
"[370500.0, 371500.0)",64,371000.0,0.064
"[371500.0, 372500.0)",69,372000.0,0.069
"[372500.0, 373500.0)",56,373000.0,0.056
"[373500.0, 374500.0)",64,374000.0,0.064
"[374500.0, 375500.0)",22,375000.0,0.022
"[375500.0, 376500.0)",28,376000.0,0.028
"[376500.0, 377500.0)",76,377000.0,0.076
"[377500.0, 378500.0)",61,378000.0,0.061
"[378500.0, 379500.0)",63,379000.0,0.063
"[379500.0, 380500.0)",38,380000.0,0.038
"[380500.0, 381500.0)",30,381000.0,0.03
"[381500.0, 382500.0)",26,382000.0,0.026
"[382500.0, 383500.0)",35,383000.0,0.035
"[383500.0, 384500.0)",73,384000.0,0.073
"[384500.0, 385500.0)",66,385000.0,0.066
"[385500.0, 386500.0)",55,386000.0,0.055
"[386500.0, 387500.0)",41,387000.0,0.041
"[387500.0, 388500.0)",33,388000.0,0.033
"[388500.0, 389500.0)",68,389000.0,0.068
"[389500.0, 390500.0)",88,390000.0,0.088
"[390500.0, 391500.0)",42,391000.0,0.042
"[391500.0, 392500.0)",18,392000.0,0.018
"[392500.0, 393500.0)",48,393000.0,0.048
"[393500.0, 394500.0)",23,394000.0,0.023
"[394500.0, 395500.0)",59,395000.0,0.059
"[395500.0, 396500.0)",6,396000.0,0.006
"[396500.0, 397500.0)",19,397000.0,0.019
"[397500.0, 398500.0)",53,398000.0,0.053
"[398500.0, 399500.0)",36,399000.0,0.036
"[399500.0, 400500.0)",59,400000.0,0.059
"[400500.0, 401500.0)",79,401000.0,0.079
"[401500.0, 402500.0)",60,402000.0,0.06
"[402500.0, 403500.0)",185,403000.0,0.185
"[403500.0, 404500.0)",37,404000.0,0.037
"[404500.0, 405500.0)",21,405000.0,0.021
"[405500.0, 406500.0)",43,406000.0,0.043
"[406500.0, 407500.0)",37,407000.0,0.037
"[407500.0, 408500.0)",93,408000.0,0.093
"[408500.0, 409500.0)",39,409000.0,0.039
"[409500.0, 410500.0)",53,410000.0,0.053
"[410500.0, 411500.0)",72,411000.0,0.072
"[411500.0, 412500.0)",32,412000.0,0.032
"[412500.0, 413500.0)",15,413000.0,0.015
"[413500.0, 414500.0)",56,414000.0,0.056
"[414500.0, 415500.0)",17,415000.0,0.017
"[415500.0, 416500.0)",124,416000.0,0.124
"[416500.0, 417500.0)",75,417000.0,0.075
"[417500.0, 418500.0)",47,418000.0,0.047
"[418500.0, 419500.0)",35,419000.0,0.035
"[419500.0, 420500.0)",45,420000.0,0.045
"[420500.0, 421500.0)",28,421000.0,0.028
"[421500.0, 422500.0)",87,422000.0,0.087
"[422500.0, 423500.0)",117,423000.0,0.117
"[423500.0, 424500.0)",26,424000.0,0.026
"[424500.0, 425500.0)",49,425000.0,0.049
"[425500.0, 426500.0)",71,426000.0,0.071
"[426500.0, 427500.0)",33,427000.0,0.033
"[427500.0, 428500.0)",49,428000.0,0.049
"[428500.0, 429500.0)",20,429000.0,0.02
"[429500.0, 430500.0)",9,430000.0,0.009
"[430500.0, 431500.0)",52,431000.0,0.052
"[431500.0, 432500.0)",57,432000.0,0.057
"[432500.0, 433500.0)",11,433000.0,0.011
"[433500.0, 434500.0)",14,434000.0,0.014
"[434500.0, 435500.0)",55,435000.0,0.055
"[435500.0, 436500.0)",45,436000.0,0.045
"[436500.0, 437500.0)",54,437000.0,0.054
"[437500.0, 438500.0)",74,438000.0,0.074
"[438500.0, 439500.0)",7,439000.0,0.007
"[439500.0, 440500.0)",29,440000.0,0.029
"[440500.0, 441500.0)",57,441000.0,0.057
"[441500.0, 442500.0)",70,442000.0,0.07
"[442500.0, 443500.0)",487,443000.0,0.487
"[443500.0, 444500.0)",247,444000.0,0.247
"[444500.0, 445500.0)",155,445000.0,0.155
"[445500.0, 446500.0)",117,446000.0,0.117
"[446500.0, 447500.0)",206,447000.0,0.206
"[447500.0, 448500.0)",146,448000.0,0.146
"[448500.0, 449500.0)",48,449000.0,0.048
"[449500.0, 450500.0)",45,450000.0,0.045
"[450500.0, 451500.0)",59,451000.0,0.059
"[451500.0, 452500.0)",105,452000.0,0.105
"[452500.0, 453500.0)",108,453000.0,0.108
"[453500.0, 454500.0)",62,454000.0,0.062
"[454500.0, 455500.0)",73,455000.0,0.073
"[455500.0, 456500.0)",107,456000.0,0.107
"[456500.0, 457500.0)",43,457000.0,0.043
"[457500.0, 458500.0)",39,458000.0,0.039
"[458500.0, 459500.0)",56,459000.0,0.056
"[459500.0, 460500.0)",47,460000.0,0.047
"[460500.0, 461500.0)",132,461000.0,0.132
"[461500.0, 462500.0)",48,462000.0,0.048
"[462500.0, 463500.0)",38,463000.0,0.038
"[463500.0, 464500.0)",38,464000.0,0.038
"[464500.0, 465500.0)",26,465000.0,0.026
"[465500.0, 466500.0)",41,466000.0,0.041
"[466500.0, 467500.0)",30,467000.0,0.03
"[467500.0, 468500.0)",2,468000.0,0.002
"[468500.0, 469500.0)",20,469000.0,0.02
"[469500.0, 470500.0)",32,470000.0,0.032
"[470500.0, 471500.0)",33,471000.0,0.033
"[471500.0, 472500.0)",15,472000.0,0.015
"[472500.0, 473500.0)",52,473000.0,0.052
"[473500.0, 474500.0)",8,474000.0,0.008
"[474500.0, 475500.0)",19,475000.0,0.019
"[475500.0, 476500.0)",89,476000.0,0.089
"[476500.0, 477500.0)",48,477000.0,0.048
"[477500.0, 478500.0)",74,478000.0,0.074
"[478500.0, 479500.0)",7,479000.0,0.007
"[479500.0, 480500.0)",28,480000.0,0.028
"[480500.0, 481500.0)",26,481000.0,0.026
"[481500.0, 482500.0)",36,482000.0,0.036
"[482500.0, 483500.0)",88,483000.0,0.088
"[483500.0, 484500.0)",25,484000.0,0.025
"[484500.0, 485500.0)",53,485000.0,0.053
"[485500.0, 486500.0)",43,486000.0,0.043
"[486500.0, 487500.0)",6,487000.0,0.006
"[487500.0, 488500.0)",8,488000.0,0.008
"[488500.0, 489500.0)",56,489000.0,0.056
"[489500.0, 490500.0)",67,490000.0,0.067
"[490500.0, 491500.0)",40,491000.0,0.04
"[491500.0, 492500.0)",70,492000.0,0.07
"[492500.0, 493500.0)",48,493000.0,0.048
"[493500.0, 494500.0)",89,494000.0,0.089
"[494500.0, 495500.0)",189,495000.0,0.189
"[495500.0, 496500.0)",98,496000.0,0.098
"[496500.0, 497500.0)",80,497000.0,0.08
"[497500.0, 498500.0)",53,498000.0,0.053
"[498500.0, 499500.0)",61,499000.0,0.061
"[499500.0, 500500.0)",177,500000.0,0.177
"[500500.0, 501500.0)",454,501000.0,0.454
"[501500.0, 502500.0)",191,502000.0,0.191
"[502500.0, 503500.0)",232,503000.0,0.232
"[503500.0, 504500.0)",197,504000.0,0.197
"[504500.0, 505500.0)",181,505000.0,0.181
"[505500.0, 506500.0)",162,506000.0,0.162
"[506500.0, 507500.0)",129,507000.0,0.129
"[507500.0, 508500.0)",96,508000.0,0.096
"[508500.0, 509500.0)",96,509000.0,0.096
"[509500.0, 510500.0)",72,510000.0,0.072
"[510500.0, 511500.0)",60,511000.0,0.06
"[511500.0, 512500.0)",62,512000.0,0.062
"[512500.0, 513500.0)",12,513000.0,0.012
"[513500.0, 514500.0)",37,514000.0,0.037
"[514500.0, 515500.0)",71,515000.0,0.071
"[515500.0, 516500.0)",31,516000.0,0.031
"[516500.0, 517500.0)",24,517000.0,0.024
"[517500.0, 518500.0)",71,518000.0,0.071
"[518500.0, 519500.0)",81,519000.0,0.081
"[519500.0, 520500.0)",25,520000.0,0.025
"[520500.0, 521500.0)",26,521000.0,0.026
"[521500.0, 522500.0)",66,522000.0,0.066
"[522500.0, 523500.0)",50,523000.0,0.05
"[523500.0, 524500.0)",19,524000.0,0.019
"[524500.0, 525500.0)",65,525000.0,0.065
"[525500.0, 526500.0)",24,526000.0,0.024
"[526500.0, 527500.0)",96,527000.0,0.096
"[527500.0, 528500.0)",40,528000.0,0.04
"[528500.0, 529500.0)",62,529000.0,0.062
"[529500.0, 530500.0)",67,530000.0,0.067
"[530500.0, 531500.0)",37,531000.0,0.037
"[531500.0, 532500.0)",51,532000.0,0.051
"[532500.0, 533500.0)",12,533000.0,0.012
"[533500.0, 534500.0)",14,534000.0,0.014
"[534500.0, 535500.0)",10,535000.0,0.01
"[535500.0, 536500.0)",30,536000.0,0.03
"[536500.0, 537500.0)",56,537000.0,0.056
"[537500.0, 538500.0)",10,538000.0,0.01
"[538500.0, 539500.0)",14,539000.0,0.014
"[539500.0, 540500.0)",76,540000.0,0.076
"[540500.0, 541500.0)",29,541000.0,0.029
"[541500.0, 542500.0)",3,542000.0,0.003
"[542500.0, 543500.0)",65,543000.0,0.065
"[543500.0, 544500.0)",10,544000.0,0.01
"[544500.0, 545500.0)",1,545000.0,0.001
"[545500.0, 546500.0)",32,546000.0,0.032
"[546500.0, 547500.0)",13,547000.0,0.013
"[547500.0, 548500.0)",13,548000.0,0.013
"[548500.0, 549500.0)",65,549000.0,0.065
"[549500.0, 550500.0)",32,550000.0,0.032
"[550500.0, 551500.0)",30,551000.0,0.03
"[551500.0, 552500.0)",37,552000.0,0.037
"[552500.0, 553500.0)",85,553000.0,0.085
"[553500.0, 554500.0)",127,554000.0,0.127
"[554500.0, 555500.0)",44,555000.0,0.044
"[555500.0, 556500.0)",37,556000.0,0.037
"[556500.0, 557500.0)",44,557000.0,0.044
"[557500.0, 558500.0)",24,558000.0,0.024
"[558500.0, 559500.0)",15,559000.0,0.015
"[559500.0, 560500.0)",73,560000.0,0.073
"[560500.0, 561500.0)",49,561000.0,0.049
"[561500.0, 562500.0)",44,562000.0,0.044
"[562500.0, 563500.0)",65,563000.0,0.065
"[563500.0, 564500.0)",67,564000.0,0.067
"[564500.0, 565500.0)",32,565000.0,0.032
"[565500.0, 566500.0)",20,566000.0,0.02
"[566500.0, 567500.0)",61,567000.0,0.061
"[567500.0, 568500.0)",13,568000.0,0.013
"[568500.0, 569500.0)",65,569000.0,0.065
"[569500.0, 570500.0)",34,570000.0,0.034
"[570500.0, 571500.0)",53,571000.0,0.053
"[571500.0, 572500.0)",144,572000.0,0.144
"[572500.0, 573500.0)",113,573000.0,0.113
"[573500.0, 574500.0)",69,574000.0,0.069
"[574500.0, 575500.0)",106,575000.0,0.106
"[575500.0, 576500.0)",67,576000.0,0.067
"[576500.0, 577500.0)",149,577000.0,0.149
"[577500.0, 578500.0)",90,578000.0,0.09
"[578500.0, 579500.0)",47,579000.0,0.047
"[579500.0, 580500.0)",84,580000.0,0.084
"[580500.0, 581500.0)",138,581000.0,0.138
"[581500.0, 582500.0)",64,582000.0,0.064
"[582500.0, 583500.0)",62,583000.0,0.062
"[583500.0, 584500.0)",71,584000.0,0.071
"[584500.0, 585500.0)",17,585000.0,0.017
"[585500.0, 586500.0)",23,586000.0,0.023
"[586500.0, 587500.0)",61,587000.0,0.061
"[587500.0, 588500.0)",10,588000.0,0.01
"[588500.0, 589500.0)",12,589000.0,0.012
"[589500.0, 590500.0)",8,590000.0,0.008
"[590500.0, 591500.0)",13,591000.0,0.013
"[591500.0, 592500.0)",8,592000.0,0.008
"[592500.0, 593500.0)",47,593000.0,0.047
"[593500.0, 594500.0)",34,594000.0,0.034
"[594500.0, 595500.0)",77,595000.0,0.077
"[595500.0, 596500.0)",45,596000.0,0.045
"[596500.0, 597500.0)",109,597000.0,0.109
"[597500.0, 598500.0)",44,598000.0,0.044
"[598500.0, 599500.0)",21,599000.0,0.021
"[599500.0, 600500.0)",25,600000.0,0.025
"[600500.0, 601500.0)",49,601000.0,0.049
"[601500.0, 602500.0)",22,602000.0,0.022
"[602500.0, 603500.0)",15,603000.0,0.015
"[603500.0, 604500.0)",6,604000.0,0.006
"[604500.0, 605500.0)",8,605000.0,0.008
"[605500.0, 606500.0)",63,606000.0,0.063
"[606500.0, 607500.0)",35,607000.0,0.035
"[607500.0, 608500.0)",116,608000.0,0.116
"[608500.0, 609500.0)",52,609000.0,0.052
"[609500.0, 610500.0)",22,610000.0,0.022
"[610500.0, 611500.0)",28,611000.0,0.028
"[611500.0, 612500.0)",34,612000.0,0.034
"[612500.0, 613500.0)",43,613000.0,0.043
"[613500.0, 614500.0)",85,614000.0,0.085
"[614500.0, 615500.0)",24,615000.0,0.024
"[615500.0, 616500.0)",69,616000.0,0.069
"[616500.0, 617500.0)",28,617000.0,0.028
"[617500.0, 618500.0)",32,618000.0,0.032
"[618500.0, 619500.0)",20,619000.0,0.02
"[619500.0, 620500.0)",18,620000.0,0.018
"[620500.0, 621500.0)",46,621000.0,0.046
"[621500.0, 622500.0)",6,622000.0,0.006
"[622500.0, 623500.0)",16,623000.0,0.016
"[623500.0, 624500.0)",9,624000.0,0.009
"[624500.0, 625500.0)",23,625000.0,0.023
"[625500.0, 626500.0)",29,626000.0,0.029
"[626500.0, 627500.0)",74,627000.0,0.074
"[627500.0, 628500.0)",72,628000.0,0.072
"[628500.0, 629500.0)",20,629000.0,0.02
"[629500.0, 630500.0)",25,630000.0,0.025
"[630500.0, 631500.0)",140,631000.0,0.14
"[631500.0, 632500.0)",84,632000.0,0.084
"[632500.0, 633500.0)",210,633000.0,0.21
"[633500.0, 634500.0)",116,634000.0,0.116
"[634500.0, 635500.0)",43,635000.0,0.043
"[635500.0, 636500.0)",35,636000.0,0.035
"[636500.0, 637500.0)",79,637000.0,0.079
"[637500.0, 638500.0)",27,638000.0,0.027
"[638500.0, 639500.0)",100,639000.0,0.1
"[639500.0, 640500.0)",30,640000.0,0.03
"[640500.0, 641500.0)",37,641000.0,0.037
"[641500.0, 642500.0)",65,642000.0,0.065
"[642500.0, 643500.0)",105,643000.0,0.105
"[643500.0, 644500.0)",62,644000.0,0.062
"[644500.0, 645500.0)",56,645000.0,0.056
"[645500.0, 646500.0)",150,646000.0,0.15
"[646500.0, 647500.0)",15,647000.0,0.015
"[647500.0, 648500.0)",2,648000.0,0.002
"[648500.0, 649500.0)",26,649000.0,0.026
"[649500.0, 650500.0)",9,650000.0,0.009
"[650500.0, 651500.0)",20,651000.0,0.02
"[651500.0, 652500.0)",66,652000.0,0.066
"[652500.0, 653500.0)",32,653000.0,0.032
"[653500.0, 654500.0)",39,654000.0,0.039
"[654500.0, 655500.0)",21,655000.0,0.021
"[655500.0, 656500.0)",36,656000.0,0.036
"[656500.0, 657500.0)",17,657000.0,0.017
"[657500.0, 658500.0)",79,658000.0,0.079
"[658500.0, 659500.0)",68,659000.0,0.068
"[659500.0, 660500.0)",18,660000.0,0.018
"[660500.0, 661500.0)",12,661000.0,0.012
"[661500.0, 662500.0)",10,662000.0,0.01
"[662500.0, 663500.0)",8,663000.0,0.008
"[663500.0, 664500.0)",41,664000.0,0.041
"[664500.0, 665500.0)",71,665000.0,0.071
"[665500.0, 666500.0)",73,666000.0,0.073
"[666500.0, 667500.0)",49,667000.0,0.049
"[667500.0, 668500.0)",155,668000.0,0.155
"[668500.0, 669500.0)",74,669000.0,0.074
"[669500.0, 670500.0)",62,670000.0,0.062
"[670500.0, 671500.0)",57,671000.0,0.057
"[671500.0, 672500.0)",99,672000.0,0.099
"[672500.0, 673500.0)",24,673000.0,0.024
"[673500.0, 674500.0)",10,674000.0,0.01
"[674500.0, 675500.0)",10,675000.0,0.01
"[675500.0, 676500.0)",118,676000.0,0.118
"[676500.0, 677500.0)",127,677000.0,0.127
"[677500.0, 678500.0)",94,678000.0,0.094
"[678500.0, 679500.0)",59,679000.0,0.059
"[679500.0, 680500.0)",106,680000.0,0.106
"[680500.0, 681500.0)",40,681000.0,0.04
"[681500.0, 682500.0)",52,682000.0,0.052
"[682500.0, 683500.0)",60,683000.0,0.06
"[683500.0, 684500.0)",46,684000.0,0.046
"[684500.0, 685500.0)",41,685000.0,0.041
"[685500.0, 686500.0)",24,686000.0,0.024
"[686500.0, 687500.0)",139,687000.0,0.139
"[687500.0, 688500.0)",47,688000.0,0.047
"[688500.0, 689500.0)",137,689000.0,0.137
"[689500.0, 690500.0)",97,690000.0,0.097
"[690500.0, 691500.0)",22,691000.0,0.022
"[691500.0, 692500.0)",23,692000.0,0.023
"[692500.0, 693500.0)",61,693000.0,0.061
"[693500.0, 694500.0)",8,694000.0,0.008
"[694500.0, 695500.0)",50,695000.0,0.05
"[695500.0, 696500.0)",25,696000.0,0.025
"[696500.0, 697500.0)",51,697000.0,0.051
"[697500.0, 698500.0)",67,698000.0,0.067
"[698500.0, 699500.0)",69,699000.0,0.069
"[699500.0, 700500.0)",41,700000.0,0.041
"[700500.0, 701500.0)",52,701000.0,0.052
"[701500.0, 702500.0)",34,702000.0,0.034
"[702500.0, 703500.0)",55,703000.0,0.055
"[703500.0, 704500.0)",77,704000.0,0.077
"[704500.0, 705500.0)",76,705000.0,0.076
"[705500.0, 706500.0)",42,706000.0,0.042
"[706500.0, 707500.0)",57,707000.0,0.057
"[707500.0, 708500.0)",87,708000.0,0.087
"[708500.0, 709500.0)",29,709000.0,0.029
"[709500.0, 710500.0)",7,710000.0,0.007
"[710500.0, 711500.0)",34,711000.0,0.034
"[711500.0, 712500.0)",30,712000.0,0.03
"[712500.0, 713500.0)",21,713000.0,0.021
"[713500.0, 714500.0)",16,714000.0,0.016
"[714500.0, 715500.0)",18,715000.0,0.018
"[715500.0, 716500.0)",36,716000.0,0.036
"[716500.0, 717500.0)",23,717000.0,0.023
"[717500.0, 718500.0)",54,718000.0,0.054
"[718500.0, 719500.0)",17,719000.0,0.017
"[719500.0, 720500.0)",66,720000.0,0.066
"[720500.0, 721500.0)",122,721000.0,0.122
"[721500.0, 722500.0)",49,722000.0,0.049
"[722500.0, 723500.0)",94,723000.0,0.094
"[723500.0, 724500.0)",142,724000.0,0.142
"[724500.0, 725500.0)",76,725000.0,0.076
"[725500.0, 726500.0)",21,726000.0,0.021
"[726500.0, 727500.0)",174,727000.0,0.174
"[727500.0, 728500.0)",64,728000.0,0.064
"[728500.0, 729500.0)",47,729000.0,0.047
"[729500.0, 730500.0)",23,730000.0,0.023
"[730500.0, 731500.0)",25,731000.0,0.025
"[731500.0, 732500.0)",16,732000.0,0.016
"[732500.0, 733500.0)",8,733000.0,0.008
"[733500.0, 734500.0)",70,734000.0,0.07
"[734500.0, 735500.0)",8,735000.0,0.008
"[735500.0, 736500.0)",15,736000.0,0.015
"[736500.0, 737500.0)",2,737000.0,0.002
"[737500.0, 738500.0)",51,738000.0,0.051
"[738500.0, 739500.0)",11,739000.0,0.011
"[739500.0, 740500.0)",1,740000.0,0.001
"[740500.0, 741500.0)",15,741000.0,0.015
"[741500.0, 742500.0)",51,742000.0,0.051
"[742500.0, 743500.0)",55,743000.0,0.055
"[743500.0, 744500.0)",19,744000.0,0.019
"[744500.0, 745500.0)",36,745000.0,0.036
"[745500.0, 746500.0)",50,746000.0,0.05
"[746500.0, 747500.0)",91,747000.0,0.091
"[747500.0, 748500.0)",74,748000.0,0.074
"[748500.0, 749500.0)",45,749000.0,0.045
"[749500.0, 750500.0)",35,750000.0,0.035
"[750500.0, 751500.0)",42,751000.0,0.042
"[751500.0, 752500.0)",138,752000.0,0.138
"[752500.0, 753500.0)",59,753000.0,0.059
"[753500.0, 754500.0)",52,754000.0,0.052
"[754500.0, 755500.0)",20,755000.0,0.02
"[755500.0, 756500.0)",86,756000.0,0.086
"[756500.0, 757500.0)",28,757000.0,0.028
"[757500.0, 758500.0)",15,758000.0,0.015
"[758500.0, 759500.0)",86,759000.0,0.086
"[759500.0, 760500.0)",23,760000.0,0.023
"[760500.0, 761500.0)",3,761000.0,0.003
"[761500.0, 762500.0)",35,762000.0,0.035
"[762500.0, 763500.0)",13,763000.0,0.013
"[763500.0, 764500.0)",78,764000.0,0.078
"[764500.0, 765500.0)",26,765000.0,0.026
"[765500.0, 766500.0)",24,766000.0,0.024
"[766500.0, 767500.0)",17,767000.0,0.017
"[767500.0, 768500.0)",75,768000.0,0.075
"[768500.0, 769500.0)",29,769000.0,0.029
"[769500.0, 770500.0)",19,770000.0,0.019
"[770500.0, 771500.0)",139,771000.0,0.139
"[771500.0, 772500.0)",78,772000.0,0.078
"[772500.0, 773500.0)",37,773000.0,0.037
"[773500.0, 774500.0)",111,774000.0,0.111
"[774500.0, 775500.0)",19,775000.0,0.019
"[775500.0, 776500.0)",31,776000.0,0.031
"[776500.0, 777500.0)",56,777000.0,0.056
"[777500.0, 778500.0)",47,778000.0,0.047
"[778500.0, 779500.0)",74,779000.0,0.074
"[779500.0, 780500.0)",44,780000.0,0.044
"[780500.0, 781500.0)",120,781000.0,0.12
"[781500.0, 782500.0)",101,782000.0,0.101
"[782500.0, 783500.0)",92,783000.0,0.092
"[783500.0, 784500.0)",22,784000.0,0.022
"[784500.0, 785500.0)",12,785000.0,0.012
"[785500.0, 786500.0)",24,786000.0,0.024
"[786500.0, 787500.0)",54,787000.0,0.054
"[787500.0, 788500.0)",30,788000.0,0.03
"[788500.0, 789500.0)",33,789000.0,0.033
"[789500.0, 790500.0)",86,790000.0,0.086
"[790500.0, 791500.0)",242,791000.0,0.242
"[791500.0, 792500.0)",190,792000.0,0.19
"[792500.0, 793500.0)",154,793000.0,0.154
"[793500.0, 794500.0)",163,794000.0,0.163
"[794500.0, 795500.0)",166,795000.0,0.166
"[795500.0, 796500.0)",165,796000.0,0.165
"[796500.0, 797500.0)",119,797000.0,0.119
"[797500.0, 798500.0)",21,798000.0,0.021
"[798500.0, 799500.0)",70,799000.0,0.07
"[799500.0, 800500.0)",50,800000.0,0.05
"[800500.0, 801500.0)",37,801000.0,0.037
"[801500.0, 802500.0)",44,802000.0,0.044
"[802500.0, 803500.0)",93,803000.0,0.093
"[803500.0, 804500.0)",121,804000.0,0.121
"[804500.0, 805500.0)",24,805000.0,0.024
"[805500.0, 806500.0)",30,806000.0,0.03
"[806500.0, 807500.0)",54,807000.0,0.054
"[807500.0, 808500.0)",31,808000.0,0.031
"[808500.0, 809500.0)",16,809000.0,0.016
"[809500.0, 810500.0)",53,810000.0,0.053
"[810500.0, 811500.0)",25,811000.0,0.025
"[811500.0, 812500.0)",66,812000.0,0.066
"[812500.0, 813500.0)",81,813000.0,0.081
"[813500.0, 814500.0)",52,814000.0,0.052
"[814500.0, 815500.0)",70,815000.0,0.07
"[815500.0, 816500.0)",20,816000.0,0.02
"[816500.0, 817500.0)",21,817000.0,0.021
"[817500.0, 818500.0)",26,818000.0,0.026
"[818500.0, 819500.0)",30,819000.0,0.03
"[819500.0, 820500.0)",45,820000.0,0.045
"[820500.0, 821500.0)",39,821000.0,0.039
"[821500.0, 822500.0)",48,822000.0,0.048
"[822500.0, 823500.0)",9,823000.0,0.009
"[823500.0, 824500.0)",15,824000.0,0.015
"[824500.0, 825500.0)",77,825000.0,0.077
"[825500.0, 826500.0)",161,826000.0,0.161
"[826500.0, 827500.0)",158,827000.0,0.158
"[827500.0, 828500.0)",152,828000.0,0.152
"[828500.0, 829500.0)",183,829000.0,0.183
"[829500.0, 830500.0)",217,830000.0,0.217
"[830500.0, 831500.0)",82,831000.0,0.082
"[831500.0, 832500.0)",70,832000.0,0.07
"[832500.0, 833500.0)",29,833000.0,0.029
"[833500.0, 834500.0)",10,834000.0,0.01
"[834500.0, 835500.0)",11,835000.0,0.011
"[835500.0, 836500.0)",42,836000.0,0.042
"[836500.0, 837500.0)",35,837000.0,0.035
"[837500.0, 838500.0)",33,838000.0,0.033
"[838500.0, 839500.0)",33,839000.0,0.033
"[839500.0, 840500.0)",97,840000.0,0.097
"[840500.0, 841500.0)",36,841000.0,0.036
"[841500.0, 842500.0)",68,842000.0,0.068
"[842500.0, 843500.0)",3,843000.0,0.003
"[843500.0, 844500.0)",11,844000.0,0.011
"[844500.0, 845500.0)",9,845000.0,0.009
"[845500.0, 846500.0)",5,846000.0,0.005
"[846500.0, 847500.0)",8,847000.0,0.008
"[847500.0, 848500.0)",11,848000.0,0.011
"[848500.0, 849500.0)",50,849000.0,0.05
"[849500.0, 850500.0)",42,850000.0,0.042
"[850500.0, 851500.0)",69,851000.0,0.069
"[851500.0, 852500.0)",51,852000.0,0.051
"[852500.0, 853500.0)",40,853000.0,0.04
"[853500.0, 854500.0)",48,854000.0,0.048
"[854500.0, 855500.0)",56,855000.0,0.056
"[855500.0, 856500.0)",31,856000.0,0.031
"[856500.0, 857500.0)",36,857000.0,0.036
"[857500.0, 858500.0)",26,858000.0,0.026
"[858500.0, 859500.0)",24,859000.0,0.024
"[859500.0, 860500.0)",86,860000.0,0.086
"[860500.0, 861500.0)",172,861000.0,0.172
"[861500.0, 862500.0)",179,862000.0,0.179
"[862500.0, 863500.0)",99,863000.0,0.099
"[863500.0, 864500.0)",35,864000.0,0.035
"[864500.0, 865500.0)",21,865000.0,0.021
"[865500.0, 866500.0)",3,866000.0,0.003
"[866500.0, 867500.0)",41,867000.0,0.041
"[867500.0, 868500.0)",71,868000.0,0.071
"[868500.0, 869500.0)",34,869000.0,0.034
"[869500.0, 870500.0)",23,870000.0,0.023
"[870500.0, 871500.0)",51,871000.0,0.051
"[871500.0, 872500.0)",66,872000.0,0.066
"[872500.0, 873500.0)",82,873000.0,0.082
"[873500.0, 874500.0)",85,874000.0,0.085
"[874500.0, 875500.0)",33,875000.0,0.033
"[875500.0, 876500.0)",15,876000.0,0.015
"[876500.0, 877500.0)",101,877000.0,0.101
"[877500.0, 878500.0)",104,878000.0,0.104
"[878500.0, 879500.0)",31,879000.0,0.031
"[879500.0, 880500.0)",61,880000.0,0.061
"[880500.0, 881500.0)",67,881000.0,0.067
"[881500.0, 882500.0)",53,882000.0,0.053
"[882500.0, 883500.0)",34,883000.0,0.034
"[883500.0, 884500.0)",54,884000.0,0.054
"[884500.0, 885500.0)",94,885000.0,0.094
"[885500.0, 886500.0)",21,886000.0,0.021
"[886500.0, 887500.0)",23,887000.0,0.023
"[887500.0, 888500.0)",59,888000.0,0.059
"[888500.0, 889500.0)",40,889000.0,0.04
"[889500.0, 890500.0)",20,890000.0,0.02
"[890500.0, 891500.0)",39,891000.0,0.039
"[891500.0, 892500.0)",75,892000.0,0.075
"[892500.0, 893500.0)",110,893000.0,0.11
"[893500.0, 894500.0)",23,894000.0,0.023
"[894500.0, 895500.0)",14,895000.0,0.014
"[895500.0, 896500.0)",9,896000.0,0.009
"[896500.0, 897500.0)",21,897000.0,0.021
"[897500.0, 898500.0)",42,898000.0,0.042
"[898500.0, 899500.0)",27,899000.0,0.027
"[899500.0, 900500.0)",21,900000.0,0.021
"[900500.0, 901500.0)",89,901000.0,0.089
"[901500.0, 902500.0)",54,902000.0,0.054
"[902500.0, 903500.0)",18,903000.0,0.018
"[903500.0, 904500.0)",72,904000.0,0.072
"[904500.0, 905500.0)",51,905000.0,0.051
"[905500.0, 906500.0)",82,906000.0,0.082
"[906500.0, 907500.0)",4,907000.0,0.004
"[907500.0, 908500.0)",35,908000.0,0.035
"[908500.0, 909500.0)",21,909000.0,0.021
"[909500.0, 910500.0)",46,910000.0,0.046
"[910500.0, 911500.0)",5,911000.0,0.005
"[911500.0, 912500.0)",33,912000.0,0.033
"[912500.0, 913500.0)",36,913000.0,0.036
"[913500.0, 914500.0)",156,914000.0,0.156
"[914500.0, 915500.0)",189,915000.0,0.189
"[915500.0, 916500.0)",192,916000.0,0.192
"[916500.0, 917500.0)",289,917000.0,0.289
"[917500.0, 918500.0)",210,918000.0,0.21
"[918500.0, 919500.0)",183,919000.0,0.183
"[919500.0, 920500.0)",253,920000.0,0.253
"[920500.0, 921500.0)",331,921000.0,0.331
"[921500.0, 922500.0)",266,922000.0,0.266
"[922500.0, 923500.0)",152,923000.0,0.152
"[923500.0, 924500.0)",323,924000.0,0.323
"[924500.0, 925500.0)",194,925000.0,0.194
"[925500.0, 926500.0)",185,926000.0,0.185
"[926500.0, 927500.0)",243,927000.0,0.243
"[927500.0, 928500.0)",0,928000.0,0.0
"[928500.0, 929500.0)",0,929000.0,0.0
