Count,Frequency,Percentage
1,271963,23.56122680592784
2,135496,11.738552624055473
3,79246,6.865393378741071
4,55366,4.796574840463595
5,42898,3.7164228498755074
6,36613,3.1719285235323773
7,31268,2.708870102799836
8,27583,2.3896240260179056
9,24825,2.1506876135987567
10,22559,1.9543751007119576
11,20561,1.7812804843183903
12,18561,1.6080126000405446
13,17333,1.5016261190939475
14,16096,1.3944599326681002
15,14865,1.2878135498950862
16,14059,1.2179865925311146
17,13009,1.1270209532852455
18,12094,1.0477508962281314
19,11808,1.0229735887763995
20,10840,0.9391119327859224
21,10203,0.8839261116434285
22,9749,0.8445943019123577
23,9145,0.7922674008604482
24,8715,0.7550148057407116
25,8357,0.7239998544549772
26,7929,0.6869205272195182
27,7525,0.6519204145953935
28,7182,0.622204972441743
29,6923,0.599766781427762
30,6676,0.5783681977194481
31,6225,0.539296289814794
32,6006,0.5203234564863699
33,5858,0.5075016330498093
34,5581,0.48350403107732776
35,5259,0.45560790170859455
36,5064,0.43871428299150467
37,4818,0.41740233322532966
38,4563,0.3953106779799044
39,4419,0.3828353903118995
40,4259,0.3689739595696719
41,4004,0.3468823043242466
42,3920,0.33960505318457707
43,3807,0.3298154177228788
44,3675,0.318379737360541
45,3555,0.3079836643038703
46,3441,0.2981073949000331
47,3268,0.2831197229099995
48,3181,0.2755825699439132
49,3037,0.2631072822759083
50,2768,0.23980275184053812
51,2921,0.25305774498779326
52,2665,0.23087945580022906
53,2629,0.22776063388322784
54,2489,0.21563188198377867
55,2486,0.2153719801573619
56,2337,0.20246352277866242
57,2253,0.19518627163899288
58,2171,0.18808228838360122
59,2175,0.18842882415215692
60,2044,0.17707977773195804
61,2067,0.17907235840115326
62,1866,0.1616589360312298
63,1899,0.16451785612181424
64,1852,0.16044606084128488
65,1701,0.14736433557830755
66,1755,0.1520425684538094
67,1580,0.1368816285794979
68,1644,0.14242620087638894
69,1578,0.13670836069522005
70,1463,0.12674545734924395
71,1513,0.1310771544561901
72,1464,0.12683209129138287
73,1333,0.11548304487118399
74,1392,0.12059444745738043
75,1338,0.11591621458187862
76,1274,0.11037164228498755
77,1215,0.1052602396987911
78,1196,0.10361419479815158
79,1175,0.10179488201323421
80,1106,0.09581714000564853
81,1042,0.09027256770875748
82,1030,0.08923296040309041
83,1036,0.08975276405592394
84,1017,0.08810671915528441
85,923,0.07996312859422568
86,937,0.08117600378417059
87,930,0.08056956618919814
88,932,0.08074283407347597
89,874,0.07571806542941846
90,852,0.07381211870236216
91,806,0.06982695736397172
92,814,0.0705200289010831
93,799,0.06922051976899925
94,815,0.07060666284322202
95,697,0.060383857670829134
96,769,0.06662150150483158
97,714,0.061856634687190826
98,696,0.060297223728690216
99,685,0.05934425036516206
100,711,0.06159673286077406
101,682,0.05908434853874529
102,637,0.05518582114249378
103,591,0.051200659804103335
104,622,0.05388631201040993
105,552,0.04782193606068535
106,585,0.0506808561512698
107,565,0.04894817730849134
108,613,0.053106606531159624
109,538,0.046609060870740425
110,542,0.04695559663929612
111,516,0.04470311414368413
112,525,0.04548281962293443
113,503,0.04357687289587813
114,431,0.037339229061875694
115,473,0.04097785463171045
116,492,0.042623899532349976
117,429,0.03716596117759785
118,425,0.03681942540904216
119,451,0.039071907904654146
120,410,0.035519916276958316
121,437,0.03785903271470923
122,365,0.0316213888807068
123,401,0.03474021079770802
124,381,0.03300753195492956
125,370,0.032054558591401404
126,383,0.0331807998392074
127,362,0.03136148705429003
128,337,0.029195638500816957
129,352,0.0304951476329008
130,343,0.029715442153650497
131,352,0.0304951476329008
132,322,0.027896129368733116
133,320,0.027722861484455272
134,312,0.02702978994734389
135,317,0.027462959658038504
136,291,0.025210477162426515
137,314,0.02720305783162174
138,317,0.027462959658038504
139,300,0.025990182641676816
140,263,0.022784726782536676
141,268,0.02321789649323129
142,267,0.023131262551092366
143,275,0.02382433408820375
144,270,0.023391164377509134
145,237,0.020532244286924687
146,251,0.021745119476869603
147,243,0.02105204793975822
148,254,0.02200502130328637
149,261,0.02261145889825883
150,223,0.019319369096979767
151,221,0.019146101212701924
152,196,0.016980252659228853
153,237,0.020532244286924687
154,202,0.01750005631206239
155,206,0.01784659208061808
156,179,0.015507475642867167
157,191,0.01654708294853424
158,198,0.0171535205435067
159,204,0.017673324196340236
160,176,0.0152475738164504
161,204,0.017673324196340236
162,189,0.016373815064256395
163,163,0.014121332568644404
164,176,0.0152475738164504
165,161,0.013948064684366558
166,169,0.014641136221477941
167,163,0.014121332568644404
168,168,0.014554502279339018
169,173,0.014987671990033632
170,155,0.013428261031533023
171,150,0.012995091320838408
172,145,0.012561921610143795
173,143,0.012388653725865948
174,151,0.01308172526297733
175,145,0.012561921610143795
176,137,0.011868850073032414
177,143,0.012388653725865948
178,129,0.011175778535921032
179,160,0.013861430742227636
180,131,0.011349046420198877
181,131,0.011349046420198877
182,121,0.01048270699880965
183,123,0.010655974883087494
184,119,0.010309439114531804
185,99,0.00857676027175335
186,122,0.010569340940948573
187,124,0.010742608825226417
188,105,0.009096563924586886
189,117,0.01013617123025396
190,109,0.009443099693142578
191,103,0.00892329604030904
192,107,0.009269831808864731
193,96,0.008316858445336582
194,123,0.010655974883087494
195,95,0.008230224503197658
196,106,0.009183197866725808
197,85,0.007363885081808431
198,96,0.008316858445336582
199,76,0.006584179602558127
200,100,0.008663394213892273
201,91,0.007883688734641969
202,105,0.009096563924586886
203,76,0.006584179602558127
204,81,0.00701734931325274
205,88,0.0076237869082252
206,87,0.007537152966086277
207,88,0.0076237869082252
208,73,0.006324277776141358
209,68,0.005891108065446745
210,100,0.008663394213892273
211,94,0.008143590561058735
212,78,0.006757447486835972
213,73,0.006324277776141358
214,78,0.006757447486835972
215,70,0.006064375949724591
216,72,0.006237643834002437
217,78,0.006757447486835972
218,58,0.005024768644057518
219,71,0.006151009891863513
220,89,0.007710420850364122
221,61,0.005284670470474286
222,70,0.006064375949724591
223,71,0.006151009891863513
224,73,0.006324277776141358
225,58,0.005024768644057518
226,66,0.005717840181168899
227,46,0.003985161338390445
228,66,0.005717840181168899
229,64,0.0055445722968910545
230,69,0.0059777420075856685
231,75,0.006497545660419204
232,51,0.004418331049085059
233,50,0.004331697106946137
234,57,0.004938134701918595
235,54,0.004678232875501827
236,69,0.0059777420075856685
237,71,0.006151009891863513
238,62,0.005371304412613209
239,53,0.004591598933362904
240,44,0.0038118934541126
241,51,0.004418331049085059
242,49,0.004245063164807213
243,45,0.0038985273962515226
244,47,0.0040717952805293675
245,47,0.0040717952805293675
246,43,0.003725259511973677
247,43,0.003725259511973677
248,59,0.0051114025861964405
249,46,0.003985161338390445
250,43,0.003725259511973677
251,41,0.0035519916276958315
252,37,0.003205455859140141
253,49,0.004245063164807213
254,42,0.0036386255698347544
255,43,0.003725259511973677
256,47,0.0040717952805293675
257,34,0.0029455540327233726
258,34,0.0029455540327233726
259,51,0.004418331049085059
260,55,0.00476486681764075
261,44,0.0038118934541126
262,43,0.003725259511973677
263,40,0.003465357685556909
264,37,0.003205455859140141
265,27,0.0023391164377509137
266,40,0.003465357685556909
267,48,0.004158429222668291
268,33,0.0028589200905844497
269,44,0.0038118934541126
270,35,0.0030321879748622955
271,35,0.0030321879748622955
272,40,0.003465357685556909
273,31,0.0026856522063066044
274,38,0.0032920898012790637
275,33,0.0028589200905844497
276,30,0.002599018264167682
277,30,0.002599018264167682
278,32,0.0027722861484455272
279,29,0.002512384322028759
280,39,0.003378723743417986
281,28,0.002425750379889836
282,39,0.003378723743417986
283,29,0.002512384322028759
284,36,0.0031188219170012184
285,23,0.0019925806691952225
286,26,0.0022524824956119908
287,34,0.0029455540327233726
288,31,0.0026856522063066044
289,33,0.0028589200905844497
290,30,0.002599018264167682
291,23,0.0019925806691952225
292,36,0.0031188219170012184
293,36,0.0031188219170012184
294,29,0.002512384322028759
295,31,0.0026856522063066044
296,18,0.0015594109585006092
297,21,0.0018193127849173772
298,23,0.0019925806691952225
299,27,0.0023391164377509137
300,35,0.0030321879748622955
301,36,0.0031188219170012184
302,22,0.0019059467270563
303,22,0.0019059467270563
304,26,0.0022524824956119908
305,20,0.0017326788427784545
306,26,0.0022524824956119908
307,22,0.0019059467270563
308,18,0.0015594109585006092
309,23,0.0019925806691952225
310,24,0.0020792146113341454
311,28,0.002425750379889836
312,26,0.0022524824956119908
313,23,0.0019925806691952225
314,20,0.0017326788427784545
315,22,0.0019059467270563
316,28,0.002425750379889836
317,20,0.0017326788427784545
318,21,0.0018193127849173772
319,23,0.0019925806691952225
320,31,0.0026856522063066044
321,27,0.0023391164377509137
322,13,0.0011262412478059954
323,18,0.0015594109585006092
324,20,0.0017326788427784545
325,22,0.0019059467270563
326,20,0.0017326788427784545
327,24,0.0020792146113341454
328,19,0.0016460449006395319
329,22,0.0019059467270563
330,18,0.0015594109585006092
331,21,0.0018193127849173772
332,19,0.0016460449006395319
333,9,0.0007797054792503046
334,12,0.0010396073056670727
335,16,0.0013861430742227636
336,11,0.00095297336352815
337,17,0.0014727770163616863
338,20,0.0017326788427784545
339,16,0.0013861430742227636
340,22,0.0019059467270563
341,15,0.001299509132083841
342,13,0.0011262412478059954
343,11,0.00095297336352815
344,16,0.0013861430742227636
345,14,0.001212875189944918
346,17,0.0014727770163616863
347,18,0.0015594109585006092
348,19,0.0016460449006395319
349,19,0.0016460449006395319
350,13,0.0011262412478059954
351,18,0.0015594109585006092
352,9,0.0007797054792503046
353,14,0.001212875189944918
354,21,0.0018193127849173772
355,20,0.0017326788427784545
356,15,0.001299509132083841
357,18,0.0015594109585006092
358,22,0.0019059467270563
359,20,0.0017326788427784545
360,19,0.0016460449006395319
361,15,0.001299509132083841
362,17,0.0014727770163616863
363,19,0.0016460449006395319
364,18,0.0015594109585006092
365,14,0.001212875189944918
366,10,0.0008663394213892273
367,15,0.001299509132083841
368,17,0.0014727770163616863
369,12,0.0010396073056670727
370,12,0.0010396073056670727
371,12,0.0010396073056670727
372,9,0.0007797054792503046
373,10,0.0008663394213892273
374,12,0.0010396073056670727
375,12,0.0010396073056670727
376,9,0.0007797054792503046
377,8,0.0006930715371113818
378,14,0.001212875189944918
379,7,0.000606437594972459
380,14,0.001212875189944918
381,10,0.0008663394213892273
382,18,0.0015594109585006092
383,10,0.0008663394213892273
384,10,0.0008663394213892273
385,12,0.0010396073056670727
386,8,0.0006930715371113818
387,8,0.0006930715371113818
388,7,0.000606437594972459
389,6,0.0005198036528335364
390,9,0.0007797054792503046
391,14,0.001212875189944918
392,11,0.00095297336352815
393,16,0.0013861430742227636
394,14,0.001212875189944918
395,14,0.001212875189944918
396,10,0.0008663394213892273
397,13,0.0011262412478059954
398,9,0.0007797054792503046
399,11,0.00095297336352815
400,8,0.0006930715371113818
401,13,0.0011262412478059954
402,11,0.00095297336352815
403,13,0.0011262412478059954
404,6,0.0005198036528335364
405,10,0.0008663394213892273
406,11,0.00095297336352815
407,8,0.0006930715371113818
408,12,0.0010396073056670727
409,9,0.0007797054792503046
410,8,0.0006930715371113818
411,11,0.00095297336352815
412,14,0.001212875189944918
413,13,0.0011262412478059954
414,11,0.00095297336352815
415,10,0.0008663394213892273
416,9,0.0007797054792503046
417,8,0.0006930715371113818
418,17,0.0014727770163616863
419,11,0.00095297336352815
420,6,0.0005198036528335364
421,16,0.0013861430742227636
422,8,0.0006930715371113818
423,12,0.0010396073056670727
424,6,0.0005198036528335364
425,10,0.0008663394213892273
426,8,0.0006930715371113818
427,11,0.00095297336352815
428,12,0.0010396073056670727
429,18,0.0015594109585006092
430,5,0.00043316971069461363
431,10,0.0008663394213892273
432,9,0.0007797054792503046
433,5,0.00043316971069461363
434,6,0.0005198036528335364
435,9,0.0007797054792503046
436,9,0.0007797054792503046
437,9,0.0007797054792503046
438,13,0.0011262412478059954
439,7,0.000606437594972459
440,8,0.0006930715371113818
441,8,0.0006930715371113818
442,9,0.0007797054792503046
443,10,0.0008663394213892273
444,9,0.0007797054792503046
445,11,0.00095297336352815
446,11,0.00095297336352815
447,3,0.0002599018264167682
448,11,0.00095297336352815
449,6,0.0005198036528335364
450,7,0.000606437594972459
451,11,0.00095297336352815
452,5,0.00043316971069461363
453,7,0.000606437594972459
454,9,0.0007797054792503046
455,4,0.0003465357685556909
456,5,0.00043316971069461363
457,7,0.000606437594972459
458,10,0.0008663394213892273
459,6,0.0005198036528335364
460,8,0.0006930715371113818
461,6,0.0005198036528335364
462,5,0.00043316971069461363
463,13,0.0011262412478059954
464,3,0.0002599018264167682
465,13,0.0011262412478059954
466,3,0.0002599018264167682
467,8,0.0006930715371113818
468,9,0.0007797054792503046
469,9,0.0007797054792503046
470,9,0.0007797054792503046
471,10,0.0008663394213892273
472,7,0.000606437594972459
473,7,0.000606437594972459
474,9,0.0007797054792503046
475,2,0.00017326788427784545
476,9,0.0007797054792503046
477,8,0.0006930715371113818
478,10,0.0008663394213892273
479,10,0.0008663394213892273
480,5,0.00043316971069461363
481,5,0.00043316971069461363
482,7,0.000606437594972459
483,6,0.0005198036528335364
484,7,0.000606437594972459
485,5,0.00043316971069461363
486,4,0.0003465357685556909
487,7,0.000606437594972459
488,4,0.0003465357685556909
489,8,0.0006930715371113818
490,9,0.0007797054792503046
491,6,0.0005198036528335364
492,2,0.00017326788427784545
493,13,0.0011262412478059954
494,8,0.0006930715371113818
495,5,0.00043316971069461363
496,7,0.000606437594972459
497,5,0.00043316971069461363
498,4,0.0003465357685556909
499,5,0.00043316971069461363
500,6,0.0005198036528335364
501,5,0.00043316971069461363
502,5,0.00043316971069461363
503,6,0.0005198036528335364
504,4,0.0003465357685556909
505,5,0.00043316971069461363
506,3,0.0002599018264167682
507,3,0.0002599018264167682
508,1,8.663394213892273e-05
509,3,0.0002599018264167682
510,9,0.0007797054792503046
511,9,0.0007797054792503046
512,4,0.0003465357685556909
513,5,0.00043316971069461363
514,2,0.00017326788427784545
515,9,0.0007797054792503046
516,4,0.0003465357685556909
517,8,0.0006930715371113818
518,3,0.0002599018264167682
519,4,0.0003465357685556909
520,6,0.0005198036528335364
521,6,0.0005198036528335364
522,8,0.0006930715371113818
523,7,0.000606437594972459
524,7,0.000606437594972459
525,5,0.00043316971069461363
526,4,0.0003465357685556909
527,6,0.0005198036528335364
528,7,0.000606437594972459
529,4,0.0003465357685556909
530,6,0.0005198036528335364
531,5,0.00043316971069461363
532,2,0.00017326788427784545
533,2,0.00017326788427784545
534,4,0.0003465357685556909
535,4,0.0003465357685556909
536,1,8.663394213892273e-05
537,2,0.00017326788427784545
538,5,0.00043316971069461363
539,2,0.00017326788427784545
540,2,0.00017326788427784545
541,6,0.0005198036528335364
542,5,0.00043316971069461363
543,6,0.0005198036528335364
544,3,0.0002599018264167682
545,7,0.000606437594972459
546,6,0.0005198036528335364
547,2,0.00017326788427784545
548,3,0.0002599018264167682
549,4,0.0003465357685556909
550,2,0.00017326788427784545
551,5,0.00043316971069461363
552,5,0.00043316971069461363
553,6,0.0005198036528335364
554,2,0.00017326788427784545
555,5,0.00043316971069461363
556,6,0.0005198036528335364
557,1,8.663394213892273e-05
558,4,0.0003465357685556909
559,2,0.00017326788427784545
560,4,0.0003465357685556909
561,5,0.00043316971069461363
562,2,0.00017326788427784545
563,3,0.0002599018264167682
564,4,0.0003465357685556909
565,2,0.00017326788427784545
566,4,0.0003465357685556909
567,4,0.0003465357685556909
568,1,8.663394213892273e-05
569,3,0.0002599018264167682
570,5,0.00043316971069461363
571,3,0.0002599018264167682
572,8,0.0006930715371113818
573,3,0.0002599018264167682
574,5,0.00043316971069461363
575,4,0.0003465357685556909
576,2,0.00017326788427784545
577,3,0.0002599018264167682
578,2,0.00017326788427784545
579,3,0.0002599018264167682
580,3,0.0002599018264167682
581,7,0.000606437594972459
582,5,0.00043316971069461363
583,4,0.0003465357685556909
584,3,0.0002599018264167682
585,2,0.00017326788427784545
586,3,0.0002599018264167682
587,5,0.00043316971069461363
588,5,0.00043316971069461363
589,2,0.00017326788427784545
590,4,0.0003465357685556909
591,2,0.00017326788427784545
592,5,0.00043316971069461363
593,5,0.00043316971069461363
594,1,8.663394213892273e-05
595,7,0.000606437594972459
596,2,0.00017326788427784545
597,4,0.0003465357685556909
598,4,0.0003465357685556909
599,3,0.0002599018264167682
600,3,0.0002599018264167682
601,1,8.663394213892273e-05
602,3,0.0002599018264167682
603,6,0.0005198036528335364
604,6,0.0005198036528335364
605,4,0.0003465357685556909
606,5,0.00043316971069461363
607,4,0.0003465357685556909
608,2,0.00017326788427784545
609,4,0.0003465357685556909
610,4,0.0003465357685556909
611,5,0.00043316971069461363
612,3,0.0002599018264167682
613,3,0.0002599018264167682
614,4,0.0003465357685556909
615,1,8.663394213892273e-05
616,1,8.663394213892273e-05
617,5,0.00043316971069461363
618,3,0.0002599018264167682
619,3,0.0002599018264167682
620,1,8.663394213892273e-05
621,5,0.00043316971069461363
622,2,0.00017326788427784545
623,5,0.00043316971069461363
625,2,0.00017326788427784545
626,4,0.0003465357685556909
627,6,0.0005198036528335364
628,4,0.0003465357685556909
629,4,0.0003465357685556909
630,3,0.0002599018264167682
631,2,0.00017326788427784545
632,6,0.0005198036528335364
633,2,0.00017326788427784545
634,2,0.00017326788427784545
635,2,0.00017326788427784545
636,2,0.00017326788427784545
637,2,0.00017326788427784545
638,4,0.0003465357685556909
639,3,0.0002599018264167682
640,4,0.0003465357685556909
641,5,0.00043316971069461363
642,3,0.0002599018264167682
643,3,0.0002599018264167682
644,5,0.00043316971069461363
645,4,0.0003465357685556909
646,3,0.0002599018264167682
647,2,0.00017326788427784545
648,2,0.00017326788427784545
649,2,0.00017326788427784545
650,2,0.00017326788427784545
651,3,0.0002599018264167682
652,2,0.00017326788427784545
653,3,0.0002599018264167682
654,1,8.663394213892273e-05
656,2,0.00017326788427784545
657,2,0.00017326788427784545
658,4,0.0003465357685556909
659,4,0.0003465357685556909
660,4,0.0003465357685556909
661,1,8.663394213892273e-05
664,2,0.00017326788427784545
665,2,0.00017326788427784545
666,4,0.0003465357685556909
667,2,0.00017326788427784545
668,4,0.0003465357685556909
669,4,0.0003465357685556909
670,2,0.00017326788427784545
671,1,8.663394213892273e-05
672,7,0.000606437594972459
673,2,0.00017326788427784545
674,3,0.0002599018264167682
675,3,0.0002599018264167682
676,1,8.663394213892273e-05
677,1,8.663394213892273e-05
678,3,0.0002599018264167682
679,6,0.0005198036528335364
680,2,0.00017326788427784545
681,2,0.00017326788427784545
682,4,0.0003465357685556909
683,2,0.00017326788427784545
684,2,0.00017326788427784545
685,2,0.00017326788427784545
686,3,0.0002599018264167682
688,1,8.663394213892273e-05
690,5,0.00043316971069461363
691,2,0.00017326788427784545
692,2,0.00017326788427784545
693,1,8.663394213892273e-05
694,1,8.663394213892273e-05
695,3,0.0002599018264167682
696,2,0.00017326788427784545
697,2,0.00017326788427784545
698,5,0.00043316971069461363
699,5,0.00043316971069461363
700,3,0.0002599018264167682
701,4,0.0003465357685556909
702,1,8.663394213892273e-05
703,1,8.663394213892273e-05
704,3,0.0002599018264167682
705,2,0.00017326788427784545
707,1,8.663394213892273e-05
708,1,8.663394213892273e-05
709,2,0.00017326788427784545
710,1,8.663394213892273e-05
711,4,0.0003465357685556909
712,1,8.663394213892273e-05
713,4,0.0003465357685556909
714,4,0.0003465357685556909
715,2,0.00017326788427784545
716,3,0.0002599018264167682
719,3,0.0002599018264167682
720,1,8.663394213892273e-05
721,1,8.663394213892273e-05
722,1,8.663394213892273e-05
723,1,8.663394213892273e-05
725,2,0.00017326788427784545
726,2,0.00017326788427784545
728,5,0.00043316971069461363
729,5,0.00043316971069461363
731,1,8.663394213892273e-05
732,2,0.00017326788427784545
733,3,0.0002599018264167682
734,3,0.0002599018264167682
735,1,8.663394213892273e-05
737,2,0.00017326788427784545
738,6,0.0005198036528335364
739,4,0.0003465357685556909
740,2,0.00017326788427784545
741,2,0.00017326788427784545
742,5,0.00043316971069461363
743,1,8.663394213892273e-05
746,2,0.00017326788427784545
747,4,0.0003465357685556909
748,3,0.0002599018264167682
749,1,8.663394213892273e-05
751,2,0.00017326788427784545
752,4,0.0003465357685556909
754,1,8.663394213892273e-05
755,1,8.663394213892273e-05
756,1,8.663394213892273e-05
757,5,0.00043316971069461363
758,1,8.663394213892273e-05
759,2,0.00017326788427784545
761,4,0.0003465357685556909
762,4,0.0003465357685556909
764,2,0.00017326788427784545
766,1,8.663394213892273e-05
768,1,8.663394213892273e-05
769,1,8.663394213892273e-05
770,1,8.663394213892273e-05
771,2,0.00017326788427784545
772,2,0.00017326788427784545
773,3,0.0002599018264167682
774,2,0.00017326788427784545
776,4,0.0003465357685556909
777,4,0.0003465357685556909
778,1,8.663394213892273e-05
779,2,0.00017326788427784545
780,1,8.663394213892273e-05
781,2,0.00017326788427784545
782,2,0.00017326788427784545
783,1,8.663394213892273e-05
787,2,0.00017326788427784545
790,2,0.00017326788427784545
791,4,0.0003465357685556909
792,4,0.0003465357685556909
795,2,0.00017326788427784545
796,4,0.0003465357685556909
797,1,8.663394213892273e-05
798,1,8.663394213892273e-05
799,1,8.663394213892273e-05
800,1,8.663394213892273e-05
801,1,8.663394213892273e-05
802,1,8.663394213892273e-05
803,1,8.663394213892273e-05
804,1,8.663394213892273e-05
805,1,8.663394213892273e-05
806,1,8.663394213892273e-05
807,2,0.00017326788427784545
808,1,8.663394213892273e-05
809,1,8.663394213892273e-05
813,1,8.663394213892273e-05
814,1,8.663394213892273e-05
815,1,8.663394213892273e-05
818,2,0.00017326788427784545
819,4,0.0003465357685556909
821,1,8.663394213892273e-05
822,1,8.663394213892273e-05
824,3,0.0002599018264167682
828,1,8.663394213892273e-05
829,1,8.663394213892273e-05
830,1,8.663394213892273e-05
831,1,8.663394213892273e-05
832,1,8.663394213892273e-05
833,1,8.663394213892273e-05
834,1,8.663394213892273e-05
835,1,8.663394213892273e-05
836,1,8.663394213892273e-05
837,2,0.00017326788427784545
838,3,0.0002599018264167682
840,1,8.663394213892273e-05
841,1,8.663394213892273e-05
842,3,0.0002599018264167682
843,3,0.0002599018264167682
844,1,8.663394213892273e-05
845,2,0.00017326788427784545
846,2,0.00017326788427784545
848,1,8.663394213892273e-05
849,1,8.663394213892273e-05
850,1,8.663394213892273e-05
852,1,8.663394213892273e-05
855,1,8.663394213892273e-05
858,4,0.0003465357685556909
859,1,8.663394213892273e-05
861,1,8.663394213892273e-05
862,1,8.663394213892273e-05
865,1,8.663394213892273e-05
867,1,8.663394213892273e-05
868,2,0.00017326788427784545
870,1,8.663394213892273e-05
871,1,8.663394213892273e-05
872,1,8.663394213892273e-05
873,2,0.00017326788427784545
875,3,0.0002599018264167682
876,2,0.00017326788427784545
880,1,8.663394213892273e-05
881,2,0.00017326788427784545
882,2,0.00017326788427784545
883,1,8.663394213892273e-05
885,3,0.0002599018264167682
886,1,8.663394213892273e-05
887,1,8.663394213892273e-05
888,1,8.663394213892273e-05
889,1,8.663394213892273e-05
890,4,0.0003465357685556909
891,1,8.663394213892273e-05
892,2,0.00017326788427784545
893,3,0.0002599018264167682
895,1,8.663394213892273e-05
896,2,0.00017326788427784545
898,2,0.00017326788427784545
899,2,0.00017326788427784545
900,4,0.0003465357685556909
902,4,0.0003465357685556909
903,1,8.663394213892273e-05
904,2,0.00017326788427784545
905,2,0.00017326788427784545
906,2,0.00017326788427784545
907,4,0.0003465357685556909
908,3,0.0002599018264167682
911,1,8.663394213892273e-05
912,1,8.663394213892273e-05
913,1,8.663394213892273e-05
915,2,0.00017326788427784545
916,2,0.00017326788427784545
917,1,8.663394213892273e-05
919,1,8.663394213892273e-05
920,2,0.00017326788427784545
921,1,8.663394213892273e-05
922,2,0.00017326788427784545
923,4,0.0003465357685556909
926,1,8.663394213892273e-05
927,2,0.00017326788427784545
928,4,0.0003465357685556909
929,2,0.00017326788427784545
930,1,8.663394213892273e-05
931,1,8.663394213892273e-05
932,2,0.00017326788427784545
935,2,0.00017326788427784545
936,2,0.00017326788427784545
938,1,8.663394213892273e-05
940,3,0.0002599018264167682
943,1,8.663394213892273e-05
945,1,8.663394213892273e-05
946,1,8.663394213892273e-05
948,1,8.663394213892273e-05
949,1,8.663394213892273e-05
950,2,0.00017326788427784545
951,1,8.663394213892273e-05
953,2,0.00017326788427784545
954,1,8.663394213892273e-05
955,1,8.663394213892273e-05
956,3,0.0002599018264167682
957,1,8.663394213892273e-05
959,2,0.00017326788427784545
960,2,0.00017326788427784545
961,1,8.663394213892273e-05
962,2,0.00017326788427784545
963,2,0.00017326788427784545
964,1,8.663394213892273e-05
965,1,8.663394213892273e-05
967,1,8.663394213892273e-05
969,2,0.00017326788427784545
970,2,0.00017326788427784545
975,1,8.663394213892273e-05
976,1,8.663394213892273e-05
978,1,8.663394213892273e-05
980,1,8.663394213892273e-05
982,1,8.663394213892273e-05
983,1,8.663394213892273e-05
987,2,0.00017326788427784545
988,2,0.00017326788427784545
989,2,0.00017326788427784545
990,2,0.00017326788427784545
991,1,8.663394213892273e-05
993,2,0.00017326788427784545
994,1,8.663394213892273e-05
995,1,8.663394213892273e-05
996,3,0.0002599018264167682
997,3,0.0002599018264167682
998,1,8.663394213892273e-05
999,1,8.663394213892273e-05
1000,1,8.663394213892273e-05
1002,2,0.00017326788427784545
1003,2,0.00017326788427784545
1004,3,0.0002599018264167682
1009,2,0.00017326788427784545
1010,1,8.663394213892273e-05
1012,1,8.663394213892273e-05
1013,4,0.0003465357685556909
1015,1,8.663394213892273e-05
1016,3,0.0002599018264167682
1018,1,8.663394213892273e-05
1019,3,0.0002599018264167682
1020,2,0.00017326788427784545
1022,2,0.00017326788427784545
1024,2,0.00017326788427784545
1026,1,8.663394213892273e-05
1027,2,0.00017326788427784545
1028,1,8.663394213892273e-05
1030,2,0.00017326788427784545
1031,3,0.0002599018264167682
1032,1,8.663394213892273e-05
1036,2,0.00017326788427784545
1037,2,0.00017326788427784545
1039,1,8.663394213892273e-05
1040,1,8.663394213892273e-05
1041,2,0.00017326788427784545
1043,1,8.663394213892273e-05
1044,1,8.663394213892273e-05
1045,2,0.00017326788427784545
1047,1,8.663394213892273e-05
1050,1,8.663394213892273e-05
1051,2,0.00017326788427784545
1052,1,8.663394213892273e-05
1056,1,8.663394213892273e-05
1057,1,8.663394213892273e-05
1058,1,8.663394213892273e-05
1059,1,8.663394213892273e-05
1060,1,8.663394213892273e-05
1062,1,8.663394213892273e-05
1063,2,0.00017326788427784545
1065,1,8.663394213892273e-05
1067,3,0.0002599018264167682
1068,1,8.663394213892273e-05
1069,1,8.663394213892273e-05
1071,1,8.663394213892273e-05
1073,1,8.663394213892273e-05
1075,1,8.663394213892273e-05
1078,2,0.00017326788427784545
1080,1,8.663394213892273e-05
1081,2,0.00017326788427784545
1085,1,8.663394213892273e-05
1088,1,8.663394213892273e-05
1092,1,8.663394213892273e-05
1093,1,8.663394213892273e-05
1094,1,8.663394213892273e-05
1097,3,0.0002599018264167682
1100,2,0.00017326788427784545
1105,1,8.663394213892273e-05
1106,1,8.663394213892273e-05
1107,3,0.0002599018264167682
1110,1,8.663394213892273e-05
1114,1,8.663394213892273e-05
1116,1,8.663394213892273e-05
1117,2,0.00017326788427784545
1118,1,8.663394213892273e-05
1121,2,0.00017326788427784545
1123,2,0.00017326788427784545
1124,1,8.663394213892273e-05
1127,1,8.663394213892273e-05
1130,2,0.00017326788427784545
1132,2,0.00017326788427784545
1133,1,8.663394213892273e-05
1137,1,8.663394213892273e-05
1138,1,8.663394213892273e-05
1141,2,0.00017326788427784545
1142,1,8.663394213892273e-05
1143,2,0.00017326788427784545
1146,2,0.00017326788427784545
1147,1,8.663394213892273e-05
1148,2,0.00017326788427784545
1149,1,8.663394213892273e-05
1151,1,8.663394213892273e-05
1153,1,8.663394213892273e-05
1155,1,8.663394213892273e-05
1156,1,8.663394213892273e-05
1161,2,0.00017326788427784545
1162,1,8.663394213892273e-05
1163,1,8.663394213892273e-05
1164,1,8.663394213892273e-05
1169,1,8.663394213892273e-05
1172,1,8.663394213892273e-05
1173,1,8.663394213892273e-05
1179,1,8.663394213892273e-05
1180,2,0.00017326788427784545
1181,2,0.00017326788427784545
1184,1,8.663394213892273e-05
1185,1,8.663394213892273e-05
1186,1,8.663394213892273e-05
1189,1,8.663394213892273e-05
1191,1,8.663394213892273e-05
1195,1,8.663394213892273e-05
1196,1,8.663394213892273e-05
1198,1,8.663394213892273e-05
1199,1,8.663394213892273e-05
1205,1,8.663394213892273e-05
1206,1,8.663394213892273e-05
1207,1,8.663394213892273e-05
1209,1,8.663394213892273e-05
1210,1,8.663394213892273e-05
1211,1,8.663394213892273e-05
1212,1,8.663394213892273e-05
1213,1,8.663394213892273e-05
1214,1,8.663394213892273e-05
1217,1,8.663394213892273e-05
1218,2,0.00017326788427784545
1222,1,8.663394213892273e-05
1223,2,0.00017326788427784545
1224,2,0.00017326788427784545
1225,1,8.663394213892273e-05
1226,2,0.00017326788427784545
1228,1,8.663394213892273e-05
1229,1,8.663394213892273e-05
1232,1,8.663394213892273e-05
1234,1,8.663394213892273e-05
1237,1,8.663394213892273e-05
1238,3,0.0002599018264167682
1240,1,8.663394213892273e-05
1244,2,0.00017326788427784545
1246,1,8.663394213892273e-05
1248,1,8.663394213892273e-05
1249,2,0.00017326788427784545
1253,1,8.663394213892273e-05
1260,1,8.663394213892273e-05
1261,2,0.00017326788427784545
1266,1,8.663394213892273e-05
1268,1,8.663394213892273e-05
1269,2,0.00017326788427784545
1274,1,8.663394213892273e-05
1279,1,8.663394213892273e-05
1280,1,8.663394213892273e-05
1284,1,8.663394213892273e-05
1288,1,8.663394213892273e-05
1290,2,0.00017326788427784545
1294,2,0.00017326788427784545
1295,1,8.663394213892273e-05
1296,1,8.663394213892273e-05
1299,1,8.663394213892273e-05
1300,1,8.663394213892273e-05
1305,1,8.663394213892273e-05
1308,1,8.663394213892273e-05
1309,1,8.663394213892273e-05
1316,1,8.663394213892273e-05
1319,1,8.663394213892273e-05
1320,1,8.663394213892273e-05
1322,1,8.663394213892273e-05
1324,1,8.663394213892273e-05
1327,1,8.663394213892273e-05
1330,2,0.00017326788427784545
1331,2,0.00017326788427784545
1333,2,0.00017326788427784545
1334,1,8.663394213892273e-05
1337,1,8.663394213892273e-05
1339,1,8.663394213892273e-05
1352,1,8.663394213892273e-05
1353,1,8.663394213892273e-05
1355,1,8.663394213892273e-05
1357,2,0.00017326788427784545
1361,1,8.663394213892273e-05
1369,1,8.663394213892273e-05
1378,1,8.663394213892273e-05
1380,1,8.663394213892273e-05
1384,1,8.663394213892273e-05
1387,1,8.663394213892273e-05
1388,2,0.00017326788427784545
1389,1,8.663394213892273e-05
1390,1,8.663394213892273e-05
1394,1,8.663394213892273e-05
1403,1,8.663394213892273e-05
1409,2,0.00017326788427784545
1414,1,8.663394213892273e-05
1418,2,0.00017326788427784545
1427,1,8.663394213892273e-05
1429,4,0.0003465357685556909
1433,2,0.00017326788427784545
1435,1,8.663394213892273e-05
1439,1,8.663394213892273e-05
1444,1,8.663394213892273e-05
1445,1,8.663394213892273e-05
1446,1,8.663394213892273e-05
1458,1,8.663394213892273e-05
1460,1,8.663394213892273e-05
1470,1,8.663394213892273e-05
1474,1,8.663394213892273e-05
1475,1,8.663394213892273e-05
1477,1,8.663394213892273e-05
1478,1,8.663394213892273e-05
1481,1,8.663394213892273e-05
1485,1,8.663394213892273e-05
1499,2,0.00017326788427784545
1502,1,8.663394213892273e-05
1503,1,8.663394213892273e-05
1509,2,0.00017326788427784545
1520,1,8.663394213892273e-05
1531,1,8.663394213892273e-05
1532,1,8.663394213892273e-05
1535,1,8.663394213892273e-05
1541,1,8.663394213892273e-05
1543,1,8.663394213892273e-05
1550,3,0.0002599018264167682
1553,1,8.663394213892273e-05
1556,1,8.663394213892273e-05
1558,1,8.663394213892273e-05
1559,2,0.00017326788427784545
1564,1,8.663394213892273e-05
1582,1,8.663394213892273e-05
1583,1,8.663394213892273e-05
1585,1,8.663394213892273e-05
1590,1,8.663394213892273e-05
1593,2,0.00017326788427784545
1596,1,8.663394213892273e-05
1605,1,8.663394213892273e-05
1607,2,0.00017326788427784545
1608,1,8.663394213892273e-05
1613,1,8.663394213892273e-05
1618,1,8.663394213892273e-05
1620,1,8.663394213892273e-05
1630,1,8.663394213892273e-05
1634,1,8.663394213892273e-05
1641,1,8.663394213892273e-05
1647,1,8.663394213892273e-05
1655,1,8.663394213892273e-05
1657,1,8.663394213892273e-05
1665,1,8.663394213892273e-05
1669,1,8.663394213892273e-05
1670,1,8.663394213892273e-05
1681,1,8.663394213892273e-05
1687,1,8.663394213892273e-05
1688,1,8.663394213892273e-05
1689,1,8.663394213892273e-05
1694,2,0.00017326788427784545
1695,1,8.663394213892273e-05
1700,1,8.663394213892273e-05
1702,1,8.663394213892273e-05
1704,1,8.663394213892273e-05
1705,1,8.663394213892273e-05
1710,2,0.00017326788427784545
1722,1,8.663394213892273e-05
1728,1,8.663394213892273e-05
1730,1,8.663394213892273e-05
1737,1,8.663394213892273e-05
1738,1,8.663394213892273e-05
1742,1,8.663394213892273e-05
1747,1,8.663394213892273e-05
1749,1,8.663394213892273e-05
1758,1,8.663394213892273e-05
1764,1,8.663394213892273e-05
1767,1,8.663394213892273e-05
1770,1,8.663394213892273e-05
1775,1,8.663394213892273e-05
1785,1,8.663394213892273e-05
1790,1,8.663394213892273e-05
1796,1,8.663394213892273e-05
1815,1,8.663394213892273e-05
1818,1,8.663394213892273e-05
1819,1,8.663394213892273e-05
1845,1,8.663394213892273e-05
1849,1,8.663394213892273e-05
1867,1,8.663394213892273e-05
1878,1,8.663394213892273e-05
1879,1,8.663394213892273e-05
1886,2,0.00017326788427784545
1890,1,8.663394213892273e-05
1893,1,8.663394213892273e-05
1894,1,8.663394213892273e-05
1896,1,8.663394213892273e-05
1914,1,8.663394213892273e-05
1915,1,8.663394213892273e-05
1918,1,8.663394213892273e-05
1924,1,8.663394213892273e-05
1927,1,8.663394213892273e-05
1946,1,8.663394213892273e-05
1955,1,8.663394213892273e-05
1959,1,8.663394213892273e-05
1964,1,8.663394213892273e-05
1966,1,8.663394213892273e-05
1967,1,8.663394213892273e-05
1975,1,8.663394213892273e-05
1980,1,8.663394213892273e-05
1988,1,8.663394213892273e-05
1989,1,8.663394213892273e-05
1995,1,8.663394213892273e-05
2016,1,8.663394213892273e-05
2022,1,8.663394213892273e-05
2023,1,8.663394213892273e-05
2052,1,8.663394213892273e-05
2055,1,8.663394213892273e-05
2056,1,8.663394213892273e-05
2064,1,8.663394213892273e-05
2067,1,8.663394213892273e-05
2068,1,8.663394213892273e-05
2069,1,8.663394213892273e-05
2070,1,8.663394213892273e-05
2119,1,8.663394213892273e-05
2133,1,8.663394213892273e-05
2137,1,8.663394213892273e-05
2141,1,8.663394213892273e-05
2169,1,8.663394213892273e-05
2170,1,8.663394213892273e-05
2172,1,8.663394213892273e-05
2218,1,8.663394213892273e-05
2234,1,8.663394213892273e-05
2250,1,8.663394213892273e-05
2252,1,8.663394213892273e-05
2254,1,8.663394213892273e-05
2268,1,8.663394213892273e-05
2285,1,8.663394213892273e-05
2288,1,8.663394213892273e-05
2290,1,8.663394213892273e-05
2294,1,8.663394213892273e-05
2301,1,8.663394213892273e-05
2328,1,8.663394213892273e-05
2352,1,8.663394213892273e-05
2361,1,8.663394213892273e-05
2363,1,8.663394213892273e-05
2391,1,8.663394213892273e-05
2427,1,8.663394213892273e-05
2436,1,8.663394213892273e-05
2439,1,8.663394213892273e-05
2455,1,8.663394213892273e-05
2472,1,8.663394213892273e-05
2480,1,8.663394213892273e-05
2502,1,8.663394213892273e-05
2503,1,8.663394213892273e-05
2506,1,8.663394213892273e-05
2511,1,8.663394213892273e-05
2517,1,8.663394213892273e-05
2532,1,8.663394213892273e-05
2579,1,8.663394213892273e-05
2584,1,8.663394213892273e-05
2661,1,8.663394213892273e-05
2695,2,0.00017326788427784545
2715,1,8.663394213892273e-05
2746,1,8.663394213892273e-05
2751,1,8.663394213892273e-05
2778,1,8.663394213892273e-05
2797,1,8.663394213892273e-05
2801,1,8.663394213892273e-05
2806,1,8.663394213892273e-05
2829,1,8.663394213892273e-05
2832,1,8.663394213892273e-05
2834,1,8.663394213892273e-05
2882,1,8.663394213892273e-05
2899,1,8.663394213892273e-05
2943,1,8.663394213892273e-05
2976,1,8.663394213892273e-05
2988,1,8.663394213892273e-05
3021,1,8.663394213892273e-05
3070,1,8.663394213892273e-05
3089,1,8.663394213892273e-05
3134,1,8.663394213892273e-05
3192,1,8.663394213892273e-05
3229,1,8.663394213892273e-05
3241,1,8.663394213892273e-05
3262,1,8.663394213892273e-05
3355,1,8.663394213892273e-05
3405,1,8.663394213892273e-05
3436,1,8.663394213892273e-05
3467,1,8.663394213892273e-05
3477,1,8.663394213892273e-05
3508,1,8.663394213892273e-05
3576,1,8.663394213892273e-05
3677,1,8.663394213892273e-05
3703,1,8.663394213892273e-05
3708,1,8.663394213892273e-05
3726,1,8.663394213892273e-05
3758,1,8.663394213892273e-05
3795,1,8.663394213892273e-05
3818,1,8.663394213892273e-05
3944,1,8.663394213892273e-05
3965,1,8.663394213892273e-05
3970,1,8.663394213892273e-05
4093,1,8.663394213892273e-05
4226,1,8.663394213892273e-05
4255,1,8.663394213892273e-05
4257,1,8.663394213892273e-05
4260,1,8.663394213892273e-05
4347,1,8.663394213892273e-05
4364,1,8.663394213892273e-05
4484,1,8.663394213892273e-05
4617,1,8.663394213892273e-05
4621,1,8.663394213892273e-05
4692,1,8.663394213892273e-05
5014,1,8.663394213892273e-05
5034,1,8.663394213892273e-05
5054,1,8.663394213892273e-05
5212,1,8.663394213892273e-05
5219,1,8.663394213892273e-05
5256,1,8.663394213892273e-05
5440,1,8.663394213892273e-05
5458,1,8.663394213892273e-05
5552,1,8.663394213892273e-05
5553,1,8.663394213892273e-05
5873,1,8.663394213892273e-05
6141,1,8.663394213892273e-05
6285,1,8.663394213892273e-05
6342,1,8.663394213892273e-05
6707,1,8.663394213892273e-05
7577,1,8.663394213892273e-05
8074,1,8.663394213892273e-05
9486,1,8.663394213892273e-05
9805,1,8.663394213892273e-05
9948,1,8.663394213892273e-05
10221,1,8.663394213892273e-05
10246,1,8.663394213892273e-05
13101,1,8.663394213892273e-05
13384,1,8.663394213892273e-05
13480,1,8.663394213892273e-05
14273,1,8.663394213892273e-05
15043,1,8.663394213892273e-05
18745,1,8.663394213892273e-05
20939,1,8.663394213892273e-05
21517,1,8.663394213892273e-05
21712,1,8.663394213892273e-05
29765,1,8.663394213892273e-05
34188,1,8.663394213892273e-05
34877,1,8.663394213892273e-05
39225,1,8.663394213892273e-05
57855,1,8.663394213892273e-05
102554,1,8.663394213892273e-05
231497,1,8.663394213892273e-05
372968,1,8.663394213892273e-05
31642781,1,8.663394213892273e-05
